EEG,Heart,Label
2.75,74,A
3.9,70,A
197.0,89,B
157.0,84,B
5.46,75,C
3.2,73,A
4.31,80,C
2.31,70,A
164.0,89,B
165.0,89,B
157.0,86,B
4.12,70,C
5.73,77,C
178.0,90,B
195.0,90,B
198.0,87,B
160.0,84,B
5.2,75,C
3.42,70,A
2.04,71,A
161.0,88,B
5.94,79,C
3.66,80,A
2.42,73,A
2.36,77,A
2.37,77,A
2.61,76,A
3.05,76,A
4.86,78,C
4.58,76,C
3.22,75,A
2.28,78,A
2.58,77,A
174.0,90,B
163.0,88,B
156.0,89,B
4.73,78,C
4.91,80,C
5.57,72,C
2.4,73,A
3.03,72,A
3.18,76,A
151.0,86,B
150.0,80,B
166.0,89,B
186.0,86,B
4.09,78,C
5.22,75,C
4.34,76,C
2.13,72,A
168.0,83,B
191.0,89,B
159.0,89,B
170.0,84,B
162.0,83,B
152.0,82,B
5.9,76,C
5.93,73,C
5.62,74,C
4.61,78,C
4.2,76,C
5.37,73,C
2.88,76,A
4.24,75,C
2.99,75,A
2.07,71,A
178.0,89,B
5.82,80,C
4.52,73,C
3.33,78,A
155.0,87,B
187.0,81,B
4.62,73,C
5.04,70,C
5.09,75,C
198.0,88,B
4.37,70,C
5.94,78,C
3.55,79,A
197.0,80,B
181.0,87,B
164.0,88,B
169.0,87,B
185.0,81,B
5.88,74,C
5.79,70,C
167.0,87,B
161.0,90,B
193.0,81,B
155.0,80,B
5.2,75,C
5.84,75,C
4.18,77,C
181.0,85,B
4.39,79,C
4.09,79,C
4.65,80,C
2.78,74,A
163.0,86,B
4.54,72,C
3.66,73,A
2.71,70,A
198.0,80,B
4.56,74,C
5.09,70,C
2.28,79,A
3.6,73,A
177.0,85,B
180.0,90,B
4.15,73,C
5.97,75,C
3.54,73,A
2.4,73,A
2.01,73,A
3.63,70,A
194.0,87,B
153.0,87,B
161.0,85,B
5.41,73,C
5.46,79,C
5.54,72,C
2.15,74,A
178.0,90,B
182.0,82,B
4.72,70,C
2.23,75,A
185.0,87,B
183.0,83,B
169.0,87,B
157.0,81,B
5.73,80,C
5.25,80,C
4.66,73,C
4.13,71,C
2.62,73,A
2.65,80,A
3.46,80,A
3.28,72,A
151.0,84,B
198.0,87,B
185.0,83,B
5.77,75,C
4.94,72,C
2.24,80,A
3.43,71,A
164.0,88,B
5.52,75,C
5.12,78,C
3.54,75,A
151.0,81,B
4.99,72,C
5.05,74,C
4.86,76,C
4.05,75,C
2.22,74,A
166.0,83,B
153.0,84,B
4.06,75,C
3.27,79,A
2.63,77,A
3.02,75,A
5.82,74,C
4.5,73,C
2.82,70,A
193.0,81,B
164.0,81,B
5.51,80,C
4.46,72,C
2.15,74,A
4.58,80,C
4.32,70,C
5.86,71,C
5.62,70,C
5.27,70,C
3.74,76,A
3.61,74,A
198.0,85,B
4.37,70,C
5.79,74,C
5.08,76,C
3.61,74,A
5.79,74,C
4.64,75,C
2.22,74,A
2.46,73,A
2.85,80,A
5.64,72,C
5.72,75,C
2.01,78,A
3.02,77,A
157.0,82,B
193.0,83,B
4.83,70,C
2.44,70,A
2.24,73,A
2.68,73,A
3.89,73,A
177.0,84,B
4.65,80,C
5.04,75,C
5.41,75,C
4.73,74,C
5.94,70,C
3.92,77,A
2.5,71,A
178.0,80,B
4.99,80,C
4.6,71,C
2.57,78,A
2.07,80,A
5.22,75,C
5.01,74,C
2.1,71,A
187.0,82,B
174.0,89,B
4.56,70,C
183.0,80,B
156.0,89,B
181.0,82,B
5.82,73,C
2.48,78,A
4.29,72,C
165.0,82,B
193.0,90,B
198.0,88,B
4.98,73,C
5.97,72,C
4.48,76,C
190.0,86,B
152.0,84,B
5.34,76,C
5.52,73,C
2.48,73,A
159.0,85,B
5.46,78,C
4.74,78,C
3.26,76,A
3.27,74,A
3.07,80,A
159.0,89,B
185.0,86,B
4.18,70,C
5.67,76,C
4.64,78,C
157.0,82,B
4.37,80,C
4.08,79,C
3.18,70,A
177.0,81,B
5.36,76,C
2.03,79,A
3.02,76,A
2.45,77,A
5.29,77,C
4.35,70,C
5.38,78,C
2.77,78,A
3.87,70,A
171.0,81,B
2.28,80,A
2.68,79,A
2.23,78,A
157.0,85,B
156.0,80,B
5.85,76,C
5.75,73,C
4.52,72,C
194.0,86,B
154.0,87,B
5.32,79,C
5.63,76,C
5.11,77,C
5.06,76,C
158.0,87,B
4.48,73,C
4.19,79,C
5.79,74,C
3.8,80,A
169.0,90,B
195.0,80,B
151.0,90,B
5.27,76,C
2.68,75,A
2.7,71,A
3.45,78,A
5.79,79,C
3.77,79,A
3.56,70,A
177.0,82,B
5.28,80,C
4.17,75,C
4.32,72,C
3.8,70,A
3.21,73,A
152.0,80,B
185.0,87,B
163.0,84,B
4.02,79,C
4.2,72,C
5.33,75,C
2.01,77,A
193.0,82,B
167.0,84,B
183.0,85,B
156.0,83,B
4.32,76,C
5.1,80,C
5.38,80,C
3.3,74,A
2.45,72,A
183.0,84,B
200.0,86,B
5.42,75,C
4.47,78,C
4.65,72,C
5.49,70,C
3.3,72,A
182.0,88,B
184.0,81,B
5.7,72,C
5.32,80,C
5.14,79,C
2.19,74,A
156.0,87,B
151.0,89,B
174.0,89,B
155.0,85,B
4.74,75,C
4.53,73,C
2.49,79,A
164.0,84,B
5.95,72,C
4.79,80,C
5.78,76,C
3.26,79,A
160.0,83,B
184.0,86,B
169.0,81,B
5.59,75,C
5.01,71,C
5.15,77,C
2.99,79,A
169.0,84,B
176.0,90,B
4.39,76,C
5.44,70,C
2.56,72,A
2.05,74,A
5.29,80,C
4.35,70,C
3.88,74,A
3.91,77,A
178.0,82,B
5.83,74,C
4.74,77,C
4.03,72,C
5.86,76,C
4.86,74,C
5.93,76,C
3.93,80,A
3.71,72,A
182.0,82,B
159.0,88,B
4.59,73,C
4.77,74,C
5.7,70,C
4.63,76,C
4.34,79,C
3.11,78,A
3.87,80,A
189.0,88,B
200.0,90,B
5.39,72,C
3.14,80,A
155.0,89,B
4.19,80,C
5.23,70,C
5.98,73,C
2.28,73,A
3.04,80,A
3.75,78,A
5.48,70,C
5.39,77,C
5.4,71,C
4.72,76,C
4.59,74,C
3.62,80,A
3.62,78,A
150.0,81,B
5.73,76,C
5.83,70,C
5.02,71,C
5.0,78,C
5.6,72,C
5.3,75,C
5.4,73,C
3.59,77,A
3.78,78,A
172.0,85,B
4.68,78,C
4.75,75,C
4.19,70,C
3.16,73,A
2.07,72,A
4.93,74,C
5.09,71,C
4.57,79,C
169.0,82,B
155.0,87,B
161.0,82,B
158.0,83,B
5.18,76,C
4.06,79,C
2.07,78,A
3.65,75,A
4.72,79,C
197.0,83,B
186.0,84,B
159.0,80,B
185.0,88,B
4.25,80,C
5.04,80,C
5.54,70,C
4.43,74,C
186.0,83,B
5.25,71,C
4.17,72,C
4.1,74,C
3.06,74,A
3.08,78,A
168.0,89,B
179.0,86,B
150.0,84,B
159.0,89,B
162.0,82,B
168.0,90,B
5.27,71,C
5.45,76,C
3.95,76,A
3.03,75,A
2.65,77,A
166.0,83,B
5.59,77,C
167.0,85,B
191.0,89,B
4.54,77,C
4.88,79,C
2.16,71,A
183.0,90,B
197.0,84,B
4.05,80,C
158.0,85,B
5.93,73,C
5.67,79,C
5.39,76,C
194.0,81,B
166.0,88,B
190.0,88,B
4.82,75,C
4.35,77,C
164.0,81,B
167.0,88,B
4.31,70,C
2.5,75,A
170.0,83,B
5.1,76,C
3.43,75,A
3.32,80,A
2.56,79,A
165.0,80,B
191.0,86,B
5.91,76,C
5.48,71,C
3.11,76,A
5.22,75,C
187.0,84,B
4.84,72,C
4.5,74,C
4.71,75,C
3.52,70,A
186.0,86,B
184.0,82,B
4.03,70,C
179.0,89,B
160.0,82,B
150.0,90,B
2.23,71,A
180.0,85,B
185.0,82,B
4.09,71,C
4.08,79,C
5.71,70,C
3.41,72,A
4.95,80,C
4.2,74,C
2.98,80,A
192.0,89,B
192.0,86,B
4.95,75,C
2.35,80,A
2.87,80,A
162.0,88,B
4.8,71,C
5.23,71,C
5.27,76,C
197.0,84,B
4.09,72,C
4.75,78,C
3.25,80,A
187.0,90,B
180.0,90,B
5.01,70,C
5.71,76,C
3.32,74,A
4.33,72,C
194.0,84,B
177.0,87,B
4.14,78,C
5.28,78,C
4.05,80,C
3.17,71,A
5.88,79,C
5.15,78,C
2.78,75,A
5.29,77,C
165.0,80,B
189.0,89,B
4.92,74,C
5.09,77,C
5.88,75,C
2.77,71,A
3.92,71,A
186.0,87,B
151.0,82,B
163.0,81,B
195.0,86,B
5.81,79,C
4.39,77,C
4.14,70,C
4.2,71,C
2.04,79,A
2.19,75,A
166.0,85,B
5.37,79,C
4.14,75,C
4.64,70,C
5.69,78,C
2.05,72,A
3.63,80,A
2.56,76,A
169.0,80,B
187.0,84,B
4.24,72,C
5.39,77,C
3.26,70,A
5.75,77,C
5.47,80,C
5.61,80,C
178.0,85,B
172.0,90,B
4.56,76,C
180.0,80,B
190.0,82,B
4.35,72,C
5.5,75,C
153.0,87,B
169.0,84,B
5.61,77,C
5.98,76,C
4.83,74,C
4.74,74,C
5.55,74,C
2.68,72,A
3.86,72,A
3.72,77,A
4.86,70,C
5.5,76,C
5.51,73,C
4.21,72,C
3.81,77,A
3.01,74,A
3.65,74,A
194.0,83,B
172.0,90,B
4.64,74,C
165.0,84,B
174.0,90,B
184.0,85,B
158.0,80,B
5.79,70,C
2.78,77,A
2.02,80,A
3.81,78,A
4.18,75,C
4.64,71,C
5.9,74,C
5.9,71,C
3.15,72,A
3.26,74,A
151.0,87,B
198.0,87,B
200.0,83,B
4.9,80,C
4.59,79,C
4.66,73,C
176.0,88,B
5.35,78,C
5.5,72,C
5.58,70,C
5.58,73,C
2.18,74,A
196.0,81,B
4.99,76,C
4.12,70,C
5.1,79,C
4.88,71,C
5.78,77,C
168.0,85,B
4.7,80,C
4.23,78,C
4.29,71,C
3.52,70,A
5.24,77,C
4.2,72,C
193.0,90,B
4.17,77,C
3.4,72,A
2.15,72,A
5.64,70,C
5.41,76,C
4.16,74,C
182.0,83,B
196.0,88,B
4.17,71,C
3.97,79,A
2.75,73,A
2.74,73,A
194.0,86,B
3.63,77,A
3.89,80,A
199.0,86,B
5.97,70,C
3.51,75,A
2.75,77,A
200.0,85,B
195.0,82,B
200.0,90,B
163.0,83,B
4.17,70,C
5.55,79,C
5.12,74,C
2.85,74,A
3.81,77,A
161.0,81,B
4.22,77,C
4.99,76,C
2.02,73,A
2.94,70,A
2.11,75,A
2.24,70,A
4.24,76,C
5.3,75,C
3.49,73,A
5.17,73,C
5.92,75,C
4.75,70,C
4.57,74,C
3.74,70,A
190.0,82,B
4.45,77,C
5.93,80,C
4.02,75,C
161.0,89,B
157.0,89,B
5.94,72,C
4.09,76,C
5.78,80,C
3.06,73,A
193.0,84,B
190.0,82,B
181.0,86,B
177.0,85,B
166.0,85,B
5.99,78,C
4.15,77,C
3.11,77,A
3.94,78,A
3.05,71,A
188.0,82,B
5.26,74,C
3.39,72,A
2.91,80,A
3.26,75,A
3.17,77,A
183.0,88,B
5.8,77,C
2.09,76,A
2.56,75,A
150.0,90,B
3.9,78,A
192.0,87,B
5.78,74,C
4.91,80,C
5.24,74,C
4.55,77,C
2.38,72,A
2.93,79,A
174.0,83,B
2.71,72,A
3.17,77,A
2.16,75,A
3.95,76,A
169.0,81,B
167.0,88,B
188.0,87,B
163.0,84,B
5.97,72,C
5.4,76,C
177.0,87,B
5.07,74,C
2.62,79,A
180.0,81,B
5.63,80,C
5.37,76,C
4.33,73,C
5.82,76,C
3.65,75,A
5.9,78,C
3.45,77,A
3.23,76,A
185.0,89,B
4.84,78,C
5.87,75,C
5.73,75,C
156.0,89,B
4.09,79,C
4.05,72,C
4.75,78,C
171.0,88,B
5.62,74,C
5.97,72,C
168.0,83,B
2.3,73,A
3.19,72,A
171.0,81,B
199.0,89,B
4.76,79,C
3.94,79,A
179.0,84,B
5.68,77,C
5.68,73,C
195.0,88,B
178.0,80,B
2.94,73,A
2.83,70,A
2.55,78,A
2.11,77,A
194.0,81,B
5.73,79,C
179.0,86,B
5.63,79,C
6.0,75,C
186.0,84,B
185.0,88,B
167.0,86,B
189.0,87,B
164.0,89,B
5.99,72,C
5.11,75,C
3.54,71,A
3.89,74,A
158.0,87,B
5.7,77,C
4.49,75,C
2.9,70,A
184.0,82,B
4.26,77,C
5.91,76,C
3.21,72,A
2.46,73,A
5.34,70,C
3.24,72,A
2.72,79,A
2.23,78,A
3.34,71,A
166.0,87,B
176.0,90,B
5.04,74,C
3.54,76,A
175.0,87,B
182.0,88,B
5.04,79,C
3.7,79,A
3.1,78,A
183.0,82,B
181.0,88,B
5.12,70,C
5.75,74,C
2.81,74,A
2.27,77,A
2.06,75,A
165.0,83,B
165.0,82,B
5.51,78,C
5.24,70,C
5.41,71,C
4.43,75,C
4.27,75,C
2.03,77,A
4.7,72,C
5.18,72,C
2.78,71,A
2.87,74,A
173.0,88,B
5.81,78,C
4.7,73,C
5.03,70,C
3.57,72,A
154.0,84,B
200.0,89,B
155.0,84,B
157.0,81,B
4.79,73,C
5.24,70,C
3.72,79,A
5.9,70,C
4.29,79,C
5.85,80,C
2.98,73,A
2.52,72,A
2.92,72,A
5.96,74,C
4.99,75,C
2.66,79,A
5.27,72,C
4.48,76,C
2.15,74,A
2.26,70,A
197.0,83,B
2.26,76,A
2.3,79,A
194.0,82,B
189.0,83,B
4.28,77,C
5.28,72,C
2.36,80,A
164.0,89,B
4.69,71,C
5.79,79,C
4.95,70,C
196.0,82,B
178.0,90,B
160.0,80,B
3.34,75,A
2.34,74,A
177.0,89,B
4.38,72,C
4.08,70,C
2.34,70,A
2.56,77,A
2.35,70,A
4.18,79,C
4.24,78,C
155.0,89,B
4.92,77,C
166.0,87,B
4.41,73,C
4.73,77,C
5.01,74,C
5.38,77,C
4.08,71,C
3.6,76,A
3.26,70,A
183.0,80,B
4.16,70,C
5.75,73,C
5.84,72,C
2.12,75,A
172.0,89,B
4.55,70,C
5.61,71,C
5.5,76,C
4.37,72,C
199.0,87,B
174.0,84,B
200.0,85,B
4.42,78,C
2.74,80,A
2.97,70,A
3.24,72,A
2.74,79,A
191.0,80,B
4.93,77,C
5.49,79,C
2.07,70,A
155.0,80,B
170.0,81,B
166.0,82,B
4.5,72,C
5.43,80,C
5.79,77,C
3.02,80,A
3.06,70,A
187.0,80,B
4.21,74,C
4.89,75,C
5.07,79,C
151.0,89,B
166.0,83,B
4.48,73,C
2.54,77,A
2.75,77,A
2.04,70,A
189.0,86,B
4.64,78,C
4.42,80,C
2.65,75,A
2.24,76,A
3.78,76,A
5.19,80,C
5.36,79,C
5.58,72,C
3.0,77,A
183.0,90,B
4.17,79,C
5.07,79,C
5.17,71,C
158.0,82,B
167.0,82,B
5.49,77,C
4.86,75,C
193.0,84,B
179.0,90,B
182.0,88,B
160.0,87,B
4.26,76,C
2.57,70,A
4.73,70,C
5.29,74,C
5.14,72,C
4.71,72,C
5.97,75,C
3.21,71,A
2.47,80,A
2.2,80,A
171.0,88,B
168.0,86,B
4.31,74,C
4.49,70,C
4.32,74,C
2.37,76,A
189.0,90,B
159.0,84,B
4.57,74,C
4.35,74,C
5.79,80,C
4.16,74,C
3.05,75,A
2.82,75,A
3.96,78,A
180.0,84,B
4.22,80,C
4.8,73,C
5.94,73,C
3.73,77,A
3.63,76,A
182.0,81,B
194.0,80,B
154.0,87,B
172.0,84,B
4.52,74,C
4.34,71,C
5.34,72,C
169.0,89,B
153.0,90,B
5.86,73,C
5.11,78,C
5.14,80,C
2.56,80,A
3.54,77,A
196.0,89,B
4.37,71,C
4.65,76,C
4.85,75,C
5.02,72,C
4.48,71,C
2.23,74,A
3.22,78,A
2.58,74,A
200.0,82,B
5.16,76,C
4.31,70,C
2.96,72,A
156.0,82,B
3.07,73,A
2.1,79,A
2.67,79,A
2.27,78,A
2.13,80,A
184.0,86,B
155.0,81,B
189.0,80,B
5.98,80,C
4.64,71,C
5.62,78,C
4.51,72,C
157.0,86,B
3.36,78,A
187.0,82,B
188.0,84,B
5.52,71,C
5.19,78,C
2.94,80,A
171.0,81,B
191.0,82,B
4.82,71,C
4.7,77,C
168.0,83,B
163.0,87,B
5.86,74,C
3.66,76,A
3.93,72,A
2.25,71,A
5.46,72,C
5.88,71,C
2.36,72,A
2.13,70,A
5.48,76,C
5.15,79,C
5.68,71,C
2.28,75,A
5.59,73,C
4.4,79,C
2.33,72,A
2.33,73,A
172.0,81,B
190.0,80,B
155.0,82,B
3.63,71,A
3.33,74,A
194.0,82,B
5.05,77,C
4.72,71,C
3.75,78,A
4.78,77,C
3.63,73,A
174.0,84,B
4.88,76,C
4.75,78,C
2.93,75,A
2.6,72,A
3.5,74,A
167.0,81,B
3.01,80,A
2.46,78,A
5.8,77,C
4.77,70,C
5.09,75,C
3.81,78,A
3.25,77,A
2.23,71,A
3.88,71,A
152.0,85,B
5.26,72,C
2.67,74,A
162.0,86,B
163.0,82,B
4.28,72,C
5.59,79,C
3.24,79,A
3.07,77,A
3.79,71,A
3.58,75,A
189.0,87,B
4.3,72,C
4.62,71,C
2.5,74,A
3.49,76,A
2.07,75,A
3.14,76,A
3.52,76,A
188.0,81,B
194.0,84,B
5.75,75,C
4.68,77,C
5.64,72,C
2.22,72,A
5.69,70,C
184.0,90,B
154.0,86,B
4.25,70,C
4.79,80,C
5.59,75,C
2.3,70,A
2.46,74,A
3.44,71,A
176.0,83,B
176.0,81,B
161.0,83,B
5.44,70,C
5.28,80,C
5.39,78,C
3.09,72,A
2.5,79,A
2.69,79,A
2.36,75,A
3.82,77,A
5.17,71,C
4.8,75,C
2.92,73,A
3.89,80,A
173.0,85,B
180.0,81,B
151.0,85,B
198.0,84,B
4.31,80,C
5.17,76,C
3.01,71,A
3.22,73,A
2.04,75,A
3.74,73,A
3.86,80,A
180.0,86,B
5.13,73,C
5.39,70,C
3.84,74,A
3.41,76,A
2.31,74,A
168.0,84,B
5.15,73,C
5.21,72,C
2.85,80,A
3.47,79,A
190.0,83,B
5.87,78,C
3.85,75,A
4.9,73,C
4.23,77,C
3.97,73,A
3.68,72,A
2.25,71,A
3.84,79,A
193.0,84,B
5.74,73,C
3.04,78,A
190.0,82,B
5.18,71,C
2.8,72,A
2.11,70,A
2.67,70,A
3.61,70,A
2.01,72,A
2.67,78,A
2.8,70,A
3.07,73,A
159.0,88,B
5.84,78,C
4.69,79,C
4.69,78,C
5.48,71,C
2.9,74,A
4.45,78,C
4.9,80,C
2.28,79,A
175.0,90,B
4.35,79,C
5.0,74,C
2.84,76,A
3.83,77,A
2.72,76,A
3.16,77,A
157.0,88,B
176.0,82,B
3.26,73,A
2.03,77,A
3.33,78,A
2.36,73,A
186.0,89,B
5.92,79,C
4.3,71,C
4.83,77,C
2.17,74,A
167.0,85,B
156.0,80,B
172.0,85,B
184.0,87,B
5.99,72,C
182.0,88,B
5.0,73,C
5.19,70,C
4.13,79,C
3.5,77,A
4.42,73,C
181.0,86,B
5.8,77,C
2.41,72,A
2.38,71,A
2.07,77,A
195.0,80,B
4.94,74,C
5.13,78,C
2.13,80,A
3.55,76,A
155.0,82,B
198.0,88,B
4.91,71,C
5.05,74,C
4.88,75,C
2.8,75,A
3.12,71,A
2.31,80,A
2.36,72,A
3.72,78,A
3.89,77,A
164.0,86,B
4.75,76,C
2.54,71,A
5.29,70,C
4.82,73,C
4.05,72,C
4.31,72,C
155.0,86,B
154.0,87,B
5.43,74,C
5.32,71,C
2.05,74,A
2.44,73,A
157.0,82,B
4.46,75,C
5.34,73,C
2.04,80,A
2.21,74,A
165.0,86,B
5.6,74,C
4.36,80,C
3.31,76,A
2.48,75,A
162.0,89,B
165.0,83,B
4.2,71,C
2.49,78,A
197.0,83,B
5.44,78,C
3.71,71,A
168.0,86,B
5.66,80,C
4.79,72,C
3.34,74,A
176.0,80,B
165.0,83,B
154.0,83,B
187.0,82,B
4.41,80,C
2.59,80,A
5.79,76,C
4.03,74,C
2.17,77,A
2.42,74,A
159.0,83,B
163.0,82,B
4.05,75,C
169.0,88,B
151.0,90,B
187.0,80,B
167.0,86,B
196.0,86,B
172.0,87,B
154.0,90,B
4.36,70,C
5.17,72,C
4.84,77,C
3.79,75,A
154.0,86,B
5.63,76,C
2.68,78,A
2.52,72,A
2.76,74,A
3.18,76,A
2.54,72,A
176.0,90,B
5.25,76,C
4.82,75,C
5.1,75,C
167.0,80,B
4.87,73,C
4.59,72,C
5.9,80,C
5.53,74,C
2.28,72,A
3.74,73,A
159.0,87,B
178.0,85,B
4.97,71,C
3.79,72,A
160.0,90,B
5.6,73,C
2.85,78,A
2.04,74,A
2.54,79,A
167.0,83,B
175.0,86,B
159.0,82,B
152.0,89,B
182.0,82,B
175.0,88,B
158.0,88,B
5.08,80,C
3.27,76,A
2.52,70,A
2.28,73,A
154.0,89,B
5.67,74,C
5.97,80,C
5.05,77,C
189.0,83,B
168.0,85,B
4.34,73,C
4.54,73,C
4.04,78,C
3.83,74,A
173.0,84,B
4.24,78,C
5.15,77,C
2.55,71,A
3.11,77,A
183.0,82,B
3.3,78,A
3.66,73,A
190.0,82,B
4.41,75,C
4.02,72,C
4.27,74,C
5.8,75,C
3.75,72,A
3.19,75,A
5.2,78,C
3.33,77,A
199.0,82,B
199.0,85,B
168.0,88,B
4.35,70,C
5.83,78,C
2.84,80,A
170.0,84,B
178.0,88,B
2.77,80,A
3.04,70,A
2.09,70,A
198.0,85,B
2.33,75,A
3.48,73,A
2.17,70,A
5.21,71,C
4.49,78,C
2.78,77,A
150.0,88,B
157.0,80,B
4.58,70,C
4.71,78,C
5.44,76,C
4.59,77,C
5.13,70,C
2.95,70,A
150.0,82,B
158.0,90,B
5.33,78,C
3.87,73,A
5.47,77,C
4.43,77,C
4.06,74,C
191.0,89,B
156.0,89,B
164.0,87,B
4.52,79,C
5.19,79,C
2.1,72,A
2.99,77,A
169.0,89,B
5.19,71,C
4.67,76,C
5.54,77,C
4.21,76,C
2.15,74,A
3.46,70,A
182.0,82,B
152.0,83,B
182.0,88,B
199.0,90,B
4.99,71,C
5.38,76,C
4.87,74,C
4.49,70,C
5.64,73,C
3.6,79,A
166.0,87,B
185.0,88,B
5.39,72,C
4.54,79,C
5.18,72,C
4.72,76,C
2.18,73,A
5.83,72,C
2.27,76,A
3.9,76,A
2.89,80,A
2.37,80,A
162.0,86,B
3.08,75,A
5.75,80,C
5.46,79,C
3.61,76,A
5.32,78,C
3.38,79,A
3.7,73,A
2.5,72,A
181.0,80,B
189.0,90,B
4.98,78,C
4.44,73,C
5.98,73,C
3.89,80,A
2.08,73,A
3.41,74,A
5.85,70,C
4.36,74,C
5.14,70,C
3.83,72,A
198.0,90,B
2.07,75,A
168.0,83,B
3.39,74,A
2.59,77,A
191.0,82,B
5.85,73,C
5.94,80,C
5.89,73,C
4.95,76,C
3.72,78,A
194.0,88,B
5.69,79,C
4.64,70,C
5.66,70,C
4.07,77,C
3.19,77,A
157.0,90,B
164.0,89,B
2.46,80,A
2.24,75,A
2.15,72,A
3.39,73,A
152.0,81,B
187.0,90,B
4.68,74,C
5.45,74,C
4.13,74,C
4.63,79,C
3.08,72,A
187.0,90,B
195.0,88,B
161.0,83,B
5.58,80,C
4.64,70,C
3.25,78,A
153.0,83,B
5.77,79,C
5.23,70,C
172.0,85,B
4.47,77,C
4.05,74,C
182.0,85,B
5.74,77,C
4.04,75,C
5.75,76,C
3.06,80,A
196.0,87,B
160.0,82,B
3.88,78,A
3.6,79,A
6.0,71,C
4.7,79,C
5.53,74,C
4.8,79,C
2.96,77,A
5.26,72,C
5.75,79,C
3.97,71,A
3.54,74,A
2.84,78,A
2.84,77,A
5.48,77,C
182.0,90,B
187.0,86,B
160.0,81,B
189.0,86,B
169.0,85,B
4.48,74,C
2.22,71,A
190.0,85,B
183.0,88,B
200.0,87,B
4.71,72,C
4.57,80,C
4.59,71,C
2.47,71,A
2.08,73,A
2.04,76,A
196.0,84,B
5.98,76,C
4.86,76,C
4.77,72,C
5.36,80,C
2.44,76,A
180.0,85,B
184.0,82,B
5.9,73,C
5.57,74,C
4.18,73,C
2.84,77,A
3.76,70,A
5.89,78,C
2.93,73,A
5.23,77,C
4.33,71,C
5.98,74,C
4.46,72,C
5.89,70,C
5.3,76,C
3.22,74,A
3.03,71,A
172.0,87,B
4.46,73,C
151.0,90,B
4.35,80,C
4.44,72,C
4.37,70,C
3.56,80,A
2.7,79,A
2.12,72,A
196.0,87,B
5.94,70,C
3.77,75,A
187.0,87,B
5.86,71,C
5.99,74,C
2.35,71,A
183.0,84,B
195.0,84,B
4.79,74,C
5.52,75,C
3.39,71,A
188.0,89,B
181.0,81,B
4.31,70,C
5.63,71,C
2.45,72,A
2.45,73,A
174.0,86,B
192.0,80,B
192.0,81,B
5.07,73,C
3.19,75,A
3.16,70,A
4.18,70,C
5.75,72,C
4.53,73,C
2.26,78,A
3.78,76,A
3.91,76,A
164.0,88,B
5.72,71,C
5.62,74,C
5.31,72,C
5.1,78,C
4.17,70,C
4.82,79,C
2.75,78,A
2.52,77,A
3.45,74,A
2.99,75,A
4.16,72,C
4.44,71,C
3.37,76,A
158.0,90,B
196.0,87,B
4.15,77,C
5.7,75,C
2.99,80,A
2.96,78,A
185.0,83,B
5.18,79,C
159.0,87,B
169.0,81,B
5.65,79,C
4.7,77,C
5.36,75,C
3.13,76,A
2.53,76,A
159.0,81,B
151.0,81,B
5.76,72,C
5.59,75,C
5.32,75,C
5.7,72,C
3.73,75,A
3.42,70,A
186.0,88,B
164.0,82,B
3.67,76,A
3.39,80,A
3.36,76,A
188.0,88,B
175.0,85,B
162.0,83,B
5.24,75,C
3.51,70,A
4.32,76,C
5.76,72,C
3.74,78,A
2.06,79,A
162.0,90,B
170.0,85,B
185.0,83,B
161.0,89,B
5.65,78,C
4.26,71,C
2.67,75,A
3.49,72,A
2.32,80,A
3.64,75,A
180.0,85,B
5.66,79,C
3.01,77,A
2.01,77,A
2.57,76,A
5.23,76,C
3.96,77,A
3.26,76,A
4.52,77,C
5.27,73,C
3.08,78,A
3.56,71,A
151.0,89,B
191.0,88,B
4.21,76,C
3.52,75,A
3.08,72,A
193.0,87,B
5.93,70,C
4.68,80,C
3.27,76,A
3.86,72,A
2.21,76,A
3.87,77,A
181.0,89,B
152.0,83,B
5.38,78,C
4.14,70,C
169.0,83,B
171.0,82,B
4.6,72,C
5.42,80,C
4.13,71,C
5.16,73,C
2.69,72,A
189.0,86,B
179.0,84,B
5.24,78,C
4.09,74,C
5.74,72,C
5.95,74,C
174.0,85,B
179.0,90,B
171.0,81,B
190.0,85,B
3.94,73,A
152.0,82,B
196.0,83,B
176.0,80,B
5.5,75,C
4.26,77,C
5.52,72,C
2.05,72,A
181.0,87,B
186.0,86,B
163.0,88,B
4.04,76,C
2.65,72,A
2.98,75,A
150.0,82,B
196.0,85,B
5.54,73,C
3.37,74,A
4.89,71,C
4.55,74,C
5.99,74,C
2.85,77,A
2.9,70,A
4.33,72,C
5.59,80,C
5.39,75,C
2.44,72,A
159.0,90,B
167.0,80,B
4.16,74,C
3.36,77,A
163.0,85,B
185.0,88,B
3.31,70,A
4.55,79,C
5.9,70,C
182.0,86,B
2.3,76,A
196.0,88,B
159.0,84,B
4.86,76,C
3.89,80,A
2.84,72,A
3.28,72,A
160.0,83,B
171.0,83,B
4.8,79,C
2.55,70,A
3.97,80,A
2.82,73,A
197.0,80,B
5.79,75,C
2.46,73,A
2.43,70,A
2.06,75,A
199.0,85,B
173.0,83,B
163.0,84,B
5.3,72,C
4.74,76,C
3.73,71,A
2.95,75,A
3.94,73,A
174.0,85,B
184.0,83,B
200.0,84,B
4.37,71,C
5.74,76,C
5.55,78,C
5.54,70,C
3.69,76,A
3.52,70,A
5.25,79,C
4.26,74,C
158.0,82,B
184.0,90,B
192.0,81,B
4.07,72,C
3.84,73,A
3.23,78,A
180.0,84,B
168.0,83,B
5.59,78,C
2.96,78,A
2.23,74,A
4.25,77,C
176.0,87,B
193.0,87,B
176.0,83,B
5.37,76,C
2.86,71,A
158.0,80,B
4.4,78,C
2.98,78,A
2.13,76,A
154.0,83,B
162.0,88,B
5.16,72,C
2.54,75,A
3.6,74,A
2.62,70,A
2.91,80,A
150.0,80,B
193.0,84,B
4.02,80,C
2.14,79,A
4.78,73,C
2.96,80,A
192.0,85,B
5.2,75,C
4.58,77,C
5.39,77,C
182.0,80,B
172.0,87,B
5.72,71,C
3.56,75,A
2.08,74,A
2.96,72,A
2.21,79,A
151.0,89,B
4.48,75,C
5.97,70,C
4.28,70,C
3.0,74,A
3.24,77,A
185.0,82,B
5.4,76,C
5.12,79,C
4.02,71,C
151.0,81,B
4.65,78,C
5.04,79,C
2.18,73,A
2.7,79,A
2.07,74,A
2.16,79,A
195.0,80,B
154.0,82,B
4.79,75,C
4.27,80,C
191.0,80,B
159.0,84,B
5.14,79,C
5.38,73,C
186.0,90,B
154.0,82,B
5.6,76,C
175.0,89,B
172.0,82,B
4.4,72,C
4.33,78,C
155.0,82,B
175.0,88,B
2.21,72,A
3.27,70,A
5.41,70,C
4.06,72,C
173.0,86,B
159.0,80,B
174.0,80,B
5.87,78,C
2.1,80,A
178.0,87,B
5.08,76,C
5.42,79,C
5.74,79,C
3.43,71,A
3.6,79,A
4.68,80,C
5.63,78,C
4.16,74,C
5.79,76,C
158.0,85,B
161.0,86,B
5.1,74,C
5.63,79,C
2.9,70,A
3.29,73,A
189.0,89,B
5.05,72,C
195.0,85,B
5.46,79,C
4.16,77,C
4.12,70,C
4.49,75,C
2.32,74,A
3.74,79,A
2.44,79,A
3.95,72,A
163.0,87,B
178.0,81,B
4.67,71,C
2.36,72,A
163.0,84,B
5.58,70,C
5.32,75,C
5.0,77,C
3.11,74,A
3.44,73,A
4.46,79,C
5.99,78,C
5.95,78,C
5.3,73,C
177.0,89,B
167.0,83,B
4.4,75,C
5.36,79,C
4.14,80,C
2.06,74,A
192.0,90,B
153.0,88,B
164.0,88,B
4.52,70,C
4.93,80,C
5.74,80,C
5.45,74,C
3.49,77,A
2.85,74,A
164.0,80,B
163.0,86,B
157.0,85,B
4.69,78,C
2.74,72,A
3.98,76,A
2.08,74,A
200.0,85,B
5.73,70,C
5.16,77,C
4.88,72,C
3.45,72,A
151.0,88,B
4.97,72,C
3.75,74,A
199.0,87,B
159.0,82,B
5.8,78,C
152.0,81,B
198.0,87,B
4.84,72,C
4.55,78,C
5.18,74,C
189.0,84,B
3.82,73,A
165.0,89,B
151.0,86,B
4.42,73,C
3.25,77,A
3.26,77,A
5.47,77,C
4.26,78,C
5.43,78,C
3.82,78,A
2.36,78,A
2.48,74,A
5.94,75,C
2.36,72,A
176.0,81,B
5.71,74,C
4.98,72,C
4.49,73,C
5.74,73,C
4.89,80,C
3.03,70,A
2.72,79,A
5.19,71,C
4.33,79,C
2.78,74,A
186.0,83,B
152.0,89,B
3.94,70,A
2.52,72,A
3.31,78,A
2.65,72,A
3.55,78,A
170.0,85,B
177.0,89,B
154.0,82,B
2.26,80,A
167.0,83,B
174.0,81,B
166.0,83,B
198.0,86,B
192.0,90,B
3.94,76,A
2.91,70,A
2.47,78,A
2.15,77,A
167.0,80,B
4.34,80,C
3.04,72,A
179.0,80,B
167.0,88,B
200.0,80,B
4.67,71,C
5.66,74,C
163.0,89,B
172.0,86,B
4.86,80,C
4.5,77,C
5.23,73,C
5.41,80,C
4.33,70,C
2.34,71,A
2.07,70,A
168.0,82,B
155.0,89,B
5.47,71,C
5.33,78,C
2.95,73,A
3.69,78,A
190.0,87,B
5.61,78,C
5.17,77,C
5.74,74,C
4.41,74,C
4.22,78,C
4.54,80,C
4.11,80,C
5.06,76,C
169.0,83,B
183.0,81,B
5.87,75,C
4.08,79,C
2.24,76,A
2.9,74,A
5.87,80,C
4.63,76,C
174.0,84,B
190.0,82,B
183.0,81,B
5.01,80,C
4.08,77,C
192.0,82,B
173.0,84,B
4.3,76,C
5.97,75,C
5.93,71,C
2.01,76,A
5.9,76,C
5.28,74,C
3.74,72,A
177.0,81,B
200.0,90,B
163.0,87,B
4.91,75,C
5.03,71,C
4.98,79,C
3.33,79,A
170.0,83,B
4.28,73,C
4.06,79,C
2.62,76,A
3.41,79,A
181.0,84,B
4.4,80,C
5.35,73,C
5.94,76,C
4.19,73,C
3.35,70,A
2.89,70,A
167.0,87,B
184.0,83,B
151.0,82,B
5.74,70,C
4.35,76,C
5.39,72,C
3.68,76,A
186.0,81,B
5.89,77,C
5.37,78,C
4.99,79,C
3.24,70,A
163.0,87,B
178.0,86,B
173.0,87,B
181.0,83,B
5.74,75,C
5.14,78,C
2.06,71,A
3.86,79,A
160.0,84,B
5.38,78,C
5.35,74,C
2.43,72,A
3.32,78,A
174.0,84,B
4.79,74,C
5.3,74,C
4.21,72,C
5.32,75,C
6.0,75,C
2.1,74,A
3.95,71,A
2.81,79,A
5.74,72,C
3.56,70,A
3.13,72,A
180.0,90,B
200.0,81,B
3.48,80,A
3.76,77,A
172.0,90,B
158.0,85,B
180.0,81,B
181.0,82,B
172.0,86,B
4.81,72,C
2.65,75,A
3.34,73,A
3.62,76,A
187.0,81,B
3.52,73,A
3.6,73,A
2.87,76,A
190.0,85,B
5.64,76,C
4.24,79,C
3.09,73,A
2.01,76,A
2.65,73,A
189.0,82,B
4.73,75,C
4.79,72,C
5.39,78,C
2.78,80,A
2.9,75,A
2.48,79,A
4.75,74,C
4.45,77,C
4.15,76,C
170.0,90,B
3.21,75,A
3.34,73,A
5.24,71,C
4.93,80,C
4.76,73,C
5.73,77,C
3.04,72,A
169.0,81,B
4.96,72,C
4.05,79,C
4.68,78,C
2.76,79,A
198.0,85,B
4.8,75,C
5.16,77,C
5.07,72,C
3.22,70,A
170.0,86,B
5.53,71,C
5.63,77,C
3.44,71,A
3.91,77,A
2.04,79,A
2.39,79,A
188.0,86,B
200.0,85,B
155.0,87,B
150.0,87,B
4.02,76,C
5.29,79,C
5.8,71,C
4.49,79,C
5.85,73,C
2.12,74,A
189.0,86,B
5.87,77,C
2.7,78,A
164.0,87,B
4.2,72,C
2.97,77,A
4.51,71,C
2.57,78,A
2.61,75,A
3.61,74,A
195.0,86,B
183.0,81,B
5.08,78,C
4.62,71,C
161.0,87,B
193.0,81,B
176.0,82,B
5.22,71,C
5.43,76,C
4.55,71,C
4.83,80,C
4.24,71,C
4.36,73,C
3.36,75,A
2.36,79,A
3.05,76,A
3.42,71,A
4.21,76,C
5.13,70,C
2.51,77,A
3.93,72,A
4.97,72,C
3.61,71,A
5.1,79,C
4.09,73,C
5.27,74,C
3.9,80,A
200.0,90,B
5.2,78,C
3.64,71,A
3.77,76,A
185.0,86,B
173.0,88,B
4.46,71,C
4.42,77,C
5.22,76,C
2.82,72,A
3.68,70,A
184.0,86,B
180.0,82,B
5.8,79,C
4.71,77,C
4.47,79,C
5.56,76,C
4.55,71,C
5.65,78,C
2.85,79,A
3.34,70,A
2.19,72,A
185.0,85,B
5.25,72,C
2.9,73,A
3.17,70,A
2.34,80,A
161.0,86,B
5.47,74,C
5.73,75,C
2.43,70,A
185.0,82,B
179.0,81,B
200.0,87,B
4.19,77,C
4.05,80,C
3.28,73,A
5.21,70,C
5.09,72,C
4.46,74,C
4.78,77,C
5.19,79,C
162.0,83,B
2.99,73,A
196.0,85,B
158.0,85,B
5.98,78,C
4.27,79,C
5.39,75,C
4.81,74,C
2.86,70,A
5.44,73,C
3.38,78,A
160.0,89,B
196.0,83,B
5.98,77,C
4.26,77,C
4.21,73,C
3.45,78,A
3.16,70,A
2.55,78,A
161.0,87,B
161.0,84,B
4.16,77,C
4.17,80,C
3.79,78,A
2.38,70,A
198.0,90,B
154.0,83,B
4.65,73,C
4.45,73,C
4.71,75,C
2.14,74,A
3.04,75,A
183.0,89,B
4.14,79,C
5.6,72,C
2.47,76,A
3.08,80,A
3.76,75,A
3.3,72,A
170.0,89,B
186.0,85,B
178.0,85,B
5.07,79,C
4.65,75,C
2.67,75,A
3.34,74,A
3.99,79,A
195.0,89,B
191.0,90,B
186.0,81,B
190.0,85,B
5.32,79,C
5.12,76,C
3.46,70,A
196.0,84,B
4.93,70,C
2.12,71,A
3.12,79,A
175.0,87,B
193.0,80,B
5.92,74,C
4.35,73,C
5.38,73,C
4.4,79,C
5.07,77,C
4.19,76,C
4.9,72,C
3.51,79,A
4.7,77,C
5.33,79,C
5.59,80,C
174.0,85,B
5.85,71,C
171.0,89,B
150.0,89,B
155.0,88,B
182.0,84,B
4.47,73,C
4.8,75,C
4.3,73,C
5.98,72,C
5.85,74,C
3.08,75,A
194.0,81,B
3.68,79,A
166.0,90,B
185.0,86,B
5.04,70,C
5.25,72,C
2.18,72,A
5.51,80,C
4.26,73,C
5.65,71,C
5.56,70,C
5.42,74,C
4.07,76,C
174.0,87,B
4.61,73,C
2.53,72,A
175.0,87,B
4.72,75,C
4.18,79,C
5.87,74,C
5.11,74,C
161.0,90,B
4.61,79,C
2.79,80,A
2.89,75,A
5.2,80,C
163.0,83,B
5.03,70,C
5.84,71,C
4.99,77,C
167.0,86,B
180.0,90,B
5.98,75,C
5.7,78,C
2.42,80,A
153.0,82,B
5.86,78,C
4.23,78,C
5.63,73,C
4.76,77,C
5.76,72,C
5.74,75,C
3.61,73,A
168.0,83,B
5.58,80,C
4.61,74,C
2.16,76,A
166.0,86,B
150.0,86,B
174.0,89,B
4.81,76,C
2.35,72,A
3.39,79,A
2.69,76,A
3.95,77,A
192.0,84,B
5.28,75,C
5.64,76,C
4.27,72,C
160.0,90,B
157.0,80,B
5.72,71,C
5.85,74,C
4.97,70,C
3.21,78,A
199.0,90,B
5.53,80,C
2.35,79,A
180.0,90,B
5.01,79,C
4.8,75,C
4.29,76,C
2.74,72,A
151.0,84,B
192.0,80,B
195.0,89,B
198.0,87,B
156.0,85,B
2.14,70,A
2.05,74,A
151.0,83,B
154.0,88,B
4.27,77,C
3.93,77,A
3.1,76,A
3.93,78,A
161.0,85,B
197.0,84,B
2.86,72,A
2.62,78,A
160.0,89,B
197.0,87,B
5.01,72,C
4.88,77,C
4.21,74,C
3.28,74,A
2.43,80,A
3.24,73,A
5.3,74,C
4.3,74,C
167.0,81,B
167.0,82,B
4.12,80,C
5.56,75,C
2.92,74,A
185.0,82,B
4.12,79,C
5.99,77,C
2.12,78,A
192.0,87,B
177.0,82,B
5.39,71,C
5.97,75,C
2.48,74,A
169.0,84,B
4.28,72,C
4.24,73,C
4.61,75,C
4.2,77,C
184.0,85,B
5.38,74,C
2.12,72,A
197.0,84,B
155.0,87,B
5.02,71,C
5.99,73,C
5.63,72,C
3.23,74,A
194.0,87,B
154.0,83,B
4.61,73,C
5.25,73,C
3.05,74,A
4.85,79,C
182.0,87,B
182.0,84,B
4.26,73,C
5.77,73,C
4.9,70,C
4.39,75,C
4.74,74,C
2.83,76,A
3.66,73,A
173.0,83,B
174.0,80,B
151.0,84,B
193.0,83,B
5.47,71,C
3.54,71,A
2.02,71,A
194.0,80,B
182.0,82,B
159.0,84,B
4.83,70,C
4.96,73,C
4.04,79,C
4.52,70,C
3.52,80,A
178.0,87,B
175.0,90,B
163.0,80,B
4.27,71,C
3.07,79,A
2.43,73,A
161.0,87,B
151.0,88,B
165.0,83,B
4.02,77,C
2.48,71,A
3.95,75,A
3.6,72,A
156.0,89,B
197.0,90,B
189.0,87,B
5.92,80,C
4.98,77,C
193.0,89,B
192.0,89,B
196.0,82,B
2.22,73,A
195.0,80,B
167.0,88,B
158.0,82,B
5.1,70,C
4.91,76,C
5.69,72,C
4.2,72,C
2.98,80,A
180.0,89,B
189.0,86,B
4.3,78,C
2.65,72,A
3.47,74,A
2.95,77,A
2.75,77,A
2.79,75,A
166.0,82,B
190.0,82,B
178.0,86,B
4.92,75,C
5.57,80,C
5.78,78,C
3.91,79,A
3.57,77,A
2.63,72,A
3.38,71,A
4.88,70,C
164.0,85,B
4.51,80,C
5.68,78,C
4.08,71,C
163.0,81,B
177.0,86,B
5.8,71,C
4.92,79,C
5.27,73,C
3.32,79,A
3.79,76,A
3.27,77,A
5.23,72,C
4.13,72,C
180.0,80,B
5.04,70,C
4.3,77,C
5.47,75,C
198.0,88,B
5.02,72,C
5.36,73,C
4.08,70,C
4.17,76,C
3.43,70,A
173.0,80,B
183.0,90,B
184.0,83,B
164.0,81,B
189.0,83,B
187.0,85,B
2.14,71,A
2.14,74,A
2.02,73,A
180.0,85,B
152.0,80,B
165.0,89,B
5.91,75,C
177.0,85,B
157.0,86,B
5.48,74,C
4.71,78,C
4.59,80,C
4.7,78,C
5.55,76,C
3.32,73,A
172.0,82,B
181.0,84,B
4.37,77,C
2.35,71,A
4.2,72,C
5.32,77,C
5.53,76,C
2.53,77,A
160.0,88,B
2.04,70,A
194.0,88,B
4.16,72,C
5.94,71,C
2.59,80,A
172.0,90,B
171.0,90,B
5.54,72,C
5.25,72,C
4.76,72,C
2.41,77,A
2.24,74,A
3.23,78,A
5.55,70,C
5.29,77,C
198.0,86,B
175.0,90,B
178.0,86,B
5.06,78,C
4.08,74,C
5.94,80,C
5.6,70,C
4.59,77,C
3.96,78,A
3.2,70,A
3.16,75,A
5.5,71,C
5.62,72,C
5.31,73,C
4.26,71,C
4.68,71,C
3.86,77,A
4.45,79,C
4.74,70,C
4.86,74,C
4.88,79,C
5.23,77,C
180.0,88,B
5.89,71,C
4.48,74,C
4.24,77,C
4.39,74,C
5.77,78,C
5.29,77,C
4.57,70,C
193.0,89,B
5.63,73,C
3.72,77,A
3.69,74,A
3.84,79,A
4.5,78,C
5.51,74,C
4.92,76,C
3.68,77,A
5.46,79,C
5.55,71,C
5.31,79,C
2.35,70,A
178.0,89,B
5.09,80,C
3.97,73,A
198.0,82,B
197.0,81,B
156.0,83,B
196.0,82,B
165.0,85,B
5.87,79,C
152.0,90,B
4.09,76,C
4.33,77,C
4.26,70,C
5.45,76,C
174.0,87,B
173.0,88,B
5.64,77,C
4.43,79,C
3.01,74,A
174.0,90,B
177.0,89,B
159.0,81,B
5.68,74,C
5.47,75,C
3.08,73,A
3.18,75,A
3.02,77,A
2.6,76,A
3.13,71,A
3.38,80,A
177.0,89,B
168.0,84,B
5.75,80,C
5.27,79,C
3.52,72,A
2.32,74,A
157.0,81,B
182.0,83,B
4.92,70,C
2.02,72,A
2.49,80,A
3.45,80,A
3.98,74,A
154.0,86,B
4.2,75,C
4.8,72,C
3.6,77,A
2.41,76,A
3.11,79,A
3.47,72,A
177.0,90,B
194.0,83,B
5.23,78,C
4.38,74,C
4.71,78,C
5.57,76,C
5.11,75,C
2.01,73,A
194.0,86,B
5.52,73,C
2.07,71,A
3.49,70,A
2.4,74,A
3.92,78,A
2.74,77,A
172.0,87,B
2.65,72,A
2.3,76,A
2.61,78,A
157.0,84,B
177.0,81,B
164.0,81,B
155.0,86,B
5.75,78,C
5.99,77,C
2.74,75,A
2.9,79,A
3.44,70,A
5.77,71,C
5.19,77,C
163.0,81,B
4.78,71,C
4.83,73,C
3.39,72,A
162.0,88,B
198.0,86,B
175.0,89,B
179.0,87,B
181.0,87,B
155.0,90,B
4.01,71,C
5.24,75,C
4.71,79,C
5.59,73,C
2.19,79,A
3.18,75,A
150.0,84,B
4.96,72,C
5.28,70,C
2.13,70,A
5.16,79,C
3.12,77,A
176.0,83,B
166.0,84,B
172.0,89,B
5.12,70,C
5.21,75,C
3.35,79,A
3.61,75,A
2.54,79,A
155.0,89,B
177.0,87,B
5.65,79,C
5.0,79,C
4.15,75,C
2.12,79,A
4.67,79,C
158.0,89,B
5.57,75,C
5.42,78,C
5.58,74,C
3.03,71,A
192.0,86,B
180.0,80,B
4.88,75,C
4.29,72,C
2.66,72,A
159.0,88,B
4.87,75,C
4.18,77,C
2.44,74,A
3.2,73,A
5.47,79,C
4.0,77,A
160.0,84,B
164.0,80,B
5.87,72,C
3.29,77,A
189.0,83,B
2.84,70,A
167.0,85,B
175.0,84,B
5.27,71,C
5.57,79,C
4.24,79,C
2.82,73,A
3.68,80,A
4.77,70,C
3.14,79,A
3.18,70,A
200.0,90,B
197.0,86,B
150.0,88,B
162.0,82,B
4.37,78,C
4.72,70,C
2.67,70,A
2.05,72,A
4.05,72,C
3.66,71,A
2.55,79,A
162.0,82,B
175.0,82,B
5.04,74,C
4.6,76,C
5.88,75,C
2.52,70,A
2.86,78,A
177.0,82,B
5.75,72,C
3.68,72,A
2.37,72,A
169.0,90,B
192.0,83,B
196.0,83,B
3.61,71,A
2.92,70,A
2.97,76,A
177.0,86,B
159.0,84,B
4.27,78,C
4.16,71,C
5.46,70,C
4.99,72,C
4.87,70,C
5.46,71,C
3.53,76,A
176.0,90,B
152.0,87,B
4.32,74,C
3.22,71,A
200.0,82,B
155.0,86,B
4.27,77,C
5.5,78,C
5.31,73,C
5.91,77,C
2.14,76,A
2.11,78,A
2.56,75,A
2.52,77,A
2.49,70,A
165.0,84,B
5.81,79,C
4.5,74,C
4.54,74,C
3.52,70,A
2.9,78,A
161.0,85,B
192.0,84,B
169.0,83,B
176.0,89,B
158.0,81,B
5.55,79,C
4.13,75,C
2.98,75,A
164.0,83,B
198.0,81,B
4.07,76,C
4.13,80,C
158.0,86,B
5.81,79,C
4.28,75,C
5.06,73,C
2.82,72,A
2.69,73,A
3.8,76,A
2.04,71,A
3.33,79,A
5.93,72,C
3.12,73,A
3.87,80,A
2.1,79,A
187.0,86,B
191.0,87,B
4.84,70,C
4.52,72,C
5.46,79,C
170.0,83,B
171.0,86,B
175.0,85,B
5.96,78,C
4.51,79,C
5.31,72,C
4.4,78,C
164.0,81,B
3.13,75,A
2.93,71,A
3.94,76,A
151.0,80,B
5.22,70,C
4.7,78,C
171.0,81,B
166.0,82,B
174.0,82,B
4.23,78,C
153.0,90,B
4.3,70,C
2.45,75,A
2.5,80,A
179.0,84,B
157.0,83,B
5.7,73,C
182.0,82,B
5.12,70,C
185.0,90,B
193.0,84,B
5.05,72,C
4.23,70,C
195.0,89,B
156.0,87,B
5.72,72,C
5.45,79,C
4.14,72,C
5.42,79,C
3.09,77,A
188.0,85,B
158.0,87,B
4.16,77,C
4.92,75,C
2.97,74,A
2.33,70,A
153.0,81,B
5.89,76,C
5.7,80,C
3.34,71,A
2.92,72,A
2.82,72,A
162.0,85,B
199.0,84,B
197.0,82,B
5.3,79,C
5.09,73,C
4.12,73,C
3.03,70,A
3.61,73,A
158.0,88,B
190.0,83,B
167.0,82,B
4.92,72,C
4.1,77,C
5.57,75,C
2.4,70,A
2.52,77,A
2.33,76,A
4.66,77,C
5.51,75,C
3.04,72,A
2.41,74,A
3.76,72,A
3.76,78,A
171.0,81,B
5.74,76,C
4.48,74,C
4.9,72,C
5.97,80,C
5.54,75,C
2.05,75,A
198.0,80,B
192.0,88,B
196.0,89,B
165.0,80,B
190.0,80,B
4.13,75,C
4.93,71,C
5.82,75,C
5.08,79,C
3.0,74,A
4.21,73,C
5.31,80,C
5.64,75,C
2.76,75,A
5.55,71,C
3.93,73,A
2.41,78,A
3.05,77,A
2.57,72,A
3.59,78,A
3.16,73,A
188.0,86,B
5.27,80,C
5.6,71,C
2.79,77,A
150.0,89,B
5.83,80,C
5.07,70,C
175.0,82,B
150.0,83,B
4.32,79,C
5.39,71,C
3.59,78,A
157.0,84,B
181.0,85,B
4.63,72,C
5.71,75,C
5.81,79,C
4.55,74,C
192.0,81,B
190.0,85,B
5.97,79,C
4.28,77,C
189.0,80,B
2.4,72,A
4.37,74,C
5.79,78,C
3.31,71,A
2.3,75,A
2.88,79,A
3.23,70,A
187.0,87,B
162.0,85,B
165.0,87,B
183.0,90,B
4.17,78,C
5.76,73,C
5.61,75,C
5.01,73,C
5.93,74,C
2.84,73,A
169.0,90,B
189.0,88,B
186.0,90,B
150.0,89,B
5.97,80,C
5.34,70,C
5.27,79,C
187.0,84,B
4.33,79,C
5.76,70,C
2.85,70,A
153.0,85,B
175.0,90,B
178.0,84,B
4.32,74,C
4.03,72,C
3.12,71,A
3.05,75,A
170.0,83,B
192.0,85,B
188.0,81,B
158.0,85,B
5.44,73,C
5.78,80,C
2.16,72,A
3.46,71,A
2.37,79,A
172.0,84,B
184.0,86,B
5.72,73,C
5.64,80,C
5.08,79,C
5.42,78,C
2.63,71,A
2.94,80,A
180.0,86,B
3.64,71,A
198.0,90,B
160.0,87,B
192.0,84,B
185.0,86,B
4.92,71,C
4.72,72,C
4.99,76,C
3.66,78,A
2.67,70,A
2.35,74,A
161.0,82,B
5.42,71,C
3.65,79,A
2.2,78,A
169.0,83,B
4.48,78,C
4.28,77,C
4.7,79,C
2.9,79,A
3.5,75,A
5.3,80,C
5.24,71,C
2.7,72,A
3.68,80,A
2.94,73,A
164.0,84,B
5.96,73,C
5.27,77,C
4.25,78,C
5.35,73,C
4.65,79,C
5.37,74,C
2.14,70,A
2.35,74,A
171.0,89,B
192.0,86,B
177.0,86,B
5.71,77,C
4.45,80,C
3.67,73,A
2.56,80,A
3.29,72,A
5.39,73,C
3.03,79,A
194.0,82,B
4.61,74,C
2.43,80,A
2.07,79,A
2.61,79,A
173.0,82,B
5.31,78,C
5.88,70,C
200.0,83,B
5.74,75,C
5.53,76,C
5.58,77,C
5.33,74,C
2.52,77,A
173.0,83,B
177.0,89,B
5.81,70,C
5.34,78,C
5.12,72,C
2.22,73,A
150.0,90,B
150.0,82,B
177.0,84,B
2.89,77,A
193.0,90,B
4.92,74,C
5.73,77,C
5.09,75,C
4.76,79,C
167.0,85,B
183.0,80,B
196.0,81,B
166.0,85,B
5.95,76,C
4.22,80,C
4.85,77,C
4.08,73,C
3.48,73,A
3.84,73,A
186.0,89,B
197.0,80,B
4.56,76,C
5.72,79,C
4.58,71,C
3.82,76,A
3.51,78,A
179.0,87,B
5.61,78,C
2.04,71,A
168.0,80,B
5.93,76,C
3.45,77,A
2.61,77,A
171.0,81,B
182.0,81,B
192.0,84,B
5.66,79,C
2.56,77,A
3.75,70,A
2.23,79,A
173.0,87,B
189.0,85,B
187.0,86,B
5.41,79,C
5.08,76,C
170.0,87,B
156.0,84,B
4.19,74,C
4.48,80,C
4.02,72,C
4.94,80,C
175.0,88,B
194.0,85,B
4.6,80,C
3.2,72,A
161.0,84,B
4.59,71,C
2.6,80,A
3.49,72,A
4.1,80,C
5.81,75,C
5.7,73,C
162.0,90,B
187.0,87,B
191.0,83,B
3.34,70,A
161.0,90,B
5.19,75,C
5.78,78,C
4.37,80,C
4.16,71,C
4.48,74,C
3.59,74,A
198.0,90,B
4.07,79,C
5.17,78,C
5.99,74,C
3.71,73,A
3.04,70,A
2.13,74,A
152.0,85,B
152.0,82,B
3.66,72,A
3.2,77,A
4.23,78,C
4.19,74,C
5.82,80,C
5.34,72,C
5.66,75,C
199.0,87,B
155.0,90,B
5.76,72,C
5.14,74,C
3.03,72,A
2.86,79,A
2.63,76,A
161.0,80,B
159.0,85,B
4.87,74,C
165.0,84,B
182.0,87,B
5.55,76,C
5.2,74,C
176.0,84,B
5.79,76,C
4.89,72,C
5.21,80,C
5.26,70,C
3.18,73,A
3.41,79,A
2.47,76,A
177.0,90,B
179.0,81,B
193.0,89,B
5.02,73,C
2.21,79,A
2.77,74,A
191.0,80,B
4.98,78,C
5.3,79,C
3.9,74,A
159.0,81,B
178.0,90,B
5.2,78,C
5.49,74,C
5.01,71,C
5.27,79,C
2.14,73,A
154.0,82,B
4.51,71,C
4.72,77,C
2.94,76,A
2.09,73,A
2.28,70,A
158.0,82,B
177.0,84,B
4.55,76,C
5.94,71,C
4.66,80,C
186.0,81,B
4.96,73,C
4.39,71,C
3.22,79,A
158.0,84,B
151.0,84,B
166.0,84,B
4.56,79,C
4.41,79,C
3.03,80,A
2.01,71,A
191.0,87,B
196.0,86,B
2.02,76,A
2.44,78,A
167.0,82,B
199.0,83,B
152.0,84,B
4.07,73,C
4.22,77,C
2.68,75,A
5.61,74,C
3.14,73,A
5.03,71,C
4.59,71,C
3.86,70,A
2.79,80,A
2.17,76,A
156.0,87,B
5.23,75,C
2.23,75,A
2.69,72,A
195.0,86,B
190.0,88,B
150.0,90,B
175.0,90,B
5.01,71,C
5.75,78,C
2.99,75,A
175.0,90,B
3.4,76,A
194.0,90,B
5.99,77,C
4.26,80,C
4.55,76,C
2.79,74,A
195.0,87,B
4.84,74,C
4.82,70,C
3.82,78,A
165.0,86,B
3.43,77,A
179.0,80,B
5.22,72,C
4.62,75,C
5.65,76,C
5.91,73,C
5.64,76,C
4.0,76,C
5.27,79,C
2.1,80,A
186.0,89,B
4.52,79,C
2.12,71,A
3.21,76,A
5.37,74,C
4.23,80,C
4.77,77,C
2.91,72,A
2.74,72,A
4.24,78,C
2.84,76,A
173.0,88,B
154.0,83,B
153.0,82,B
5.5,73,C
4.14,75,C
2.16,79,A
200.0,86,B
172.0,80,B
2.71,80,A
3.88,79,A
154.0,82,B
162.0,90,B
153.0,86,B
5.34,80,C
5.36,80,C
4.72,80,C
3.19,75,A
4.02,79,C
5.27,76,C
3.83,74,A
3.23,72,A
180.0,84,B
5.75,72,C
5.45,74,C
4.24,75,C
5.8,79,C
4.13,78,C
3.07,75,A
171.0,90,B
4.28,74,C
4.02,74,C
4.84,75,C
4.59,76,C
2.97,72,A
189.0,81,B
5.15,76,C
4.09,75,C
174.0,86,B
4.25,75,C
5.12,70,C
2.69,75,A
3.46,74,A
170.0,81,B
5.3,74,C
3.69,79,A
3.38,77,A
189.0,84,B
162.0,80,B
4.86,72,C
5.35,77,C
155.0,82,B
152.0,90,B
187.0,81,B
4.55,78,C
4.61,74,C
5.58,80,C
4.89,79,C
5.6,78,C
3.64,80,A
3.72,71,A
3.83,79,A
163.0,86,B
4.86,74,C
4.64,80,C
5.16,74,C
4.74,80,C
5.2,70,C
163.0,80,B
5.41,72,C
5.38,72,C
2.75,77,A
2.33,70,A
177.0,90,B
4.86,70,C
2.29,79,A
3.78,71,A
188.0,80,B
158.0,89,B
183.0,83,B
4.69,77,C
2.31,74,A
2.05,72,A
3.29,72,A
162.0,89,B
162.0,85,B
183.0,86,B
5.27,76,C
4.68,79,C
4.14,78,C
2.82,75,A
2.62,70,A
3.35,75,A
3.21,76,A
151.0,81,B
4.73,72,C
4.44,71,C
3.98,70,A
2.91,70,A
5.38,75,C
4.28,73,C
2.97,73,A
2.06,80,A
190.0,81,B
5.01,80,C
5.93,78,C
4.77,73,C
2.08,79,A
184.0,88,B
4.06,71,C
4.78,71,C
2.32,79,A
2.05,70,A
160.0,90,B
184.0,89,B
5.51,74,C
186.0,85,B
2.92,75,A
194.0,81,B
152.0,82,B
189.0,83,B
4.58,70,C
5.8,75,C
2.23,80,A
3.91,79,A
172.0,84,B
4.63,76,C
5.78,72,C
5.21,77,C
3.65,76,A
152.0,85,B
173.0,90,B
5.97,72,C
4.58,75,C
3.92,70,A
4.78,80,C
4.77,74,C
2.68,75,A
158.0,80,B
157.0,82,B
161.0,84,B
183.0,83,B
5.08,78,C
4.31,74,C
3.11,74,A
3.08,73,A
3.52,76,A
156.0,83,B
200.0,90,B
167.0,81,B
5.67,80,C
4.88,78,C
4.6,75,C
2.52,78,A
2.39,71,A
178.0,85,B
4.12,78,C
4.68,73,C
4.54,78,C
5.93,70,C
5.12,77,C
170.0,81,B
162.0,86,B
196.0,89,B
184.0,90,B
4.69,77,C
5.16,79,C
4.28,73,C
4.89,78,C
3.25,77,A
174.0,80,B
190.0,89,B
4.98,78,C
2.8,74,A
3.99,79,A
178.0,82,B
195.0,80,B
152.0,90,B
5.76,72,C
3.25,71,A
169.0,81,B
158.0,84,B
5.14,78,C
3.24,72,A
2.4,71,A
4.79,73,C
187.0,87,B
4.08,71,C
4.95,75,C
5.09,71,C
4.46,76,C
5.93,76,C
5.82,76,C
5.44,80,C
3.07,70,A
200.0,86,B
5.74,73,C
4.26,70,C
5.58,77,C
4.25,71,C
5.59,72,C
2.55,74,A
3.75,75,A
188.0,90,B
195.0,89,B
5.89,71,C
4.3,77,C
2.93,80,A
182.0,85,B
165.0,81,B
198.0,80,B
5.96,76,C
162.0,90,B
164.0,84,B
163.0,89,B
4.97,75,C
5.73,77,C
167.0,87,B
173.0,90,B
5.18,74,C
4.75,76,C
4.57,75,C
4.41,79,C
3.52,75,A
2.77,73,A
3.02,78,A
152.0,87,B
197.0,88,B
4.98,80,C
5.15,72,C
5.73,71,C
157.0,84,B
150.0,84,B
189.0,88,B
5.96,74,C
4.82,79,C
3.66,78,A
181.0,85,B
5.53,78,C
3.15,71,A
3.91,71,A
2.4,75,A
180.0,81,B
4.22,72,C
5.71,73,C
4.88,70,C
3.69,76,A
3.79,77,A
2.12,72,A
158.0,90,B
5.77,79,C
4.9,71,C
5.02,76,C
5.25,80,C
5.85,79,C
2.04,78,A
158.0,90,B
4.95,79,C
3.38,75,A
198.0,88,B
5.45,77,C
5.39,70,C
4.27,80,C
185.0,81,B
4.6,73,C
4.72,71,C
5.61,70,C
2.56,70,A
2.42,71,A
3.91,77,A
187.0,84,B
188.0,81,B
173.0,80,B
197.0,82,B
4.02,74,C
6.0,74,C
5.35,79,C
3.66,71,A
2.59,72,A
154.0,90,B
156.0,85,B
4.03,74,C
5.48,70,C
5.67,71,C
5.48,80,C
4.29,79,C
5.51,73,C
3.54,80,A
3.32,73,A
3.53,70,A
185.0,89,B
162.0,83,B
5.69,73,C
3.23,79,A
2.18,76,A
2.98,76,A
175.0,82,B
4.16,77,C
4.82,71,C
2.81,77,A
2.13,76,A
2.7,79,A
186.0,80,B
197.0,89,B
2.22,76,A
5.62,80,C
3.9,75,A
4.14,76,C
5.91,77,C
5.05,74,C
4.6,71,C
2.15,78,A
3.0,80,A
154.0,80,B
5.59,80,C
5.41,72,C
2.1,72,A
4.15,80,C
4.81,77,C
2.59,72,A
154.0,84,B
189.0,83,B
4.46,79,C
4.56,77,C
3.61,76,A
3.86,80,A
165.0,82,B
196.0,87,B
4.81,71,C
5.81,75,C
2.64,71,A
2.95,79,A
182.0,83,B
180.0,81,B
4.45,71,C
5.28,73,C
5.96,74,C
3.21,70,A
2.72,79,A
183.0,90,B
193.0,85,B
181.0,87,B
5.3,75,C
4.25,77,C
3.78,78,A
3.01,73,A
2.9,73,A
186.0,85,B
157.0,88,B
5.17,75,C
5.25,71,C
4.14,72,C
3.37,75,A
2.48,71,A
153.0,87,B
184.0,87,B
164.0,88,B
5.43,75,C
5.65,78,C
3.61,71,A
173.0,86,B
166.0,85,B
175.0,85,B
5.11,74,C
5.04,78,C
4.29,70,C
5.55,76,C
4.54,80,C
4.99,73,C
2.57,75,A
193.0,88,B
187.0,80,B
4.27,79,C
5.26,80,C
4.11,73,C
3.5,79,A
4.64,72,C
4.0,74,C
3.02,75,A
2.09,73,A
181.0,90,B
170.0,83,B
2.55,79,A
152.0,82,B
192.0,85,B
173.0,84,B
156.0,85,B
5.41,78,C
4.13,76,C
3.68,79,A
2.01,70,A
2.49,77,A
161.0,87,B
5.48,79,C
160.0,89,B
189.0,84,B
185.0,83,B
168.0,84,B
4.63,73,C
4.2,77,C
176.0,89,B
4.72,73,C
2.54,72,A
3.69,76,A
192.0,83,B
4.63,75,C
3.58,74,A
188.0,87,B
186.0,82,B
5.78,74,C
4.87,79,C
5.82,72,C
4.75,77,C
3.93,80,A
4.18,77,C
5.37,71,C
178.0,90,B
191.0,85,B
164.0,82,B
4.99,70,C
2.78,74,A
3.27,70,A
3.41,71,A
2.01,78,A
163.0,86,B
184.0,82,B
161.0,84,B
179.0,88,B
4.33,74,C
3.43,75,A
180.0,86,B
169.0,87,B
5.33,80,C
3.93,76,A
192.0,86,B
154.0,80,B
5.52,79,C
5.9,74,C
3.41,72,A
198.0,89,B
193.0,89,B
4.6,77,C
4.21,70,C
5.56,76,C
5.29,74,C
4.1,74,C
198.0,84,B
169.0,87,B
155.0,86,B
4.72,72,C
5.91,80,C
3.0,70,A
167.0,81,B
4.87,71,C
4.92,79,C
2.42,70,A
160.0,89,B
4.74,71,C
4.74,79,C
4.1,76,C
5.54,76,C
4.83,79,C
197.0,90,B
158.0,80,B
5.64,73,C
5.7,72,C
4.42,73,C
3.31,72,A
2.94,70,A
3.76,76,A
151.0,81,B
192.0,83,B
4.43,71,C
5.36,79,C
3.22,76,A
2.59,78,A
182.0,80,B
197.0,86,B
4.27,78,C
5.3,73,C
3.48,77,A
153.0,88,B
182.0,84,B
4.63,79,C
5.29,75,C
4.79,80,C
3.43,79,A
2.4,79,A
3.78,73,A
2.57,75,A
193.0,80,B
4.74,76,C
2.12,70,A
2.22,73,A
3.03,73,A
160.0,86,B
166.0,88,B
4.54,73,C
5.67,72,C
4.03,79,C
4.76,70,C
2.67,73,A
2.04,73,A
185.0,87,B
167.0,88,B
164.0,83,B
165.0,82,B
158.0,88,B
161.0,85,B
194.0,86,B
4.25,79,C
4.83,70,C
4.99,77,C
4.81,70,C
3.06,75,A
3.19,71,A
2.02,80,A
192.0,83,B
175.0,90,B
2.93,70,A
3.93,73,A
3.04,70,A
3.36,76,A
180.0,90,B
179.0,82,B
4.62,77,C
3.55,77,A
3.55,78,A
188.0,89,B
5.04,74,C
185.0,85,B
192.0,85,B
5.95,74,C
4.25,75,C
2.03,73,A
3.54,72,A
3.61,73,A
189.0,90,B
199.0,87,B
4.24,73,C
4.53,76,C
4.04,73,C
2.59,77,A
3.55,76,A
5.04,79,C
4.7,73,C
2.74,74,A
185.0,86,B
162.0,82,B
4.0,71,C
4.6,74,C
5.29,79,C
3.95,78,A
191.0,89,B
187.0,80,B
187.0,81,B
5.69,70,C
4.05,80,C
5.8,77,C
3.57,73,A
3.56,73,A
4.92,70,C
2.8,80,A
2.61,79,A
182.0,81,B
171.0,89,B
4.13,72,C
4.46,79,C
2.49,75,A
2.97,78,A
3.49,77,A
4.95,78,C
2.12,72,A
3.92,70,A
3.89,79,A
181.0,84,B
150.0,88,B
153.0,80,B
5.57,79,C
3.98,71,A
176.0,82,B
5.09,75,C
5.93,76,C
165.0,85,B
166.0,84,B
4.15,70,C
2.73,72,A
2.45,70,A
4.39,70,C
162.0,87,B
156.0,90,B
160.0,88,B
2.28,70,A
3.24,75,A
156.0,85,B
174.0,81,B
5.56,74,C
5.16,75,C
2.29,74,A
198.0,80,B
151.0,84,B
5.62,73,C
5.27,75,C
4.78,73,C
3.35,71,A
2.52,78,A
177.0,87,B
199.0,82,B
4.69,72,C
5.83,80,C
4.58,75,C
4.94,77,C
3.78,73,A
3.42,71,A
2.12,75,A
2.29,79,A
2.02,72,A
193.0,88,B
5.26,71,C
4.9,73,C
4.27,80,C
5.92,73,C
5.06,74,C
4.48,71,C
5.0,75,C
5.36,71,C
2.15,80,A
2.55,70,A
188.0,80,B
5.61,75,C
4.92,75,C
3.09,74,A
2.87,71,A
160.0,85,B
154.0,86,B
4.09,70,C
4.33,72,C
4.89,76,C
2.42,74,A
187.0,90,B
186.0,80,B
2.1,70,A
3.69,75,A
3.96,79,A
175.0,89,B
5.59,71,C
3.71,74,A
2.48,78,A
5.92,75,C
2.39,80,A
176.0,88,B
3.9,75,A
3.99,73,A
171.0,89,B
5.42,78,C
3.96,71,A
184.0,84,B
5.14,70,C
2.52,78,A
4.87,72,C
3.19,74,A
161.0,85,B
4.15,70,C
5.24,75,C
5.96,74,C
4.38,73,C
5.59,73,C
3.82,72,A
165.0,89,B
153.0,85,B
5.89,80,C
5.92,77,C
5.04,78,C
3.95,78,A
196.0,86,B
188.0,84,B
192.0,81,B
5.51,77,C
4.32,75,C
2.95,71,A
3.44,74,A
2.49,76,A
5.28,72,C
3.33,78,A
2.33,72,A
197.0,83,B
160.0,90,B
5.13,76,C
5.54,70,C
5.0,75,C
4.02,71,C
4.02,75,C
2.71,80,A
183.0,87,B
186.0,81,B
187.0,87,B
176.0,85,B
5.85,76,C
4.46,79,C
5.27,74,C
2.44,70,A
195.0,84,B
175.0,87,B
159.0,90,B
2.64,78,A
3.7,75,A
3.46,75,A
2.19,78,A
160.0,86,B
200.0,84,B
4.86,77,C
4.06,71,C
151.0,90,B
2.96,74,A
3.32,79,A
2.24,73,A
187.0,82,B
197.0,87,B
4.58,72,C
4.8,75,C
5.84,70,C
3.99,80,A
168.0,90,B
169.0,87,B
156.0,84,B
2.09,74,A
154.0,88,B
5.52,75,C
4.74,76,C
2.78,73,A
164.0,83,B
181.0,80,B
5.51,76,C
184.0,90,B
5.84,76,C
3.9,73,A
3.15,74,A
186.0,83,B
171.0,90,B
4.71,70,C
5.58,76,C
4.5,77,C
5.13,74,C
4.72,71,C
151.0,82,B
5.31,72,C
4.48,73,C
2.38,77,A
3.84,73,A
2.2,79,A
191.0,80,B
166.0,82,B
196.0,82,B
160.0,83,B
5.01,72,C
4.44,75,C
154.0,88,B
159.0,83,B
4.08,71,C
2.07,76,A
2.35,80,A
5.73,78,C
4.56,75,C
5.9,78,C
5.16,72,C
2.87,79,A
3.16,80,A
3.03,72,A
3.52,80,A
4.56,80,C
167.0,89,B
4.71,78,C
5.79,70,C
3.89,78,A
5.79,80,C
4.84,75,C
3.56,79,A
177.0,85,B
170.0,86,B
191.0,85,B
4.95,75,C
5.0,70,C
4.41,76,C
3.18,77,A
184.0,84,B
4.37,77,C
4.66,79,C
5.71,73,C
4.41,73,C
4.14,76,C
2.14,77,A
3.88,79,A
152.0,84,B
169.0,86,B
154.0,80,B
191.0,89,B
5.01,77,C
4.82,73,C
3.62,75,A
166.0,82,B
5.67,74,C
4.66,79,C
5.39,73,C
5.54,72,C
3.31,79,A
2.3,70,A
3.75,72,A
5.08,75,C
4.56,79,C
4.85,80,C
4.08,75,C
2.26,76,A
3.53,71,A
171.0,88,B
4.0,80,C
151.0,89,B
189.0,87,B
197.0,88,B
4.83,74,C
5.05,79,C
4.11,74,C
3.95,70,A
2.45,72,A
168.0,85,B
4.61,78,C
4.61,71,C
4.46,71,C
183.0,80,B
2.0,78,A
3.46,79,A
190.0,81,B
3.93,78,A
4.45,74,C
5.33,80,C
5.48,75,C
181.0,88,B
5.7,80,C
4.85,74,C
2.61,70,A
168.0,83,B
171.0,85,B
176.0,84,B
4.65,80,C
5.43,72,C
5.63,73,C
4.36,76,C
189.0,88,B
4.74,75,C
5.8,73,C
5.61,79,C
3.97,73,A
3.51,78,A
2.79,78,A
173.0,89,B
192.0,83,B
5.18,80,C
5.32,80,C
199.0,90,B
4.16,76,C
3.09,71,A
3.42,79,A
177.0,84,B
4.33,77,C
5.56,73,C
3.17,77,A
3.9,73,A
185.0,85,B
4.08,70,C
2.53,73,A
3.2,74,A
2.59,71,A
170.0,87,B
185.0,89,B
5.43,76,C
3.52,74,A
2.21,75,A
3.03,76,A
197.0,87,B
165.0,87,B
178.0,89,B
183.0,84,B
154.0,86,B
160.0,89,B
187.0,80,B
5.02,70,C
4.74,71,C
3.87,79,A
3.66,72,A
171.0,85,B
5.39,77,C
5.43,72,C
4.92,80,C
3.84,76,A
151.0,82,B
190.0,83,B
5.39,74,C
5.46,75,C
3.72,72,A
2.55,77,A
163.0,84,B
176.0,87,B
151.0,84,B
5.61,74,C
4.39,78,C
2.69,73,A
190.0,88,B
4.67,70,C
3.96,74,A
3.71,73,A
3.4,77,A
3.45,78,A
183.0,80,B
167.0,87,B
5.12,73,C
5.89,70,C
4.99,77,C
2.76,77,A
2.33,72,A
160.0,82,B
192.0,87,B
3.57,75,A
162.0,84,B
5.47,74,C
4.77,73,C
4.05,72,C
5.68,70,C
152.0,85,B
169.0,89,B
4.02,79,C
164.0,86,B
5.41,76,C
5.94,70,C
2.88,75,A
182.0,90,B
192.0,88,B
194.0,90,B
4.47,71,C
5.41,80,C
5.63,79,C
3.09,77,A
187.0,89,B
167.0,83,B
162.0,86,B
5.93,74,C
4.1,74,C
3.01,75,A
197.0,84,B
176.0,84,B
188.0,87,B
159.0,82,B
3.44,76,A
5.73,78,C
4.36,74,C
5.6,72,C
5.11,75,C
4.79,72,C
4.26,78,C
3.73,71,A
2.31,79,A
2.62,72,A
4.58,72,C
3.74,77,A
182.0,81,B
5.35,73,C
5.59,72,C
4.5,79,C
5.25,74,C
192.0,84,B
5.14,77,C
5.67,72,C
5.81,78,C
4.02,80,C
3.35,71,A
2.1,75,A
3.1,71,A
198.0,87,B
196.0,80,B
4.58,71,C
4.61,71,C
4.71,78,C
3.24,71,A
170.0,87,B
189.0,89,B
2.67,78,A
187.0,85,B
176.0,84,B
5.47,79,C
2.81,78,A
4.14,75,C
5.57,72,C
4.57,71,C
2.87,70,A
5.37,80,C
2.66,72,A
164.0,85,B
187.0,87,B
190.0,80,B
4.11,79,C
4.75,77,C
159.0,82,B
185.0,81,B
5.89,70,C
5.28,70,C
3.34,74,A
3.26,77,A
163.0,90,B
165.0,83,B
192.0,90,B
165.0,88,B
161.0,81,B
4.4,70,C
4.84,70,C
3.5,80,A
179.0,89,B
2.2,71,A
195.0,85,B
4.56,74,C
4.55,80,C
2.86,74,A
152.0,87,B
175.0,81,B
154.0,80,B
5.96,73,C
4.14,78,C
3.04,76,A
2.36,74,A
199.0,85,B
3.94,71,A
182.0,86,B
4.23,75,C
4.81,76,C
3.48,78,A
3.41,80,A
2.85,77,A
179.0,89,B
163.0,88,B
4.69,80,C
4.8,76,C
4.53,80,C
2.41,78,A
4.97,76,C
4.54,74,C
4.57,77,C
5.31,72,C
3.94,76,A
3.21,76,A
2.15,72,A
2.15,73,A
170.0,85,B
5.9,80,C
4.59,79,C
2.18,76,A
3.2,71,A
175.0,90,B
5.25,70,C
5.3,79,C
4.53,74,C
2.03,78,A
158.0,81,B
196.0,82,B
174.0,89,B
5.93,72,C
4.5,77,C
3.35,74,A
3.41,74,A
3.22,71,A
170.0,84,B
193.0,80,B
4.63,77,C
4.54,74,C
3.2,78,A
3.73,73,A
195.0,87,B
151.0,90,B
171.0,85,B
178.0,82,B
5.89,74,C
4.21,72,C
2.31,70,A
3.89,77,A
3.47,71,A
178.0,89,B
5.77,76,C
4.41,72,C
195.0,88,B
150.0,89,B
5.18,75,C
5.4,76,C
5.36,78,C
4.82,70,C
2.03,79,A
3.17,71,A
161.0,87,B
4.51,76,C
154.0,89,B
199.0,84,B
187.0,89,B
198.0,80,B
4.9,71,C
196.0,87,B
5.92,80,C
4.8,71,C
5.68,78,C
4.38,70,C
3.34,71,A
5.95,71,C
4.2,80,C
4.02,70,C
2.87,71,A
2.19,75,A
3.5,77,A
162.0,84,B
188.0,86,B
5.83,77,C
4.87,76,C
4.52,73,C
2.87,74,A
3.45,79,A
2.02,80,A
199.0,89,B
199.0,83,B
5.18,70,C
5.23,75,C
5.28,71,C
4.48,80,C
5.43,80,C
2.18,80,A
2.4,72,A
5.75,72,C
5.48,73,C
4.03,72,C
4.5,79,C
2.43,71,A
182.0,90,B
4.54,70,C
4.5,80,C
2.13,78,A
153.0,85,B
4.92,70,C
5.47,71,C
3.21,70,A
191.0,80,B
179.0,84,B
5.35,71,C
4.16,76,C
5.9,75,C
3.68,79,A
154.0,86,B
196.0,85,B
5.61,74,C
5.65,71,C
5.87,70,C
5.09,70,C
4.4,76,C
171.0,84,B
179.0,83,B
5.23,80,C
5.49,78,C
3.48,79,A
3.04,80,A
151.0,82,B
4.14,78,C
4.74,77,C
3.84,75,A
3.17,77,A
5.08,76,C
4.54,80,C
2.74,75,A
159.0,84,B
191.0,86,B
5.79,76,C
3.33,78,A
171.0,81,B
156.0,84,B
5.57,77,C
4.91,70,C
5.26,79,C
175.0,81,B
166.0,89,B
156.0,86,B
4.5,79,C
5.41,76,C
179.0,87,B
159.0,84,B
4.86,76,C
4.89,74,C
175.0,89,B
5.3,78,C
5.87,70,C
2.13,77,A
185.0,88,B
170.0,85,B
3.65,78,A
2.58,75,A
2.89,80,A
176.0,83,B
156.0,84,B
4.04,72,C
4.6,77,C
5.01,72,C
2.11,76,A
2.98,74,A
178.0,87,B
171.0,89,B
185.0,87,B
5.85,78,C
4.21,80,C
5.53,78,C
4.82,78,C
5.31,80,C
2.52,79,A
2.32,74,A
199.0,84,B
152.0,82,B
181.0,83,B
174.0,84,B
187.0,84,B
4.32,70,C
4.14,70,C
2.37,70,A
5.33,70,C
5.76,79,C
3.63,70,A
3.37,74,A
184.0,80,B
4.22,73,C
4.58,79,C
4.62,74,C
2.5,76,A
3.03,71,A
173.0,80,B
168.0,86,B
5.07,77,C
2.71,70,A
4.71,73,C
3.66,78,A
165.0,86,B
5.58,72,C
4.62,73,C
5.83,74,C
161.0,86,B
5.91,77,C
4.65,77,C
4.71,76,C
5.01,75,C
3.88,77,A
151.0,86,B
158.0,81,B
5.75,73,C
4.21,74,C
4.79,80,C
5.11,73,C
174.0,85,B
3.01,80,A
2.39,70,A
196.0,85,B
5.72,74,C
3.35,80,A
3.68,80,A
161.0,80,B
175.0,84,B
5.72,77,C
5.5,80,C
2.88,73,A
3.22,74,A
4.32,79,C
5.35,72,C
157.0,90,B
4.36,75,C
3.39,78,A
152.0,83,B
163.0,83,B
4.46,75,C
4.24,77,C
4.33,73,C
4.0,78,C
3.44,70,A
3.46,76,A
3.03,73,A
2.32,70,A
154.0,83,B
4.17,77,C
4.04,76,C
4.33,78,C
189.0,81,B
178.0,81,B
190.0,82,B
166.0,82,B
5.78,73,C
2.48,73,A
192.0,81,B
4.71,75,C
2.21,75,A
190.0,83,B
160.0,90,B
189.0,85,B
4.44,75,C
5.04,71,C
174.0,83,B
197.0,87,B
5.22,71,C
4.49,77,C
2.12,78,A
2.78,76,A
180.0,86,B
159.0,89,B
167.0,90,B
169.0,86,B
4.47,70,C
4.44,73,C
3.92,75,A
3.23,75,A
3.11,71,A
172.0,87,B
174.0,84,B
175.0,83,B
158.0,87,B
4.83,78,C
4.86,77,C
3.08,77,A
3.39,73,A
181.0,90,B
150.0,81,B
5.4,74,C
166.0,86,B
4.34,77,C
5.0,75,C
2.82,72,A
3.74,80,A
192.0,84,B
5.26,74,C
3.07,72,A
2.23,80,A
160.0,87,B
199.0,84,B
174.0,81,B
5.21,75,C
2.23,76,A
2.67,79,A
2.29,71,A
3.38,77,A
2.41,77,A
151.0,90,B
167.0,80,B
153.0,88,B
4.78,74,C
5.79,73,C
4.41,79,C
3.02,73,A
4.84,78,C
2.04,73,A
174.0,82,B
183.0,89,B
188.0,83,B
5.59,74,C
2.14,75,A
2.95,80,A
186.0,88,B
164.0,87,B
3.12,71,A
174.0,83,B
160.0,80,B
199.0,80,B
5.26,71,C
5.38,76,C
2.51,72,A
2.02,71,A
3.45,80,A
177.0,84,B
180.0,90,B
161.0,82,B
154.0,82,B
5.07,72,C
5.67,80,C
5.64,73,C
5.69,80,C
2.97,72,A
154.0,85,B
180.0,84,B
191.0,84,B
194.0,84,B
4.67,76,C
3.58,72,A
162.0,80,B
162.0,86,B
4.9,70,C
4.37,72,C
5.71,75,C
5.77,73,C
2.93,80,A
2.15,80,A
187.0,82,B
161.0,90,B
181.0,81,B
4.78,76,C
3.61,76,A
3.8,79,A
2.41,74,A
2.13,70,A
3.75,76,A
197.0,83,B
154.0,86,B
4.78,72,C
3.08,74,A
3.94,70,A
184.0,86,B
4.13,79,C
5.3,72,C
2.15,80,A
181.0,82,B
165.0,83,B
188.0,85,B
4.75,78,C
5.61,74,C
2.87,70,A
3.99,72,A
3.12,71,A
199.0,84,B
195.0,86,B
4.64,74,C
2.44,70,A
2.7,78,A
2.75,76,A
174.0,83,B
153.0,88,B
2.14,71,A
192.0,80,B
194.0,81,B
155.0,84,B
152.0,84,B
4.74,79,C
2.93,76,A
154.0,83,B
5.45,76,C
5.31,76,C
5.42,73,C
4.02,80,C
2.44,80,A
189.0,82,B
5.32,79,C
4.97,75,C
4.01,80,C
5.61,71,C
3.55,79,A
3.1,75,A
4.13,75,C
5.53,74,C
5.17,70,C
184.0,85,B
5.56,77,C
5.5,72,C
5.61,76,C
3.04,79,A
176.0,90,B
169.0,87,B
4.28,76,C
5.34,80,C
5.24,73,C
5.48,71,C
4.34,70,C
4.39,76,C
165.0,83,B
178.0,88,B
5.78,76,C
5.5,73,C
3.82,78,A
3.52,75,A
5.19,80,C
5.31,70,C
5.78,71,C
3.16,79,A
3.26,73,A
154.0,88,B
181.0,83,B
4.31,73,C
195.0,85,B
173.0,84,B
168.0,88,B
4.95,78,C
3.43,74,A
2.54,75,A
2.4,70,A
2.63,77,A
2.48,76,A
4.43,72,C
4.85,71,C
5.82,71,C
3.01,80,A
4.38,80,C
4.15,76,C
5.39,76,C
4.77,80,C
153.0,87,B
5.64,78,C
5.32,77,C
5.59,73,C
4.54,74,C
3.38,75,A
4.53,76,C
5.88,77,C
3.27,76,A
2.65,78,A
2.54,80,A
177.0,81,B
182.0,84,B
4.38,74,C
5.39,79,C
4.44,74,C
3.19,75,A
2.53,75,A
3.32,76,A
167.0,83,B
3.63,78,A
3.56,75,A
3.52,78,A
158.0,86,B
187.0,90,B
4.38,77,C
4.18,72,C
5.4,71,C
4.74,78,C
4.86,76,C
4.06,74,C
4.52,74,C
2.07,70,A
5.76,72,C
4.49,75,C
3.11,73,A
2.08,71,A
3.33,74,A
4.65,71,C
3.8,71,A
3.78,70,A
4.65,77,C
5.8,79,C
5.99,76,C
3.65,73,A
3.69,79,A
2.5,79,A
162.0,83,B
179.0,89,B
175.0,83,B
5.15,75,C
4.13,79,C
2.19,76,A
6.0,74,C
4.65,78,C
5.5,77,C
5.61,76,C
3.72,70,A
171.0,83,B
6.0,79,C
2.48,70,A
2.08,74,A
2.82,80,A
196.0,85,B
189.0,86,B
186.0,85,B
164.0,86,B
2.26,73,A
173.0,87,B
197.0,81,B
159.0,85,B
4.04,74,C
4.72,73,C
5.57,74,C
5.13,72,C
2.63,77,A
5.31,74,C
4.46,71,C
4.03,70,C
5.53,78,C
5.25,74,C
5.52,79,C
4.08,77,C
3.67,70,A
183.0,81,B
186.0,90,B
5.24,75,C
3.13,73,A
150.0,90,B
3.25,71,A
3.73,79,A
5.17,71,C
5.16,76,C
5.98,72,C
5.51,76,C
2.88,77,A
3.41,75,A
2.78,76,A
4.46,76,C
5.19,79,C
5.86,75,C
3.86,75,A
189.0,89,B
4.68,76,C
5.06,73,C
4.42,75,C
3.99,76,A
196.0,88,B
3.96,80,A
167.0,82,B
168.0,89,B
172.0,86,B
192.0,83,B
160.0,85,B
5.3,74,C
5.61,80,C
5.43,78,C
3.19,77,A
4.11,78,C
4.91,80,C
3.35,79,A
5.36,78,C
4.75,78,C
5.88,76,C
2.33,80,A
171.0,89,B
155.0,90,B
5.0,73,C
5.38,80,C
3.39,76,A
3.3,74,A
2.55,79,A
2.31,72,A
3.27,74,A
191.0,83,B
188.0,81,B
175.0,87,B
170.0,85,B
199.0,86,B
5.2,70,C
4.36,72,C
5.41,71,C
4.91,74,C
194.0,84,B
179.0,83,B
156.0,87,B
152.0,86,B
5.34,80,C
5.67,79,C
2.34,75,A
2.04,71,A
3.56,72,A
166.0,85,B
5.22,71,C
3.4,77,A
3.68,75,A
194.0,86,B
5.61,76,C
5.92,71,C
5.07,71,C
173.0,80,B
175.0,80,B
195.0,86,B
4.98,80,C
4.8,78,C
4.31,75,C
5.15,72,C
4.55,73,C
3.84,77,A
183.0,83,B
197.0,88,B
5.17,70,C
3.19,76,A
2.71,78,A
156.0,81,B
170.0,90,B
154.0,80,B
2.1,70,A
2.06,79,A
2.85,72,A
152.0,90,B
4.17,74,C
3.21,80,A
3.76,71,A
153.0,90,B
184.0,87,B
5.77,77,C
5.32,74,C
2.42,76,A
3.73,77,A
187.0,81,B
163.0,89,B
188.0,83,B
5.77,72,C
2.39,80,A
193.0,82,B
185.0,86,B
168.0,84,B
5.47,70,C
4.57,74,C
3.61,80,A
3.99,75,A
189.0,81,B
4.06,76,C
5.79,73,C
3.25,77,A
3.95,72,A
179.0,83,B
4.93,75,C
5.69,71,C
4.12,78,C
186.0,89,B
170.0,86,B
176.0,83,B
159.0,82,B
183.0,84,B
169.0,86,B
4.67,79,C
2.13,75,A
3.95,80,A
5.63,74,C
3.71,80,A
3.88,80,A
165.0,87,B
4.17,76,C
2.77,72,A
2.14,72,A
2.42,74,A
199.0,87,B
161.0,82,B
4.46,73,C
2.94,70,A
2.54,77,A
2.2,77,A
153.0,89,B
171.0,88,B
196.0,88,B
4.33,78,C
2.29,71,A
164.0,81,B
166.0,84,B
5.95,77,C
3.52,72,A
3.94,72,A
2.88,76,A
176.0,84,B
167.0,90,B
167.0,87,B
4.56,76,C
5.6,76,C
4.65,75,C
4.6,77,C
4.47,79,C
187.0,81,B
4.26,79,C
4.51,76,C
4.71,78,C
5.35,75,C
4.13,79,C
2.42,72,A
5.62,73,C
4.29,79,C
4.69,70,C
5.73,75,C
4.31,71,C
2.17,75,A
4.97,76,C
4.6,74,C
3.13,74,A
3.61,79,A
2.27,77,A
173.0,85,B
5.16,75,C
5.01,70,C
4.29,80,C
3.25,73,A
2.55,73,A
2.98,71,A
173.0,80,B
177.0,85,B
4.16,77,C
159.0,88,B
4.92,72,C
4.61,79,C
5.64,76,C
2.11,75,A
2.84,80,A
2.92,77,A
3.45,75,A
3.15,77,A
5.33,79,C
5.55,74,C
3.72,77,A
187.0,80,B
4.63,71,C
5.08,75,C
5.68,71,C
5.98,77,C
5.78,77,C
4.74,70,C
4.39,70,C
2.98,72,A
3.48,74,A
4.99,79,C
4.97,77,C
5.68,75,C
2.72,80,A
3.72,70,A
2.81,74,A
155.0,86,B
4.66,74,C
4.91,76,C
5.52,74,C
4.25,74,C
4.39,74,C
3.9,80,A
177.0,89,B
159.0,80,B
4.35,70,C
5.14,71,C
5.16,71,C
2.98,75,A
175.0,88,B
171.0,87,B
5.29,72,C
2.46,78,A
168.0,84,B
5.11,75,C
4.74,71,C
5.32,80,C
2.28,78,A
170.0,87,B
5.14,74,C
2.37,76,A
2.56,72,A
190.0,81,B
185.0,85,B
4.44,79,C
4.37,80,C
5.65,77,C
4.57,79,C
3.85,73,A
3.94,78,A
5.14,75,C
4.29,76,C
4.75,75,C
5.6,79,C
4.73,78,C
4.17,77,C
3.11,75,A
3.69,73,A
3.59,70,A
172.0,88,B
186.0,82,B
4.35,79,C
5.35,77,C
4.44,77,C
4.44,80,C
181.0,89,B
5.75,78,C
2.5,75,A
181.0,86,B
4.53,75,C
4.0,73,C
5.74,79,C
3.59,75,A
3.25,70,A
3.5,71,A
4.3,72,C
4.92,79,C
2.7,70,A
2.19,75,A
153.0,82,B
185.0,90,B
166.0,82,B
4.97,71,C
5.84,75,C
4.08,74,C
4.58,77,C
2.42,70,A
4.48,80,C
5.82,72,C
2.94,70,A
159.0,84,B
4.93,75,C
5.52,70,C
2.31,72,A
2.97,79,A
2.86,80,A
3.19,72,A
4.0,78,A
194.0,83,B
179.0,84,B
5.54,79,C
4.8,77,C
5.66,80,C
4.34,79,C
2.06,77,A
2.41,74,A
171.0,88,B
196.0,85,B
188.0,86,B
4.68,74,C
5.02,70,C
5.23,73,C
195.0,90,B
172.0,80,B
3.82,78,A
3.02,74,A
3.0,77,A
4.1,79,C
4.07,79,C
5.1,74,C
2.88,74,A
3.68,77,A
4.32,74,C
2.05,72,A
2.9,71,A
165.0,88,B
4.47,77,C
4.1,77,C
199.0,81,B
181.0,80,B
163.0,84,B
5.45,77,C
2.22,71,A
3.22,73,A
4.56,79,C
4.35,72,C
4.76,73,C
5.6,80,C
4.78,79,C
5.5,77,C
2.25,80,A
151.0,87,B
168.0,83,B
168.0,85,B
5.55,73,C
4.47,79,C
5.35,80,C
3.13,76,A
5.86,76,C
4.77,77,C
4.13,70,C
2.04,77,A
3.65,79,A
180.0,88,B
166.0,81,B
189.0,88,B
5.05,75,C
5.55,76,C
2.47,70,A
4.69,70,C
4.06,78,C
5.92,71,C
5.34,79,C
3.87,80,A
186.0,83,B
4.53,79,C
5.22,70,C
5.36,75,C
2.64,74,A
171.0,83,B
5.7,75,C
5.89,76,C
160.0,87,B
158.0,90,B
155.0,89,B
3.77,77,A
192.0,87,B
5.48,79,C
199.0,86,B
167.0,86,B
4.55,79,C
183.0,82,B
4.56,73,C
5.93,73,C
190.0,81,B
190.0,86,B
4.02,76,C
5.43,75,C
5.41,75,C
165.0,86,B
5.25,79,C
5.98,71,C
2.62,72,A
2.68,70,A
2.16,75,A
2.89,77,A
173.0,86,B
195.0,84,B
4.52,76,C
4.69,75,C
3.67,79,A
193.0,81,B
5.87,70,C
4.37,72,C
2.75,76,A
3.86,74,A
151.0,85,B
154.0,88,B
4.12,76,C
2.18,79,A
2.33,77,A
153.0,87,B
5.19,72,C
4.3,75,C
5.94,77,C
4.89,76,C
3.0,72,A
2.49,70,A
2.94,73,A
5.32,73,C
3.5,72,A
5.51,76,C
5.16,70,C
3.81,79,A
179.0,87,B
180.0,84,B
5.63,79,C
5.51,73,C
4.11,78,C
175.0,83,B
187.0,83,B
4.01,79,C
4.42,79,C
178.0,81,B
5.33,73,C
2.82,74,A
178.0,85,B
199.0,83,B
4.8,74,C
5.77,71,C
5.79,79,C
5.82,79,C
172.0,89,B
170.0,89,B
4.63,78,C
5.38,72,C
4.54,74,C
2.38,77,A
164.0,80,B
4.37,72,C
4.68,74,C
2.86,79,A
3.66,72,A
2.24,80,A
193.0,82,B
5.47,74,C
5.06,80,C
168.0,81,B
150.0,81,B
4.58,75,C
4.99,74,C
2.6,71,A
173.0,86,B
156.0,85,B
195.0,86,B
5.19,76,C
4.87,76,C
4.33,76,C
2.23,75,A
165.0,87,B
156.0,85,B
5.09,80,C
5.8,76,C
4.69,74,C
3.47,76,A
5.32,74,C
5.86,73,C
5.64,76,C
5.13,79,C
3.31,77,A
3.8,71,A
2.8,71,A
175.0,83,B
4.65,70,C
4.02,75,C
5.65,76,C
3.6,74,A
153.0,84,B
158.0,90,B
4.21,76,C
5.15,71,C
4.93,76,C
4.24,78,C
3.96,75,A
189.0,85,B
169.0,86,B
4.43,70,C
157.0,85,B
4.13,77,C
3.19,73,A
5.48,76,C
188.0,88,B
4.06,75,C
185.0,88,B
154.0,84,B
5.32,77,C
5.06,70,C
4.21,80,C
2.35,79,A
3.14,80,A
190.0,87,B
4.59,73,C
5.88,73,C
5.64,72,C
3.97,77,A
2.52,79,A
183.0,80,B
5.94,74,C
4.86,70,C
2.7,74,A
195.0,88,B
191.0,85,B
4.1,70,C
4.11,72,C
5.38,78,C
193.0,89,B
153.0,80,B
4.92,71,C
171.0,90,B
170.0,81,B
183.0,82,B
4.45,76,C
5.23,74,C
4.51,72,C
5.16,77,C
4.72,75,C
3.65,70,A
5.64,75,C
4.95,75,C
4.7,80,C
4.73,76,C
5.61,76,C
2.66,79,A
2.42,74,A
191.0,87,B
4.17,74,C
2.93,75,A
2.96,74,A
5.68,78,C
4.44,72,C
4.76,79,C
5.62,80,C
3.65,71,A
2.77,80,A
2.92,76,A
161.0,90,B
157.0,84,B
163.0,81,B
4.61,74,C
5.87,75,C
4.24,77,C
3.87,72,A
5.37,73,C
3.06,70,A
2.07,80,A
2.95,73,A
2.82,80,A
2.32,71,A
153.0,82,B
3.31,76,A
176.0,81,B
192.0,90,B
192.0,81,B
5.94,77,C
5.12,80,C
5.43,74,C
4.14,80,C
2.84,75,A
2.23,73,A
3.23,74,A
3.88,73,A
3.32,71,A
2.15,70,A
2.71,71,A
5.1,71,C
4.81,72,C
3.67,77,A
3.63,78,A
5.22,71,C
4.75,74,C
4.51,71,C
4.21,76,C
4.71,75,C
4.83,71,C
5.35,71,C
5.32,78,C
2.14,71,A
2.79,80,A
184.0,83,B
185.0,80,B
180.0,86,B
4.36,71,C
4.31,79,C
5.65,73,C
2.08,73,A
2.84,73,A
171.0,82,B
166.0,89,B
196.0,83,B
2.34,74,A
5.76,76,C
5.11,80,C
2.46,80,A
3.0,70,A
3.46,71,A
3.92,72,A
184.0,81,B
176.0,87,B
170.0,82,B
4.44,78,C
5.77,71,C
165.0,89,B
5.87,71,C
5.83,78,C
5.27,74,C
3.26,78,A
2.81,70,A
175.0,85,B
5.5,79,C
3.06,78,A
152.0,81,B
5.35,75,C
4.86,72,C
3.46,80,A
174.0,85,B
5.65,74,C
4.29,78,C
5.67,73,C
3.08,80,A
3.69,77,A
179.0,83,B
4.86,71,C
4.76,79,C
5.83,73,C
4.5,75,C
3.69,78,A
181.0,86,B
155.0,83,B
4.97,72,C
3.03,80,A
151.0,81,B
166.0,84,B
4.62,74,C
5.15,78,C
2.65,71,A
2.08,79,A
172.0,89,B
181.0,82,B
4.54,71,C
4.01,70,C
5.96,74,C
3.93,75,A
2.79,70,A
3.46,76,A
4.69,73,C
5.34,73,C
5.61,80,C
3.89,80,A
175.0,84,B
4.8,78,C
5.57,73,C
2.53,74,A
3.98,73,A
2.05,74,A
157.0,80,B
163.0,81,B
5.21,71,C
193.0,87,B
5.32,70,C
3.38,80,A
2.24,71,A
179.0,90,B
182.0,83,B
5.88,74,C
4.36,73,C
192.0,81,B
5.25,75,C
4.45,80,C
4.61,74,C
5.09,78,C
2.83,73,A
2.32,70,A
2.34,75,A
4.84,78,C
5.51,76,C
3.8,74,A
197.0,80,B
175.0,83,B
165.0,80,B
4.17,72,C
4.79,78,C
2.2,78,A
2.03,76,A
3.32,75,A
3.2,75,A
190.0,81,B
184.0,84,B
4.33,78,C
4.47,71,C
4.05,72,C
5.67,70,C
5.95,79,C
2.27,79,A
2.46,77,A
3.74,73,A
196.0,81,B
151.0,83,B
5.85,75,C
2.84,70,A
2.1,76,A
2.08,79,A
184.0,89,B
188.0,84,B
197.0,87,B
172.0,82,B
5.15,72,C
4.79,75,C
152.0,88,B
187.0,85,B
170.0,82,B
4.06,71,C
5.17,78,C
2.02,72,A
3.57,78,A
2.61,74,A
4.08,71,C
3.18,74,A
174.0,81,B
176.0,86,B
170.0,80,B
187.0,85,B
4.8,73,C
5.95,80,C
5.09,70,C
2.55,74,A
3.42,70,A
2.54,70,A
184.0,81,B
165.0,87,B
163.0,89,B
5.81,79,C
2.75,71,A
3.1,70,A
193.0,81,B
175.0,90,B
161.0,88,B
166.0,82,B
4.1,74,C
2.85,74,A
162.0,83,B
174.0,88,B
5.66,79,C
5.61,80,C
4.45,72,C
4.45,75,C
174.0,85,B
188.0,87,B
5.63,79,C
5.86,74,C
2.19,74,A
2.9,72,A
182.0,81,B
155.0,80,B
183.0,89,B
4.67,78,C
5.74,76,C
4.17,75,C
2.42,71,A
154.0,90,B
189.0,86,B
5.5,73,C
4.1,75,C
4.99,70,C
4.88,78,C
2.67,70,A
188.0,84,B
4.79,71,C
5.06,70,C
2.32,74,A
161.0,82,B
169.0,80,B
5.14,72,C
3.61,71,A
3.52,79,A
2.31,75,A
168.0,86,B
190.0,87,B
168.0,87,B
2.3,78,A
2.54,79,A
2.72,80,A
190.0,85,B
4.82,70,C
3.36,77,A
177.0,87,B
163.0,81,B
4.11,77,C
2.07,78,A
157.0,88,B
4.78,70,C
5.39,72,C
4.39,71,C
5.28,75,C
2.52,79,A
3.77,76,A
180.0,84,B
158.0,89,B
172.0,84,B
5.79,78,C
4.59,70,C
4.46,72,C
4.82,71,C
172.0,87,B
197.0,80,B
4.48,76,C
5.34,70,C
170.0,81,B
182.0,90,B
5.65,71,C
5.35,75,C
175.0,83,B
194.0,83,B
193.0,85,B
5.65,77,C
2.79,74,A
2.31,74,A
187.0,85,B
5.48,77,C
4.72,79,C
5.34,77,C
4.54,70,C
2.16,75,A
3.99,71,A
196.0,82,B
4.31,74,C
5.98,75,C
3.95,74,A
5.59,80,C
5.32,70,C
5.16,73,C
5.73,71,C
2.58,71,A
2.94,75,A
164.0,86,B
185.0,90,B
5.24,79,C
4.82,72,C
2.85,71,A
4.66,73,C
5.13,73,C
5.7,71,C
2.4,70,A
3.87,76,A
191.0,88,B
5.38,74,C
5.65,76,C
5.11,80,C
3.56,80,A
2.03,70,A
186.0,81,B
169.0,88,B
174.0,80,B
181.0,83,B
183.0,82,B
3.64,70,A
198.0,82,B
179.0,84,B
159.0,85,B
4.08,77,C
5.78,76,C
195.0,86,B
3.98,79,A
170.0,85,B
154.0,85,B
4.59,74,C
4.42,72,C
3.53,71,A
2.51,73,A
3.73,79,A
155.0,83,B
162.0,90,B
4.21,71,C
4.25,80,C
5.96,80,C
3.35,76,A
178.0,87,B
196.0,84,B
5.69,74,C
4.65,75,C
171.0,80,B
5.35,71,C
3.19,78,A
3.21,73,A
5.37,70,C
5.15,74,C
2.86,77,A
2.55,79,A
3.54,80,A
2.45,75,A
192.0,80,B
199.0,90,B
5.38,76,C
4.47,71,C
3.25,76,A
191.0,81,B
5.49,74,C
4.44,80,C
2.12,73,A
2.26,71,A
3.21,74,A
3.7,73,A
155.0,80,B
4.09,70,C
5.47,73,C
4.68,74,C
4.96,70,C
3.86,77,A
190.0,87,B
4.66,78,C
4.93,71,C
2.03,75,A
2.16,78,A
2.52,78,A
187.0,82,B
198.0,81,B
2.06,75,A
179.0,82,B
158.0,82,B
175.0,89,B
5.26,73,C
4.85,75,C
5.1,72,C
4.35,80,C
2.59,73,A
174.0,81,B
154.0,88,B
3.33,78,A
3.93,77,A
2.1,77,A
190.0,86,B
3.78,78,A
3.15,79,A
170.0,82,B
169.0,87,B
3.13,79,A
156.0,89,B
5.0,78,C
4.14,72,C
4.18,75,C
3.2,77,A
2.68,74,A
3.83,76,A
196.0,86,B
159.0,86,B
4.81,71,C
2.29,79,A
159.0,84,B
168.0,85,B
5.43,70,C
2.59,80,A
5.05,77,C
5.4,76,C
5.8,75,C
3.58,75,A
5.35,80,C
5.36,73,C
3.89,73,A
2.59,74,A
4.0,80,C
2.54,71,A
162.0,84,B
185.0,88,B
4.44,74,C
185.0,87,B
5.32,73,C
5.27,71,C
3.19,70,A
179.0,81,B
164.0,84,B
187.0,90,B
4.03,79,C
5.46,78,C
183.0,83,B
4.65,72,C
5.33,80,C
5.11,79,C
2.69,77,A
184.0,87,B
4.27,79,C
4.19,80,C
3.66,73,A
5.84,79,C
5.3,77,C
4.21,73,C
4.8,77,C
3.46,71,A
3.56,75,A
2.24,74,A
2.0,73,A
151.0,82,B
185.0,88,B
3.42,78,A
2.71,70,A
2.51,70,A
180.0,84,B
179.0,85,B
4.03,76,C
5.08,80,C
191.0,80,B
5.7,77,C
3.92,70,A
3.13,74,A
3.03,80,A
166.0,89,B
4.17,77,C
191.0,81,B
5.1,70,C
4.76,70,C
5.21,77,C
4.78,73,C
4.48,76,C
4.19,74,C
4.63,70,C
4.19,72,C
4.35,72,C
3.97,77,A
2.89,71,A
197.0,81,B
5.06,79,C
5.75,74,C
5.99,78,C
194.0,82,B
5.17,78,C
3.62,70,A
2.65,72,A
2.61,76,A
2.81,80,A
5.35,72,C
5.36,74,C
4.63,77,C
2.27,70,A
192.0,83,B
5.26,79,C
4.26,79,C
3.16,73,A
3.39,70,A
188.0,87,B
5.4,78,C
3.51,70,A
3.75,70,A
5.0,73,C
3.46,72,A
157.0,88,B
5.24,73,C
4.37,79,C
2.05,80,A
2.57,74,A
174.0,87,B
190.0,85,B
4.89,71,C
5.23,80,C
5.7,73,C
4.39,78,C
4.25,75,C
185.0,85,B
198.0,90,B
161.0,88,B
152.0,90,B
189.0,89,B
5.93,76,C
4.22,74,C
4.96,74,C
5.17,73,C
3.08,78,A
2.17,72,A
2.11,79,A
185.0,86,B
184.0,83,B
2.21,73,A
181.0,87,B
161.0,86,B
5.17,79,C
159.0,81,B
196.0,85,B
155.0,81,B
5.09,77,C
4.47,75,C
5.28,75,C
167.0,86,B
5.64,79,C
173.0,84,B
4.08,78,C
5.0,79,C
3.38,70,A
2.5,80,A
2.62,75,A
3.23,79,A
175.0,83,B
162.0,88,B
175.0,87,B
197.0,83,B
5.8,78,C
5.62,77,C
5.17,72,C
5.46,72,C
179.0,89,B
4.73,75,C
3.28,77,A
2.93,77,A
183.0,85,B
195.0,84,B
197.0,86,B
4.38,70,C
5.4,80,C
164.0,87,B
173.0,90,B
181.0,84,B
157.0,88,B
193.0,88,B
5.11,75,C
4.72,76,C
3.82,73,A
2.04,74,A
2.63,75,A
160.0,88,B
194.0,85,B
4.11,78,C
5.53,79,C
5.4,79,C
2.66,72,A
3.35,73,A
2.79,75,A
154.0,82,B
197.0,87,B
172.0,80,B
167.0,84,B
5.51,73,C
4.91,74,C
4.82,78,C
3.87,75,A
2.5,75,A
4.24,79,C
183.0,85,B
5.17,78,C
5.94,71,C
2.76,78,A
158.0,82,B
172.0,82,B
4.12,72,C
4.68,73,C
5.01,75,C
2.32,71,A
169.0,87,B
198.0,87,B
173.0,90,B
5.32,78,C
4.0,78,A
2.9,75,A
180.0,81,B
200.0,81,B
4.71,74,C
2.8,70,A
156.0,82,B
4.23,79,C
5.77,74,C
4.83,74,C
4.77,71,C
3.32,77,A
155.0,83,B
4.88,77,C
3.3,72,A
199.0,81,B
4.12,79,C
5.63,70,C
5.88,70,C
3.3,73,A
173.0,87,B
5.91,73,C
4.3,78,C
4.95,78,C
3.2,73,A
157.0,88,B
5.16,78,C
4.8,77,C
2.68,71,A
175.0,81,B
173.0,90,B
171.0,81,B
4.25,77,C
4.78,76,C
198.0,84,B
194.0,85,B
2.33,77,A
3.47,75,A
2.42,80,A
2.12,74,A
5.1,79,C
5.19,77,C
5.74,75,C
5.15,79,C
4.69,71,C
3.61,72,A
3.08,72,A
200.0,81,B
4.16,73,C
5.13,77,C
5.82,78,C
4.79,76,C
4.59,72,C
2.29,72,A
4.3,78,C
2.87,73,A
3.19,79,A
2.16,75,A
174.0,80,B
5.88,70,C
5.51,75,C
5.17,78,C
3.66,80,A
2.16,73,A
2.95,76,A
187.0,87,B
200.0,80,B
5.26,73,C
5.66,76,C
159.0,84,B
5.57,75,C
4.55,72,C
5.88,79,C
4.25,71,C
5.75,77,C
5.94,75,C
4.35,72,C
3.44,79,A
198.0,81,B
157.0,86,B
169.0,85,B
4.08,75,C
2.81,74,A
192.0,83,B
161.0,82,B
5.03,80,C
5.16,78,C
5.87,76,C
5.34,74,C
2.96,78,A
3.62,78,A
3.9,78,A
2.04,79,A
5.97,73,C
4.17,72,C
3.63,72,A
2.56,77,A
2.26,73,A
2.88,72,A
3.29,79,A
191.0,81,B
150.0,80,B
152.0,84,B
4.76,80,C
4.11,70,C
3.2,78,A
177.0,88,B
5.8,78,C
4.77,79,C
4.43,71,C
2.89,76,A
2.1,76,A
3.64,74,A
5.65,70,C
5.18,79,C
2.71,74,A
3.6,78,A
3.11,76,A
188.0,86,B
182.0,89,B
183.0,85,B
5.65,72,C
5.26,75,C
5.57,76,C
3.2,70,A
2.83,76,A
3.92,70,A
3.08,77,A
3.21,75,A
2.44,72,A
178.0,87,B
5.25,77,C
5.14,76,C
4.37,78,C
4.12,73,C
3.21,72,A
5.53,78,C
192.0,85,B
189.0,87,B
170.0,82,B
150.0,82,B
5.05,71,C
4.45,72,C
3.33,73,A
166.0,82,B
153.0,82,B
171.0,85,B
4.16,75,C
161.0,87,B
4.88,79,C
4.33,70,C
4.37,79,C
4.4,72,C
2.77,76,A
2.1,78,A
2.8,70,A
5.02,78,C
4.97,77,C
2.77,76,A
185.0,90,B
167.0,88,B
5.68,75,C
4.29,77,C
5.01,79,C
4.12,78,C
2.14,71,A
184.0,84,B
189.0,87,B
5.15,71,C
5.13,80,C
5.76,73,C
5.12,77,C
3.92,72,A
198.0,87,B
150.0,80,B
4.1,76,C
4.2,72,C
4.09,76,C
4.37,76,C
5.08,80,C
5.29,70,C
4.09,72,C
3.89,72,A
155.0,80,B
168.0,83,B
5.68,70,C
4.59,75,C
4.15,80,C
2.34,73,A
2.25,80,A
2.25,71,A
3.04,70,A
191.0,85,B
4.49,73,C
151.0,88,B
150.0,80,B
4.72,77,C
5.98,74,C
5.37,70,C
5.9,78,C
2.29,71,A
176.0,87,B
170.0,80,B
170.0,86,B
4.76,73,C
5.11,80,C
4.15,80,C
2.01,73,A
3.34,74,A
3.28,77,A
161.0,86,B
4.82,72,C
2.98,73,A
4.83,77,C
178.0,85,B
4.05,71,C
4.67,79,C
2.35,75,A
2.2,78,A
5.91,76,C
5.2,73,C
3.46,78,A
4.63,76,C
178.0,87,B
150.0,81,B
171.0,80,B
4.79,78,C
4.47,76,C
2.19,72,A
160.0,87,B
4.36,78,C
3.6,75,A
3.36,79,A
3.09,74,A
153.0,86,B
2.95,71,A
3.84,71,A
169.0,81,B
4.15,71,C
4.56,79,C
4.7,74,C
5.56,71,C
3.99,72,A
2.48,76,A
150.0,89,B
5.75,70,C
5.66,70,C
4.45,73,C
4.8,79,C
4.82,70,C
3.96,70,A
2.36,74,A
175.0,82,B
182.0,88,B
171.0,81,B
5.6,70,C
2.67,79,A
153.0,86,B
5.46,71,C
4.84,71,C
5.16,76,C
166.0,89,B
198.0,82,B
161.0,80,B
188.0,87,B
189.0,89,B
185.0,81,B
5.67,77,C
5.61,79,C
3.73,79,A
2.12,72,A
181.0,80,B
3.38,80,A
180.0,85,B
198.0,82,B
167.0,84,B
191.0,88,B
4.28,79,C
4.83,75,C
5.1,74,C
2.81,71,A
3.04,75,A
171.0,87,B
170.0,85,B
5.99,79,C
2.27,73,A
3.35,71,A
157.0,89,B
179.0,84,B
4.79,79,C
4.27,73,C
4.32,80,C
192.0,86,B
5.9,79,C
176.0,87,B
5.76,72,C
5.81,79,C
3.98,71,A
163.0,88,B
198.0,88,B
4.42,76,C
4.71,78,C
5.34,76,C
4.97,73,C
4.84,73,C
179.0,85,B
156.0,88,B
188.0,86,B
4.72,80,C
5.19,75,C
3.15,71,A
2.32,75,A
178.0,85,B
4.94,71,C
5.11,75,C
5.14,71,C
4.42,71,C
158.0,85,B
199.0,84,B
195.0,90,B
155.0,84,B
5.48,74,C
4.05,76,C
4.71,80,C
5.56,76,C
5.13,72,C
2.52,71,A
3.39,72,A
3.13,74,A
3.59,75,A
188.0,82,B
5.47,72,C
5.22,79,C
2.98,71,A
175.0,88,B
4.27,80,C
2.52,72,A
151.0,88,B
4.84,79,C
5.2,79,C
3.03,70,A
4.58,78,C
159.0,90,B
4.01,79,C
4.99,71,C
186.0,87,B
4.57,80,C
5.47,75,C
4.05,80,C
5.17,74,C
5.88,79,C
2.35,78,A
182.0,82,B
4.94,71,C
2.18,80,A
196.0,86,B
177.0,81,B
5.25,71,C
176.0,84,B
195.0,83,B
5.1,75,C
4.81,70,C
199.0,86,B
170.0,88,B
5.04,77,C
5.79,71,C
2.39,74,A
2.05,79,A
3.72,75,A
173.0,90,B
5.15,80,C
5.78,71,C
5.19,77,C
5.62,73,C
4.86,77,C
3.5,72,A
3.83,77,A
171.0,86,B
152.0,86,B
150.0,88,B
3.14,77,A
2.36,78,A
200.0,83,B
193.0,89,B
4.54,76,C
2.4,70,A
2.49,77,A
156.0,80,B
159.0,88,B
4.61,79,C
5.11,75,C
3.18,79,A
2.85,78,A
3.23,75,A
150.0,83,B
4.16,74,C
2.18,77,A
2.34,79,A
181.0,90,B
5.04,70,C
4.43,72,C
2.57,80,A
2.8,78,A
3.62,76,A
4.03,79,C
5.3,80,C
5.34,75,C
3.6,76,A
194.0,89,B
5.87,78,C
4.04,70,C
189.0,90,B
174.0,90,B
4.31,77,C
3.77,70,A
4.92,74,C
5.13,77,C
3.33,74,A
3.36,77,A
3.86,74,A
5.99,71,C
5.44,80,C
4.57,72,C
5.76,75,C
4.1,70,C
2.46,77,A
3.79,77,A
2.51,78,A
2.44,77,A
178.0,87,B
155.0,87,B
162.0,83,B
180.0,86,B
4.28,70,C
5.72,71,C
5.0,77,C
5.35,78,C
2.48,80,A
170.0,80,B
5.52,76,C
5.52,73,C
4.63,77,C
155.0,84,B
161.0,84,B
4.82,80,C
4.42,77,C
5.95,71,C
5.29,79,C
3.87,73,A
4.61,70,C
5.56,70,C
3.53,76,A
3.38,77,A
3.93,71,A
165.0,80,B
191.0,80,B
4.79,74,C
4.26,80,C
5.34,78,C
5.46,74,C
5.15,78,C
2.41,75,A
3.01,79,A
2.62,73,A
2.85,78,A
157.0,88,B
5.29,76,C
5.49,74,C
2.46,74,A
2.81,75,A
2.54,71,A
187.0,87,B
174.0,84,B
164.0,87,B
4.4,75,C
5.57,80,C
5.82,72,C
2.74,77,A
3.5,75,A
5.79,78,C
5.69,78,C
4.37,73,C
5.91,74,C
4.75,77,C
4.68,71,C
2.12,71,A
197.0,81,B
4.97,80,C
4.22,77,C
4.5,76,C
2.63,79,A
186.0,90,B
5.62,73,C
5.75,76,C
4.6,80,C
5.72,74,C
3.71,71,A
181.0,84,B
151.0,87,B
150.0,88,B
5.53,73,C
4.29,73,C
3.38,71,A
181.0,80,B
154.0,84,B
5.89,72,C
5.37,71,C
4.66,71,C
5.0,80,C
5.29,71,C
3.02,76,A
2.24,70,A
4.62,77,C
3.6,71,A
3.72,75,A
2.27,75,A
5.9,72,C
4.66,72,C
5.32,73,C
3.5,80,A
183.0,90,B
180.0,82,B
5.62,74,C
154.0,90,B
5.89,73,C
4.63,74,C
3.72,80,A
151.0,80,B
4.26,79,C
5.41,73,C
5.48,76,C
174.0,83,B
185.0,83,B
5.36,72,C
4.5,71,C
5.75,77,C
2.34,79,A
2.11,72,A
190.0,82,B
5.43,74,C
4.95,71,C
3.7,79,A
2.77,75,A
2.34,70,A
3.67,71,A
5.1,77,C
4.38,78,C
3.44,79,A
172.0,84,B
184.0,86,B
5.02,74,C
5.21,79,C
2.92,80,A
5.66,80,C
5.66,77,C
5.42,70,C
4.21,79,C
3.68,80,A
3.34,72,A
3.39,72,A
191.0,86,B
160.0,83,B
198.0,87,B
4.73,77,C
5.76,70,C
5.45,75,C
4.23,77,C
2.82,79,A
3.77,78,A
174.0,81,B
168.0,83,B
4.09,71,C
3.92,80,A
3.36,73,A
5.26,71,C
4.54,73,C
4.5,80,C
3.88,76,A
2.6,78,A
166.0,89,B
171.0,80,B
193.0,81,B
5.55,74,C
2.79,71,A
157.0,86,B
4.28,71,C
2.02,71,A
3.09,72,A
3.95,75,A
183.0,83,B
190.0,90,B
4.74,78,C
2.71,78,A
2.69,75,A
3.04,78,A
4.88,72,C
5.76,77,C
3.01,78,A
3.02,71,A
4.28,79,C
3.97,79,A
4.5,76,C
4.15,78,C
5.33,73,C
3.19,73,A
2.83,78,A
2.84,71,A
3.57,73,A
193.0,80,B
4.39,76,C
5.64,76,C
5.3,70,C
2.84,80,A
192.0,87,B
152.0,90,B
4.92,72,C
4.51,75,C
3.5,74,A
3.03,78,A
154.0,82,B
4.64,77,C
5.19,80,C
5.99,75,C
2.87,70,A
155.0,88,B
187.0,81,B
5.84,71,C
4.69,72,C
4.11,78,C
2.41,73,A
2.84,78,A
4.44,78,C
4.0,72,C
3.83,76,A
179.0,82,B
190.0,86,B
5.69,78,C
3.48,73,A
2.34,70,A
2.24,71,A
4.14,78,C
5.45,73,C
182.0,87,B
178.0,84,B
5.86,77,C
4.86,80,C
4.24,73,C
5.02,79,C
2.7,75,A
2.75,77,A
3.24,72,A
5.44,79,C
4.22,77,C
4.07,77,C
5.99,80,C
4.47,73,C
2.11,70,A
195.0,88,B
192.0,82,B
2.38,71,A
2.08,75,A
2.78,76,A
3.6,74,A
2.68,80,A
4.89,71,C
5.35,76,C
157.0,88,B
5.02,76,C
5.72,70,C
5.73,73,C
4.02,70,C
5.56,70,C
2.92,73,A
5.98,73,C
4.97,74,C
5.97,77,C
5.51,76,C
4.5,70,C
5.08,75,C
3.98,70,A
163.0,86,B
179.0,90,B
5.72,80,C
4.19,78,C
169.0,87,B
164.0,82,B
176.0,87,B
5.41,73,C
4.69,76,C
2.01,79,A
168.0,85,B
151.0,88,B
4.81,71,C
4.47,71,C
3.64,74,A
178.0,82,B
2.67,77,A
3.66,76,A
2.0,74,A
177.0,80,B
4.62,71,C
4.48,78,C
2.47,74,A
186.0,86,B
176.0,84,B
4.14,80,C
2.37,76,A
3.11,72,A
2.58,79,A
2.83,74,A
170.0,85,B
4.75,70,C
5.75,70,C
5.81,77,C
2.99,70,A
2.66,76,A
195.0,84,B
164.0,85,B
157.0,80,B
4.21,72,C
5.91,73,C
2.12,75,A
2.6,73,A
153.0,82,B
176.0,80,B
161.0,85,B
4.6,77,C
2.64,73,A
165.0,80,B
4.33,76,C
5.57,74,C
2.24,70,A
3.27,73,A
159.0,80,B
184.0,81,B
4.25,76,C
2.14,79,A
3.82,71,A
199.0,84,B
150.0,81,B
189.0,83,B
2.38,78,A
171.0,85,B
5.64,71,C
5.09,78,C
4.16,71,C
5.91,75,C
4.49,80,C
3.72,74,A
177.0,83,B
177.0,84,B
180.0,88,B
190.0,86,B
4.34,73,C
5.71,72,C
4.03,78,C
189.0,84,B
179.0,82,B
166.0,90,B
5.02,74,C
191.0,89,B
5.54,77,C
3.87,78,A
162.0,82,B
5.82,75,C
5.64,70,C
3.78,72,A
2.4,77,A
181.0,80,B
163.0,81,B
4.57,77,C
4.58,73,C
4.75,76,C
4.79,79,C
5.09,77,C
2.32,80,A
3.38,70,A
199.0,84,B
199.0,85,B
163.0,86,B
4.34,80,C
2.62,71,A
159.0,80,B
5.01,74,C
3.59,72,A
3.48,70,A
5.29,74,C
2.31,80,A
5.09,77,C
4.17,78,C
4.75,70,C
4.83,70,C
2.08,71,A
178.0,82,B
186.0,89,B
4.55,70,C
5.91,80,C
3.91,70,A
2.7,72,A
2.09,77,A
196.0,86,B
4.36,80,C
2.78,74,A
156.0,88,B
167.0,90,B
173.0,82,B
5.9,73,C
4.28,75,C
3.53,70,A
2.22,73,A
152.0,83,B
197.0,83,B
5.96,70,C
4.76,71,C
169.0,83,B
5.55,79,C
2.69,71,A
154.0,83,B
165.0,86,B
5.26,80,C
2.38,72,A
171.0,88,B
4.29,74,C
5.88,75,C
5.84,73,C
161.0,85,B
151.0,84,B
5.77,72,C
5.25,78,C
5.62,72,C
2.14,72,A
178.0,90,B
189.0,85,B
184.0,85,B
200.0,88,B
170.0,89,B
4.67,70,C
4.63,79,C
5.27,70,C
4.71,72,C
4.3,71,C
5.19,79,C
5.63,74,C
4.76,73,C
2.26,78,A
2.39,73,A
190.0,84,B
169.0,81,B
168.0,83,B
4.47,70,C
4.6,73,C
5.29,77,C
3.2,76,A
197.0,81,B
5.39,72,C
4.73,78,C
173.0,87,B
174.0,88,B
151.0,80,B
5.65,74,C
151.0,89,B
2.41,77,A
154.0,90,B
187.0,86,B
4.94,73,C
170.0,82,B
198.0,83,B
5.6,76,C
2.36,78,A
2.22,71,A
164.0,82,B
3.77,73,A
2.69,79,A
3.37,73,A
196.0,89,B
4.05,78,C
5.38,76,C
4.63,71,C
2.11,77,A
3.22,79,A
2.48,80,A
156.0,88,B
197.0,81,B
175.0,87,B
4.77,75,C
4.16,74,C
4.29,77,C
4.6,73,C
2.18,76,A
181.0,88,B
180.0,87,B
170.0,84,B
5.82,77,C
2.01,77,A
2.97,71,A
163.0,87,B
2.25,72,A
161.0,89,B
4.62,74,C
5.85,71,C
2.32,79,A
5.93,72,C
4.41,78,C
168.0,87,B
181.0,88,B
178.0,86,B
5.48,71,C
5.09,80,C
3.77,73,A
3.11,74,A
3.07,80,A
2.39,78,A
2.33,79,A
164.0,81,B
163.0,86,B
5.83,74,C
4.66,78,C
2.74,78,A
195.0,90,B
181.0,89,B
5.52,75,C
4.68,76,C
3.9,77,A
3.48,73,A
170.0,89,B
160.0,84,B
5.19,73,C
5.76,72,C
2.1,76,A
159.0,89,B
183.0,80,B
167.0,82,B
4.51,76,C
4.93,74,C
2.45,75,A
150.0,84,B
194.0,90,B
3.49,70,A
179.0,81,B
5.84,80,C
4.85,79,C
2.68,71,A
3.92,70,A
2.89,79,A
4.98,72,C
2.7,73,A
3.82,77,A
174.0,86,B
182.0,82,B
176.0,82,B
5.14,74,C
5.52,71,C
5.62,72,C
2.68,78,A
2.87,71,A
197.0,89,B
5.7,76,C
4.73,75,C
3.59,78,A
3.88,73,A
3.25,80,A
152.0,80,B
5.48,77,C
163.0,85,B
180.0,82,B
5.61,77,C
3.69,73,A
178.0,90,B
184.0,86,B
161.0,82,B
2.79,77,A
2.1,77,A
4.8,74,C
3.35,74,A
2.9,77,A
5.5,72,C
2.71,78,A
5.27,75,C
4.37,79,C
3.5,77,A
3.09,75,A
189.0,87,B
200.0,83,B
4.41,73,C
4.58,70,C
198.0,80,B
5.5,79,C
4.97,79,C
4.43,77,C
3.93,75,A
3.43,77,A
3.91,70,A
2.85,80,A
192.0,83,B
4.95,72,C
3.8,73,A
3.05,79,A
3.41,78,A
199.0,82,B
191.0,86,B
193.0,88,B
177.0,85,B
176.0,89,B
4.5,74,C
4.89,72,C
4.25,70,C
2.41,75,A
2.0,75,A
2.08,72,A
3.95,70,A
189.0,84,B
161.0,86,B
4.48,76,C
5.33,77,C
5.68,75,C
5.1,70,C
2.31,76,A
198.0,88,B
5.46,79,C
5.2,72,C
5.46,71,C
3.54,74,A
3.95,73,A
3.15,80,A
156.0,80,B
4.68,73,C
5.3,71,C
4.14,77,C
5.79,75,C
4.24,70,C
4.66,79,C
5.63,71,C
5.19,71,C
2.79,79,A
2.95,77,A
169.0,84,B
170.0,81,B
5.71,79,C
4.68,79,C
5.74,77,C
2.18,70,A
3.55,75,A
3.7,78,A
158.0,81,B
4.36,71,C
4.86,76,C
4.33,79,C
5.41,75,C
191.0,84,B
5.07,71,C
5.27,73,C
4.39,71,C
4.42,71,C
2.08,75,A
2.64,72,A
3.12,71,A
168.0,86,B
169.0,84,B
5.72,70,C
5.33,80,C
4.87,74,C
5.91,76,C
5.44,70,C
3.86,80,A
3.06,73,A
192.0,90,B
181.0,83,B
4.52,77,C
2.11,72,A
3.45,78,A
2.24,77,A
2.61,79,A
3.06,72,A
3.13,72,A
166.0,80,B
3.2,72,A
2.33,72,A
2.76,74,A
3.23,80,A
179.0,88,B
5.94,73,C
5.46,76,C
5.85,80,C
185.0,81,B
5.52,71,C
5.18,77,C
4.38,70,C
5.33,77,C
3.25,71,A
3.2,80,A
172.0,89,B
4.98,77,C
5.06,74,C
4.67,78,C
5.04,74,C
2.4,73,A
3.61,78,A
4.37,77,C
187.0,82,B
4.17,80,C
4.87,77,C
5.32,74,C
2.88,70,A
2.55,71,A
3.12,79,A
153.0,85,B
153.0,83,B
172.0,82,B
4.69,74,C
5.87,80,C
3.85,79,A
168.0,82,B
178.0,90,B
5.0,77,C
4.66,75,C
3.47,76,A
180.0,83,B
160.0,83,B
4.07,77,C
4.95,78,C
165.0,88,B
195.0,81,B
4.67,76,C
5.84,72,C
2.02,79,A
3.11,74,A
3.48,77,A
196.0,83,B
182.0,86,B
178.0,86,B
156.0,87,B
4.97,72,C
4.17,76,C
5.94,79,C
3.04,72,A
199.0,81,B
178.0,81,B
198.0,88,B
153.0,85,B
184.0,86,B
5.23,80,C
4.47,70,C
4.97,79,C
4.86,70,C
4.15,74,C
2.21,70,A
174.0,87,B
191.0,84,B
193.0,85,B
3.67,80,A
2.48,80,A
2.39,75,A
160.0,90,B
5.01,78,C
5.54,73,C
2.12,79,A
3.15,75,A
171.0,81,B
157.0,80,B
4.24,77,C
4.07,72,C
2.11,77,A
3.67,74,A
200.0,84,B
4.24,79,C
2.09,70,A
2.88,76,A
3.69,74,A
2.52,76,A
2.84,72,A
195.0,85,B
161.0,80,B
177.0,85,B
4.08,72,C
4.9,79,C
3.16,73,A
182.0,83,B
5.14,74,C
4.66,80,C
4.63,78,C
2.21,78,A
182.0,80,B
169.0,88,B
4.73,77,C
4.2,77,C
3.53,74,A
161.0,84,B
193.0,80,B
5.93,74,C
5.94,79,C
5.73,76,C
5.2,78,C
3.4,76,A
2.57,71,A
3.26,74,A
2.91,80,A
4.96,73,C
5.52,74,C
4.56,72,C
2.64,76,A
3.85,74,A
4.11,75,C
4.97,76,C
5.83,75,C
5.22,74,C
3.09,74,A
171.0,81,B
162.0,82,B
4.5,70,C
4.69,75,C
3.7,72,A
177.0,83,B
159.0,89,B
161.0,89,B
5.12,80,C
5.03,72,C
4.2,72,C
2.03,77,A
3.93,76,A
172.0,90,B
188.0,83,B
4.75,76,C
5.21,70,C
2.16,70,A
183.0,83,B
195.0,84,B
5.37,73,C
5.87,79,C
5.15,71,C
4.25,73,C
5.16,80,C
5.53,78,C
4.81,76,C
3.76,78,A
3.3,80,A
3.8,77,A
5.25,74,C
4.26,76,C
4.62,71,C
4.4,75,C
3.82,76,A
3.52,75,A
3.35,76,A
152.0,90,B
172.0,85,B
177.0,89,B
199.0,89,B
177.0,82,B
4.6,74,C
4.37,78,C
5.51,72,C
2.95,78,A
2.45,80,A
177.0,86,B
5.23,80,C
4.08,73,C
2.65,75,A
4.94,79,C
2.3,79,A
3.97,74,A
2.42,75,A
2.26,80,A
4.41,76,C
5.54,79,C
4.85,76,C
5.13,79,C
4.04,74,C
4.07,75,C
2.89,74,A
5.63,75,C
3.77,73,A
2.17,74,A
3.08,72,A
169.0,81,B
158.0,82,B
196.0,90,B
5.83,79,C
4.78,80,C
160.0,88,B
151.0,88,B
151.0,86,B
5.66,78,C
4.27,78,C
3.87,76,A
3.5,78,A
167.0,90,B
5.88,73,C
5.35,73,C
2.73,71,A
200.0,90,B
5.88,76,C
4.55,79,C
4.66,77,C
5.4,78,C
5.53,71,C
3.86,74,A
2.41,75,A
159.0,84,B
163.0,87,B
5.6,74,C
5.48,72,C
159.0,81,B
4.13,77,C
4.77,78,C
2.57,73,A
2.61,72,A
150.0,90,B
154.0,83,B
5.97,77,C
5.29,71,C
166.0,80,B
5.44,75,C
5.95,75,C
167.0,83,B
4.75,70,C
5.6,71,C
2.87,72,A
192.0,87,B
5.74,71,C
4.36,72,C
3.9,72,A
156.0,87,B
185.0,83,B
4.44,75,C
4.65,77,C
3.51,77,A
4.79,77,C
5.22,70,C
4.89,73,C
5.48,74,C
4.46,71,C
4.12,76,C
2.6,80,A
182.0,81,B
4.95,70,C
4.34,80,C
177.0,85,B
4.71,73,C
4.8,73,C
2.11,74,A
3.17,74,A
175.0,82,B
173.0,81,B
191.0,84,B
5.77,73,C
2.3,76,A
159.0,80,B
197.0,85,B
5.2,72,C
5.33,74,C
4.84,72,C
5.4,76,C
4.82,77,C
3.01,72,A
4.01,74,C
5.38,74,C
196.0,90,B
5.32,70,C
4.08,75,C
2.74,75,A
3.96,71,A
174.0,90,B
161.0,80,B
4.84,76,C
5.0,77,C
5.82,74,C
5.43,70,C
5.16,71,C
151.0,86,B
164.0,88,B
5.6,79,C
5.73,79,C
4.91,74,C
4.95,74,C
2.77,72,A
3.93,72,A
164.0,88,B
160.0,82,B
200.0,84,B
162.0,83,B
5.39,77,C
4.17,71,C
5.73,71,C
2.96,70,A
2.14,74,A
165.0,86,B
189.0,80,B
162.0,83,B
195.0,88,B
5.1,76,C
2.83,71,A
3.76,70,A
188.0,80,B
151.0,82,B
4.41,80,C
5.65,72,C
5.12,76,C
4.11,80,C
3.94,79,A
183.0,80,B
191.0,88,B
5.03,72,C
4.58,72,C
4.94,77,C
3.72,72,A
164.0,80,B
198.0,84,B
2.61,77,A
2.39,70,A
4.26,79,C
2.6,72,A
3.56,71,A
2.94,71,A
2.45,78,A
159.0,81,B
159.0,81,B
4.33,79,C
4.67,74,C
5.88,78,C
4.69,73,C
3.98,80,A
2.97,76,A
2.36,70,A
161.0,90,B
178.0,82,B
5.78,78,C
2.92,77,A
3.42,79,A
3.97,78,A
4.1,73,C
4.19,79,C
5.44,77,C
2.56,75,A
2.37,70,A
186.0,80,B
4.08,74,C
2.04,76,A
3.55,72,A
2.27,79,A
164.0,82,B
4.94,74,C
5.21,75,C
4.86,79,C
2.05,77,A
3.57,75,A
2.02,77,A
174.0,86,B
156.0,82,B
5.52,77,C
3.79,71,A
2.87,79,A
151.0,89,B
185.0,87,B
5.07,76,C
4.95,73,C
4.78,75,C
3.77,79,A
5.79,76,C
4.67,71,C
5.23,75,C
200.0,82,B
184.0,83,B
169.0,88,B
5.85,78,C
5.92,76,C
5.02,72,C
4.91,73,C
2.56,75,A
187.0,88,B
5.92,74,C
4.29,79,C
3.16,72,A
174.0,89,B
159.0,90,B
184.0,80,B
4.57,76,C
4.56,74,C
4.81,75,C
6.0,73,C
2.11,72,A
3.16,76,A
2.17,73,A
162.0,82,B
171.0,82,B
4.31,79,C
2.88,73,A
3.02,79,A
2.52,80,A
4.63,73,C
4.17,80,C
2.61,74,A
171.0,87,B
5.93,71,C
5.89,79,C
2.67,71,A
3.14,77,A
3.82,73,A
2.01,70,A
159.0,90,B
5.62,75,C
3.9,77,A
2.18,80,A
2.32,78,A
176.0,84,B
5.92,71,C
5.08,72,C
4.03,73,C
4.52,70,C
4.9,80,C
5.39,77,C
3.47,76,A
175.0,83,B
5.99,79,C
4.58,72,C
3.08,72,A
3.07,79,A
172.0,80,B
197.0,88,B
4.81,73,C
4.34,78,C
3.95,73,A
3.71,80,A
152.0,87,B
157.0,81,B
5.0,74,C
196.0,83,B
5.21,74,C
4.45,80,C
5.09,73,C
3.39,78,A
3.03,75,A
166.0,90,B
3.98,80,A
157.0,80,B
194.0,85,B
5.22,72,C
4.74,80,C
5.54,72,C
2.34,75,A
166.0,83,B
163.0,80,B
189.0,80,B
161.0,90,B
4.77,80,C
4.69,78,C
4.86,76,C
5.56,73,C
2.97,77,A
3.59,79,A
3.15,74,A
150.0,85,B
4.68,76,C
5.62,75,C
2.48,78,A
193.0,88,B
166.0,83,B
4.45,77,C
3.01,73,A
2.52,78,A
2.02,74,A
5.3,74,C
3.02,78,A
189.0,84,B
4.89,75,C
5.93,71,C
3.14,74,A
3.73,73,A
2.28,70,A
179.0,82,B
172.0,88,B
3.14,72,A
3.74,73,A
193.0,88,B
5.17,78,C
3.44,72,A
2.74,72,A
2.18,79,A
187.0,80,B
168.0,87,B
170.0,84,B
4.92,78,C
4.79,77,C
3.73,73,A
2.49,71,A
3.93,72,A
182.0,80,B
185.0,83,B
5.92,74,C
2.5,79,A
163.0,84,B
175.0,82,B
150.0,87,B
160.0,81,B
2.7,79,A
3.79,71,A
3.93,76,A
157.0,83,B
182.0,83,B
4.89,79,C
4.64,80,C
5.05,75,C
197.0,88,B
195.0,83,B
169.0,86,B
5.38,78,C
4.55,71,C
5.47,75,C
4.1,75,C
187.0,82,B
187.0,89,B
4.1,79,C
4.77,73,C
2.71,76,A
2.63,78,A
2.98,76,A
165.0,82,B
198.0,80,B
4.64,70,C
4.38,71,C
4.62,77,C
196.0,88,B
194.0,88,B
5.95,72,C
2.82,76,A
184.0,85,B
4.89,70,C
5.15,71,C
5.97,76,C
2.48,73,A
5.36,78,C
5.43,76,C
5.21,74,C
4.18,78,C
3.35,74,A
162.0,88,B
174.0,87,B
2.13,77,A
3.19,72,A
5.48,74,C
4.42,72,C
5.68,78,C
4.06,78,C
5.69,70,C
4.92,74,C
2.44,77,A
2.27,78,A
3.91,79,A
177.0,80,B
4.15,79,C
4.4,80,C
4.7,74,C
3.24,76,A
3.09,80,A
2.25,79,A
2.58,77,A
198.0,82,B
4.48,77,C
196.0,90,B
4.43,80,C
2.82,70,A
150.0,82,B
176.0,89,B
193.0,84,B
5.41,77,C
4.43,74,C
4.73,80,C
2.78,74,A
168.0,82,B
191.0,80,B
165.0,86,B
170.0,84,B
5.95,74,C
3.91,76,A
3.6,70,A
190.0,88,B
173.0,86,B
4.48,70,C
4.14,76,C
4.63,71,C
2.53,73,A
171.0,86,B
5.01,75,C
3.56,80,A
189.0,83,B
5.72,72,C
5.69,73,C
2.72,78,A
150.0,86,B
182.0,80,B
184.0,87,B
5.37,76,C
4.63,80,C
4.12,70,C
3.4,79,A
2.02,79,A
2.82,78,A
173.0,81,B
4.66,72,C
5.39,78,C
5.53,71,C
4.61,80,C
5.62,77,C
4.59,71,C
4.89,79,C
3.45,79,A
3.39,77,A
186.0,81,B
182.0,89,B
5.97,73,C
4.45,73,C
5.32,77,C
5.22,72,C
5.83,78,C
4.31,71,C
3.5,75,A
3.14,71,A
2.55,78,A
182.0,81,B
168.0,86,B
2.95,80,A
2.67,70,A
171.0,84,B
5.16,80,C
5.78,79,C
5.14,77,C
3.26,71,A
193.0,86,B
160.0,82,B
5.04,72,C
4.1,70,C
4.47,72,C
2.98,74,A
2.62,73,A
186.0,80,B
156.0,87,B
4.36,73,C
5.01,76,C
2.65,73,A
161.0,80,B
4.52,75,C
4.93,79,C
4.27,76,C
5.86,73,C
3.74,73,A
3.42,73,A
191.0,85,B
165.0,87,B
159.0,84,B
168.0,83,B
158.0,90,B
158.0,88,B
170.0,85,B
4.21,80,C
3.55,73,A
198.0,82,B
5.62,74,C
5.54,77,C
2.23,72,A
175.0,86,B
165.0,89,B
5.29,74,C
5.67,73,C
5.15,77,C
3.29,74,A
2.92,71,A
3.06,80,A
182.0,86,B
164.0,83,B
192.0,83,B
4.07,78,C
5.28,78,C
4.16,77,C
4.87,70,C
2.59,73,A
5.09,72,C
4.27,73,C
3.38,70,A
3.59,72,A
2.33,78,A
193.0,83,B
159.0,87,B
178.0,89,B
4.21,70,C
4.29,71,C
200.0,80,B
195.0,83,B
5.75,74,C
5.06,70,C
2.93,73,A
176.0,82,B
4.21,80,C
5.3,80,C
5.74,70,C
3.66,75,A
172.0,84,B
5.25,79,C
4.15,71,C
177.0,84,B
4.22,80,C
4.1,80,C
198.0,88,B
188.0,88,B
4.51,71,C
4.27,72,C
4.52,80,C
4.77,72,C
5.89,74,C
5.22,74,C
3.67,72,A
163.0,82,B
198.0,88,B
160.0,82,B
5.42,72,C
183.0,84,B
153.0,90,B
163.0,84,B
4.23,78,C
3.47,75,A
2.55,71,A
5.28,71,C
2.68,80,A
4.0,75,A
2.53,80,A
2.56,79,A
3.86,80,A
151.0,88,B
4.05,71,C
5.39,77,C
5.45,77,C
5.67,78,C
159.0,85,B
5.95,70,C
5.95,80,C
4.13,80,C
5.64,75,C
5.29,73,C
3.29,72,A
162.0,85,B
161.0,89,B
162.0,90,B
4.26,77,C
5.3,76,C
5.96,73,C
166.0,81,B
5.82,79,C
2.88,75,A
154.0,80,B
174.0,85,B
183.0,90,B
192.0,85,B
2.08,73,A
2.72,71,A
3.65,70,A
3.4,73,A
159.0,83,B
172.0,85,B
4.92,73,C
4.11,74,C
2.85,73,A
4.94,74,C
5.86,77,C
5.28,78,C
2.62,70,A
3.05,78,A
2.13,70,A
3.95,72,A
173.0,88,B
154.0,81,B
4.72,74,C
2.96,77,A
2.71,77,A
3.37,77,A
187.0,81,B
152.0,88,B
195.0,82,B
167.0,90,B
5.32,74,C
5.43,76,C
4.54,75,C
2.63,75,A
172.0,83,B
4.25,74,C
5.31,70,C
4.08,72,C
3.2,70,A
3.74,70,A
3.78,76,A
2.9,77,A
196.0,86,B
4.92,80,C
4.15,72,C
3.34,78,A
3.64,72,A
172.0,85,B
175.0,83,B
4.49,74,C
178.0,86,B
153.0,81,B
4.84,73,C
5.68,70,C
5.75,75,C
4.49,74,C
5.1,77,C
2.38,71,A
2.2,70,A
176.0,80,B
156.0,83,B
151.0,84,B
172.0,80,B
5.82,76,C
5.64,75,C
3.52,78,A
2.1,74,A
3.69,73,A
2.88,73,A
2.68,75,A
195.0,85,B
181.0,87,B
171.0,83,B
166.0,83,B
187.0,85,B
163.0,80,B
154.0,84,B
199.0,81,B
160.0,82,B
3.09,70,A
4.18,74,C
3.51,75,A
177.0,83,B
153.0,85,B
5.16,75,C
2.37,73,A
2.38,76,A
4.37,73,C
4.11,71,C
5.18,72,C
5.68,73,C
4.03,70,C
2.1,74,A
200.0,80,B
153.0,80,B
5.15,72,C
5.64,78,C
4.65,79,C
170.0,86,B
4.7,70,C
5.19,77,C
4.55,80,C
4.05,80,C
178.0,87,B
153.0,81,B
196.0,90,B
5.47,70,C
5.25,78,C
3.16,74,A
186.0,83,B
185.0,83,B
5.48,71,C
5.35,74,C
2.41,75,A
2.7,75,A
156.0,83,B
167.0,82,B
4.25,73,C
4.26,79,C
5.35,77,C
171.0,81,B
155.0,85,B
171.0,85,B
5.72,78,C
5.93,79,C
5.26,77,C
190.0,82,B
164.0,88,B
4.37,72,C
4.21,79,C
5.63,73,C
5.16,70,C
3.24,80,A
3.56,77,A
5.41,71,C
5.67,72,C
157.0,84,B
4.11,72,C
3.5,79,A
3.7,72,A
4.57,77,C
5.28,76,C
198.0,90,B
150.0,88,B
4.63,72,C
5.92,73,C
4.07,75,C
5.16,77,C
4.33,76,C
3.42,78,A
197.0,89,B
174.0,81,B
182.0,85,B
4.35,73,C
4.47,80,C
2.99,71,A
3.83,79,A
2.42,76,A
180.0,81,B
197.0,89,B
4.29,77,C
5.52,71,C
5.0,78,C
5.82,72,C
4.29,71,C
5.29,73,C
2.47,80,A
188.0,87,B
4.31,77,C
188.0,82,B
5.37,77,C
3.19,74,A
3.51,73,A
4.62,74,C
4.9,71,C
4.81,77,C
3.97,77,A
169.0,87,B
4.58,70,C
4.59,78,C
164.0,89,B
4.71,79,C
5.13,80,C
2.5,70,A
3.83,73,A
199.0,85,B
163.0,84,B
4.53,72,C
5.79,77,C
4.21,73,C
5.31,79,C
187.0,85,B
5.81,70,C
4.34,79,C
3.94,75,A
4.91,80,C
3.89,80,A
160.0,90,B
150.0,82,B
196.0,89,B
5.35,73,C
4.6,71,C
4.38,72,C
4.61,73,C
4.19,71,C
2.29,80,A
195.0,87,B
4.21,77,C
4.85,78,C
5.59,74,C
2.28,76,A
172.0,83,B
4.26,72,C
5.29,80,C
2.39,77,A
194.0,83,B
4.2,74,C
4.33,75,C
3.85,71,A
3.64,79,A
182.0,90,B
195.0,88,B
176.0,89,B
4.71,76,C
5.31,76,C
3.07,77,A
3.35,77,A
176.0,86,B
5.37,77,C
5.26,71,C
4.53,76,C
2.08,72,A
2.91,78,A
3.78,79,A
167.0,85,B
159.0,89,B
5.14,71,C
5.66,75,C
3.98,73,A
185.0,80,B
4.33,76,C
5.38,79,C
5.35,74,C
5.96,80,C
5.97,75,C
3.37,71,A
4.49,73,C
3.6,72,A
167.0,84,B
176.0,84,B
4.21,78,C
5.56,80,C
5.82,77,C
4.77,78,C
3.26,77,A
2.86,71,A
182.0,80,B
4.88,79,C
4.62,80,C
5.52,79,C
5.87,79,C
3.88,74,A
4.35,71,C
3.75,75,A
3.47,75,A
169.0,83,B
4.51,76,C
4.13,71,C
4.54,71,C
5.82,73,C
3.27,73,A
3.44,76,A
169.0,83,B
159.0,81,B
164.0,87,B
180.0,86,B
4.51,76,C
5.44,76,C
4.06,70,C
2.75,76,A
3.25,74,A
183.0,86,B
159.0,80,B
4.29,70,C
3.65,71,A
2.47,79,A
5.3,78,C
4.81,78,C
5.19,72,C
192.0,89,B
195.0,90,B
155.0,88,B
170.0,89,B
4.21,75,C
4.03,74,C
5.82,79,C
2.54,80,A
5.64,71,C
4.0,74,A
2.42,80,A
166.0,84,B
4.53,78,C
5.33,73,C
3.93,71,A
3.83,74,A
197.0,86,B
5.01,74,C
5.59,77,C
4.27,71,C
3.95,80,A
3.93,80,A
4.33,76,C
4.6,70,C
4.2,74,C
4.54,70,C
5.63,76,C
2.76,77,A
158.0,88,B
4.18,74,C
4.68,71,C
5.96,70,C
3.26,74,A
2.83,72,A
170.0,83,B
156.0,82,B
4.33,75,C
5.97,76,C
3.64,75,A
196.0,87,B
200.0,88,B
4.56,80,C
4.14,71,C
4.11,78,C
2.24,70,A
3.16,71,A
3.86,80,A
170.0,88,B
4.99,73,C
5.69,74,C
4.89,79,C
3.42,70,A
3.46,75,A
195.0,81,B
177.0,88,B
4.35,72,C
2.72,76,A
3.27,78,A
2.14,73,A
152.0,83,B
2.72,74,A
3.07,80,A
191.0,81,B
5.99,72,C
4.95,76,C
3.63,76,A
161.0,80,B
160.0,85,B
171.0,80,B
4.86,70,C
3.59,74,A
171.0,82,B
184.0,88,B
156.0,82,B
166.0,81,B
182.0,83,B
178.0,83,B
3.19,77,A
174.0,82,B
3.77,71,A
2.82,76,A
185.0,86,B
161.0,88,B
3.21,80,A
168.0,84,B
5.26,77,C
4.83,79,C
4.29,78,C
2.19,72,A
2.03,74,A
3.75,75,A
4.47,78,C
4.42,78,C
5.47,72,C
4.64,70,C
5.01,71,C
2.33,80,A
196.0,83,B
181.0,82,B
164.0,81,B
5.92,70,C
5.7,73,C
3.73,76,A
194.0,89,B
162.0,80,B
4.81,72,C
5.52,76,C
4.29,75,C
4.02,70,C
4.04,73,C
3.17,71,A
2.91,75,A
187.0,81,B
193.0,85,B
5.04,72,C
4.01,80,C
2.85,78,A
154.0,82,B
154.0,83,B
5.44,80,C
4.89,80,C
5.46,71,C
2.47,71,A
3.63,76,A
3.18,74,A
2.42,78,A
196.0,87,B
199.0,81,B
178.0,86,B
157.0,88,B
4.47,70,C
5.26,71,C
158.0,85,B
153.0,83,B
5.66,78,C
4.83,72,C
4.52,70,C
5.73,78,C
155.0,85,B
190.0,90,B
194.0,83,B
5.34,78,C
4.9,73,C
2.98,75,A
4.41,70,C
5.25,77,C
2.72,79,A
185.0,89,B
157.0,87,B
188.0,83,B
5.99,71,C
4.96,77,C
4.97,72,C
150.0,80,B
194.0,85,B
5.13,76,C
5.83,77,C
3.6,70,A
2.9,72,A
163.0,88,B
178.0,90,B
196.0,85,B
170.0,84,B
5.44,73,C
5.17,71,C
4.98,76,C
4.38,78,C
2.93,78,A
2.49,80,A
3.83,73,A
152.0,86,B
174.0,89,B
183.0,83,B
4.67,71,C
5.9,73,C
5.07,70,C
3.26,73,A
159.0,82,B
180.0,89,B
5.09,79,C
4.26,77,C
4.75,70,C
2.2,78,A
3.25,76,A
169.0,85,B
4.89,70,C
5.56,71,C
4.44,71,C
4.33,73,C
4.81,70,C
3.85,71,A
186.0,80,B
198.0,81,B
187.0,86,B
5.42,70,C
4.84,75,C
5.03,70,C
2.17,73,A
5.97,73,C
3.33,77,A
154.0,90,B
4.57,74,C
3.17,74,A
2.22,71,A
188.0,89,B
5.93,73,C
4.35,72,C
3.3,70,A
2.49,74,A
5.44,74,C
5.55,74,C
3.35,70,A
152.0,87,B
5.23,76,C
3.78,76,A
2.16,73,A
161.0,82,B
154.0,80,B
170.0,90,B
189.0,89,B
4.66,78,C
4.5,79,C
3.98,76,A
2.78,78,A
164.0,87,B
152.0,89,B
175.0,84,B
155.0,86,B
5.47,76,C
5.37,73,C
4.42,79,C
4.48,77,C
4.56,75,C
2.82,78,A
2.47,77,A
2.04,79,A
158.0,83,B
187.0,84,B
5.76,74,C
3.93,80,A
2.68,71,A
165.0,80,B
4.68,77,C
4.01,72,C
3.36,78,A
187.0,83,B
5.65,73,C
158.0,88,B
188.0,83,B
200.0,80,B
4.29,73,C
4.32,80,C
5.58,72,C
5.23,76,C
2.09,79,A
5.25,74,C
4.62,78,C
4.74,79,C
3.54,72,A
165.0,80,B
188.0,81,B
172.0,85,B
5.62,71,C
2.8,73,A
3.89,77,A
2.81,73,A
177.0,86,B
159.0,85,B
173.0,85,B
5.54,80,C
4.97,70,C
183.0,85,B
5.8,73,C
5.82,80,C
2.17,80,A
3.87,79,A
3.65,72,A
5.58,73,C
4.4,74,C
5.61,72,C
5.7,70,C
2.58,80,A
3.9,71,A
2.1,74,A
193.0,80,B
4.3,70,C
5.08,75,C
5.15,77,C
5.29,77,C
2.03,75,A
5.92,71,C
4.09,78,C
2.29,74,A
192.0,88,B
169.0,86,B
2.03,80,A
3.13,78,A
3.86,80,A
164.0,84,B
188.0,89,B
171.0,90,B
199.0,85,B
5.33,72,C
5.65,79,C
2.03,74,A
5.08,74,C
4.92,73,C
5.0,75,C
4.14,78,C
3.37,71,A
200.0,81,B
182.0,87,B
5.01,80,C
173.0,89,B
168.0,88,B
180.0,81,B
3.53,77,A
2.97,71,A
2.3,77,A
5.3,71,C
4.34,70,C
5.74,72,C
3.23,79,A
183.0,90,B
4.31,78,C
5.92,73,C
193.0,81,B
3.04,77,A
4.15,80,C
5.25,80,C
2.51,78,A
5.61,72,C
3.64,71,A
3.96,71,A
3.0,80,A
166.0,81,B
197.0,87,B
180.0,83,B
4.91,76,C
5.51,77,C
2.26,80,A
3.09,71,A
193.0,88,B
151.0,87,B
5.09,73,C
4.18,78,C
4.84,70,C
3.71,78,A
166.0,80,B
5.71,75,C
163.0,90,B
4.2,74,C
199.0,80,B
4.18,70,C
4.53,72,C
5.75,73,C
2.26,80,A
5.44,72,C
4.2,74,C
3.25,78,A
4.71,74,C
5.58,74,C
2.47,75,A
189.0,88,B
5.28,72,C
4.47,71,C
150.0,81,B
170.0,84,B
196.0,85,B
5.43,71,C
5.75,71,C
2.25,76,A
162.0,83,B
175.0,84,B
5.73,74,C
5.19,79,C
4.25,74,C
4.86,75,C
4.32,76,C
5.4,77,C
3.52,71,A
2.21,73,A
162.0,88,B
5.01,72,C
5.63,71,C
172.0,82,B
182.0,82,B
5.87,74,C
5.03,80,C
175.0,86,B
5.9,77,C
5.07,80,C
4.79,72,C
5.7,76,C
4.99,73,C
2.94,72,A
2.98,73,A
193.0,85,B
158.0,89,B
5.69,76,C
5.66,74,C
183.0,84,B
150.0,85,B
4.81,71,C
2.67,78,A
184.0,89,B
168.0,88,B
173.0,88,B
4.98,78,C
5.15,77,C
4.48,75,C
3.59,70,A
198.0,90,B
190.0,83,B
4.97,73,C
152.0,81,B
4.67,75,C
4.21,77,C
4.48,78,C
187.0,90,B
156.0,90,B
195.0,87,B
5.9,73,C
2.61,79,A
159.0,83,B
151.0,87,B
154.0,84,B
199.0,82,B
4.34,74,C
2.92,74,A
2.61,80,A
189.0,81,B
153.0,80,B
4.07,74,C
4.65,76,C
5.09,74,C
5.1,75,C
2.71,79,A
4.89,77,C
5.93,80,C
2.75,78,A
2.52,76,A
2.49,72,A
192.0,88,B
4.92,72,C
5.52,75,C
155.0,86,B
178.0,83,B
2.41,73,A
3.42,78,A
163.0,89,B
188.0,84,B
156.0,86,B
4.04,78,C
4.84,74,C
5.55,78,C
4.68,78,C
5.13,75,C
2.41,77,A
3.48,76,A
175.0,90,B
4.1,77,C
5.71,76,C
4.4,75,C
5.75,77,C
2.71,79,A
3.45,72,A
187.0,80,B
4.64,73,C
3.81,80,A
2.25,80,A
2.36,76,A
2.99,77,A
181.0,81,B
153.0,88,B
189.0,80,B
4.16,73,C
4.39,76,C
5.89,74,C
171.0,90,B
5.95,77,C
4.75,77,C
3.85,77,A
3.09,73,A
165.0,88,B
178.0,80,B
151.0,89,B
4.54,76,C
5.4,73,C
3.32,70,A
3.98,78,A
2.53,75,A
5.34,80,C
4.1,76,C
2.23,80,A
195.0,89,B
4.01,75,C
6.0,72,C
3.6,74,A
3.57,80,A
156.0,85,B
5.02,74,C
4.6,76,C
2.3,79,A
190.0,80,B
162.0,88,B
4.57,71,C
4.75,79,C
3.51,79,A
3.08,73,A
176.0,81,B
4.15,74,C
4.04,70,C
4.2,77,C
4.82,79,C
3.87,70,A
184.0,89,B
178.0,83,B
188.0,80,B
5.27,75,C
3.6,78,A
2.93,77,A
2.72,77,A
168.0,88,B
161.0,81,B
182.0,89,B
4.22,80,C
5.75,79,C
3.57,77,A
195.0,89,B
155.0,90,B
167.0,83,B
4.34,73,C
3.02,75,A
2.97,72,A
166.0,81,B
5.25,78,C
3.89,72,A
3.16,76,A
5.08,70,C
4.1,74,C
2.13,74,A
2.37,79,A
158.0,86,B
4.06,70,C
3.49,77,A
3.45,79,A
2.27,76,A
3.67,78,A
4.31,79,C
4.6,70,C
2.5,72,A
151.0,88,B
150.0,82,B
152.0,80,B
4.74,74,C
4.51,75,C
2.98,75,A
176.0,86,B
195.0,80,B
170.0,89,B
4.81,77,C
5.97,74,C
4.11,80,C
2.28,79,A
162.0,81,B
152.0,88,B
176.0,80,B
4.11,71,C
5.25,70,C
4.11,70,C
5.67,72,C
5.02,80,C
158.0,80,B
151.0,85,B
5.05,79,C
5.12,78,C
4.34,70,C
4.4,75,C
4.64,70,C
3.19,72,A
2.42,72,A
180.0,84,B
4.23,74,C
5.94,79,C
4.04,79,C
5.61,73,C
3.58,76,A
4.59,75,C
4.27,77,C
4.29,70,C
3.39,77,A
3.29,73,A
190.0,82,B
5.57,70,C
5.87,73,C
5.38,71,C
4.31,76,C
4.49,75,C
3.68,77,A
2.42,75,A
153.0,82,B
4.15,76,C
3.41,80,A
4.81,79,C
5.84,74,C
5.3,71,C
4.18,80,C
3.9,72,A
168.0,88,B
4.52,76,C
4.67,74,C
4.8,75,C
2.1,78,A
2.99,71,A
192.0,90,B
167.0,80,B
151.0,85,B
4.25,78,C
4.8,75,C
2.7,79,A
3.55,74,A
5.61,75,C
150.0,86,B
173.0,88,B
4.31,80,C
4.73,80,C
4.75,78,C
4.3,70,C
5.6,79,C
5.41,73,C
4.38,70,C
4.73,71,C
2.21,74,A
152.0,82,B
5.26,79,C
4.24,74,C
3.97,70,A
185.0,80,B
5.56,70,C
4.78,76,C
5.16,80,C
5.82,71,C
3.11,79,A
2.35,70,A
2.76,80,A
150.0,84,B
156.0,81,B
179.0,82,B
5.69,75,C
3.29,77,A
3.3,71,A
3.73,75,A
5.79,72,C
5.84,70,C
2.19,74,A
200.0,82,B
156.0,88,B
5.09,76,C
5.48,77,C
5.51,76,C
5.21,80,C
4.33,80,C
3.59,70,A
3.44,78,A
2.17,75,A
155.0,83,B
4.93,75,C
154.0,86,B
2.35,76,A
4.67,78,C
168.0,88,B
4.04,74,C
2.8,77,A
172.0,85,B
183.0,90,B
5.1,72,C
5.24,73,C
5.33,72,C
5.67,77,C
4.43,74,C
4.24,72,C
5.7,71,C
4.31,77,C
5.95,78,C
3.69,78,A
3.0,77,A
5.96,75,C
2.19,76,A
191.0,81,B
183.0,89,B
4.61,80,C
5.28,77,C
4.7,73,C
159.0,90,B
189.0,81,B
170.0,86,B
5.86,80,C
2.13,77,A
3.1,71,A
163.0,87,B
5.18,75,C
3.31,71,A
158.0,88,B
4.51,70,C
4.73,74,C
5.69,77,C
2.39,73,A
3.65,70,A
181.0,90,B
5.13,70,C
5.52,77,C
5.43,80,C
2.42,79,A
5.14,76,C
5.74,76,C
2.86,71,A
182.0,82,B
169.0,89,B
151.0,89,B
5.93,80,C
4.9,75,C
4.29,75,C
2.78,79,A
5.9,74,C
4.64,76,C
3.74,78,A
151.0,86,B
5.76,80,C
4.7,75,C
160.0,87,B
4.17,70,C
5.45,78,C
2.62,79,A
3.57,72,A
186.0,80,B
4.89,77,C
4.97,78,C
5.56,71,C
2.76,78,A
161.0,83,B
2.89,77,A
2.75,76,A
2.73,71,A
5.05,78,C
175.0,82,B
182.0,86,B
173.0,90,B
5.62,77,C
4.72,70,C
5.05,77,C
3.34,77,A
159.0,81,B
169.0,90,B
199.0,85,B
198.0,88,B
4.54,80,C
4.56,80,C
181.0,83,B
5.87,70,C
5.45,70,C
5.15,79,C
5.3,76,C
2.06,72,A
3.24,70,A
3.02,73,A
3.09,77,A
154.0,85,B
2.72,70,A
193.0,84,B
155.0,84,B
173.0,88,B
4.16,73,C
2.39,73,A
3.9,71,A
165.0,81,B
4.82,73,C
4.93,75,C
4.11,79,C
4.08,70,C
193.0,86,B
5.43,78,C
5.08,79,C
5.02,76,C
4.49,73,C
5.49,78,C
2.34,76,A
2.38,70,A
2.92,74,A
4.57,75,C
4.49,79,C
3.29,80,A
183.0,82,B
192.0,84,B
5.3,71,C
5.65,75,C
2.84,77,A
2.15,75,A
2.55,72,A
5.96,80,C
5.19,73,C
3.42,78,A
2.01,76,A
182.0,88,B
198.0,82,B
5.04,71,C
4.08,73,C
5.14,71,C
3.84,72,A
3.94,80,A
152.0,80,B
5.08,70,C
2.92,75,A
169.0,88,B
170.0,89,B
5.89,72,C
5.35,78,C
4.13,78,C
4.93,72,C
199.0,80,B
172.0,83,B
4.48,73,C
4.94,78,C
4.91,70,C
3.16,79,A
163.0,86,B
4.71,72,C
4.33,80,C
5.01,70,C
5.66,75,C
5.33,80,C
2.68,77,A
3.87,74,A
3.82,73,A
187.0,81,B
171.0,88,B
4.42,74,C
4.08,73,C
159.0,88,B
195.0,84,B
5.48,77,C
5.66,77,C
5.94,80,C
5.78,78,C
5.2,70,C
5.06,80,C
4.06,79,C
4.49,77,C
2.92,77,A
170.0,90,B
5.26,75,C
5.11,76,C
5.49,72,C
150.0,90,B
4.56,79,C
3.13,78,A
2.18,75,A
152.0,86,B
167.0,85,B
4.83,79,C
5.5,80,C
5.39,79,C
5.98,73,C
4.56,76,C
187.0,83,B
152.0,86,B
181.0,80,B
186.0,82,B
5.0,80,C
4.66,74,C
4.88,75,C
5.71,78,C
3.37,77,A
194.0,86,B
172.0,81,B
195.0,81,B
5.76,73,C
4.41,73,C
5.75,75,C
2.12,77,A
158.0,80,B
5.78,80,C
4.66,71,C
2.63,75,A
3.02,71,A
187.0,83,B
5.88,80,C
4.1,70,C
4.7,76,C
3.71,77,A
2.79,73,A
2.4,73,A
194.0,90,B
4.85,76,C
4.77,72,C
5.83,75,C
5.52,80,C
5.01,71,C
3.98,70,A
2.93,73,A
151.0,86,B
4.12,73,C
2.52,78,A
169.0,81,B
199.0,80,B
180.0,82,B
4.87,71,C
2.31,74,A
3.9,72,A
185.0,84,B
166.0,84,B
152.0,85,B
188.0,85,B
5.53,70,C
2.54,70,A
3.18,79,A
186.0,80,B
5.44,78,C
5.88,70,C
3.76,74,A
3.03,71,A
3.55,77,A
3.12,71,A
182.0,83,B
5.11,76,C
2.23,79,A
2.25,70,A
3.06,80,A
2.54,77,A
182.0,88,B
4.04,78,C
3.45,75,A
4.06,79,C
3.19,72,A
188.0,90,B
151.0,81,B
5.08,70,C
5.94,73,C
2.97,78,A
2.13,73,A
5.1,73,C
5.68,75,C
5.99,72,C
4.86,74,C
2.64,77,A
3.81,75,A
2.38,72,A
170.0,86,B
5.23,76,C
2.81,79,A
2.08,74,A
178.0,81,B
172.0,89,B
4.69,77,C
4.53,78,C
3.37,70,A
3.9,70,A
4.54,72,C
5.62,74,C
4.11,76,C
3.08,70,A
196.0,83,B
4.14,75,C
5.87,74,C
3.53,80,A
3.32,73,A
3.65,74,A
3.3,70,A
5.94,72,C
5.43,72,C
3.85,70,A
3.03,72,A
2.23,71,A
3.06,78,A
200.0,86,B
171.0,87,B
167.0,83,B
4.25,79,C
3.18,80,A
4.96,76,C
5.25,71,C
2.02,76,A
186.0,85,B
4.39,78,C
4.98,76,C
3.9,77,A
2.77,79,A
187.0,89,B
4.85,80,C
5.43,71,C
5.21,72,C
157.0,86,B
177.0,88,B
4.6,72,C
4.82,70,C
4.44,75,C
179.0,83,B
157.0,86,B
5.93,80,C
4.26,74,C
4.74,71,C
4.05,76,C
4.44,75,C
5.56,74,C
2.4,75,A
164.0,86,B
171.0,89,B
178.0,89,B
180.0,86,B
155.0,87,B
4.16,74,C
4.95,78,C
4.02,75,C
4.17,79,C
5.62,74,C
5.54,75,C
3.83,70,A
3.71,73,A
3.37,71,A
154.0,88,B
4.1,73,C
5.57,72,C
5.69,75,C
3.6,79,A
5.02,71,C
2.47,76,A
3.69,70,A
3.45,73,A
3.96,75,A
4.31,76,C
4.45,70,C
177.0,90,B
158.0,88,B
4.42,79,C
3.59,73,A
150.0,90,B
150.0,88,B
181.0,81,B
4.37,72,C
4.13,73,C
6.0,74,C
4.05,80,C
3.67,70,A
2.73,74,A
166.0,85,B
170.0,88,B
196.0,80,B
5.68,80,C
5.11,74,C
5.8,72,C
3.85,77,A
2.02,73,A
171.0,82,B
4.15,74,C
4.5,73,C
5.34,78,C
5.78,75,C
171.0,81,B
178.0,81,B
196.0,84,B
4.92,75,C
5.21,78,C
4.38,70,C
3.61,71,A
5.93,74,C
4.54,79,C
4.99,75,C
4.17,74,C
3.12,72,A
3.01,80,A
196.0,84,B
152.0,81,B
4.29,73,C
2.88,73,A
2.67,72,A
5.04,76,C
3.17,74,A
162.0,87,B
170.0,82,B
178.0,83,B
195.0,82,B
151.0,87,B
4.02,74,C
5.52,72,C
195.0,88,B
176.0,86,B
173.0,83,B
150.0,89,B
5.43,71,C
4.73,77,C
4.11,79,C
5.51,72,C
3.91,79,A
4.48,80,C
2.65,74,A
2.37,72,A
200.0,84,B
153.0,88,B
150.0,87,B
194.0,88,B
5.15,76,C
184.0,85,B
190.0,82,B
189.0,90,B
192.0,90,B
165.0,84,B
4.31,79,C
4.71,74,C
5.39,77,C
5.12,71,C
2.77,72,A
4.84,76,C
5.12,73,C
4.01,76,C
4.16,73,C
181.0,80,B
5.76,72,C
4.16,78,C
5.41,70,C
5.84,80,C
4.54,79,C
193.0,82,B
170.0,90,B
183.0,85,B
4.74,78,C
5.14,80,C
5.76,74,C
5.88,78,C
5.48,74,C
2.17,74,A
3.34,78,A
4.82,73,C
4.94,79,C
2.1,70,A
2.38,73,A
3.58,80,A
163.0,85,B
176.0,86,B
4.91,77,C
4.6,73,C
2.77,80,A
3.71,79,A
156.0,87,B
152.0,88,B
170.0,89,B
156.0,86,B
5.5,77,C
4.54,80,C
2.24,76,A
151.0,82,B
181.0,89,B
2.5,72,A
3.84,73,A
165.0,80,B
169.0,81,B
5.16,73,C
5.07,73,C
5.19,80,C
4.73,78,C
5.61,73,C
3.05,79,A
2.23,78,A
2.26,78,A
3.07,75,A
5.87,72,C
4.62,71,C
5.74,75,C
3.53,78,A
4.5,80,C
4.07,77,C
2.2,76,A
176.0,83,B
5.46,80,C
4.4,74,C
4.74,75,C
5.0,79,C
3.45,78,A
2.23,71,A
2.81,80,A
2.97,70,A
183.0,82,B
5.08,74,C
3.64,74,A
164.0,88,B
4.34,74,C
5.62,71,C
5.39,76,C
5.11,71,C
5.4,79,C
170.0,88,B
160.0,82,B
153.0,82,B
2.82,70,A
4.28,80,C
5.33,74,C
3.05,79,A
3.28,72,A
191.0,82,B
157.0,87,B
178.0,90,B
176.0,85,B
4.68,78,C
3.81,74,A
3.17,74,A
185.0,82,B
4.17,70,C
4.9,74,C
3.51,75,A
3.59,72,A
199.0,89,B
170.0,89,B
2.99,78,A
3.79,75,A
2.54,70,A
4.82,75,C
3.8,72,A
196.0,88,B
5.79,77,C
5.37,75,C
5.72,72,C
4.18,76,C
3.73,70,A
157.0,85,B
4.64,78,C
2.36,77,A
2.48,80,A
160.0,88,B
4.84,72,C
4.5,77,C
4.64,70,C
4.27,73,C
2.59,80,A
163.0,87,B
191.0,89,B
166.0,85,B
200.0,88,B
3.14,76,A
2.88,78,A
2.69,73,A
3.49,74,A
172.0,81,B
155.0,88,B
151.0,81,B
5.79,78,C
5.51,79,C
2.66,70,A
198.0,80,B
5.49,70,C
4.3,80,C
4.26,79,C
2.69,76,A
3.62,71,A
4.49,76,C
4.13,77,C
2.26,71,A
3.72,77,A
5.27,73,C
4.51,78,C
3.11,77,A
3.06,73,A
172.0,80,B
5.31,73,C
2.47,75,A
183.0,89,B
181.0,82,B
5.73,79,C
4.62,72,C
5.39,79,C
4.03,70,C
4.75,71,C
2.7,76,A
200.0,84,B
5.09,76,C
4.15,77,C
5.58,73,C
4.44,76,C
5.35,72,C
5.61,80,C
3.12,70,A
3.48,71,A
177.0,86,B
5.32,79,C
4.71,70,C
182.0,82,B
5.62,77,C
4.59,76,C
5.14,80,C
3.49,80,A
177.0,81,B
195.0,86,B
177.0,88,B
2.76,77,A
2.61,79,A
182.0,84,B
152.0,86,B
4.92,77,C
3.64,73,A
187.0,85,B
187.0,83,B
165.0,81,B
5.86,78,C
5.09,80,C
5.32,78,C
5.81,76,C
2.2,74,A
2.46,73,A
168.0,86,B
180.0,86,B
196.0,86,B
5.42,80,C
5.65,73,C
5.71,78,C
2.83,76,A
2.18,80,A
2.88,77,A
157.0,80,B
156.0,85,B
4.46,79,C
193.0,82,B
156.0,88,B
4.58,77,C
5.54,79,C
173.0,80,B
4.15,79,C
3.66,76,A
2.86,74,A
157.0,84,B
187.0,84,B
175.0,84,B
156.0,90,B
5.19,75,C
4.18,70,C
2.67,79,A
2.18,78,A
3.92,73,A
5.61,80,C
4.92,76,C
4.45,72,C
3.87,80,A
2.69,71,A
179.0,81,B
168.0,90,B
155.0,84,B
186.0,81,B
4.32,75,C
3.13,75,A
3.89,76,A
173.0,90,B
2.01,78,A
2.48,76,A
3.88,75,A
159.0,85,B
4.34,75,C
4.23,79,C
5.14,79,C
5.72,76,C
4.95,70,C
5.99,70,C
3.36,75,A
162.0,84,B
196.0,83,B
168.0,86,B
4.15,71,C
3.99,76,A
2.82,71,A
2.57,72,A
3.12,73,A
2.61,80,A
4.17,80,C
4.0,77,C
2.9,73,A
3.67,73,A
172.0,80,B
184.0,81,B
168.0,82,B
5.14,70,C
6.0,76,C
2.57,78,A
2.56,74,A
2.32,73,A
2.33,72,A
193.0,90,B
4.57,77,C
3.59,80,A
3.81,72,A
3.95,71,A
153.0,85,B
161.0,82,B
175.0,86,B
188.0,86,B
4.46,80,C
5.76,71,C
4.66,74,C
4.23,72,C
5.74,71,C
5.27,77,C
4.33,75,C
4.86,70,C
4.57,80,C
3.47,77,A
2.91,79,A
179.0,89,B
5.98,79,C
4.11,70,C
4.71,77,C
2.96,70,A
174.0,87,B
186.0,87,B
195.0,89,B
5.01,70,C
4.63,72,C
5.46,80,C
3.75,73,A
3.88,71,A
3.61,74,A
158.0,83,B
190.0,86,B
5.7,71,C
5.1,72,C
5.65,72,C
2.61,75,A
199.0,80,B
186.0,87,B
4.8,80,C
4.63,76,C
2.93,74,A
4.57,71,C
5.92,74,C
178.0,80,B
4.63,72,C
4.2,72,C
5.05,79,C
4.11,71,C
4.22,72,C
4.44,73,C
165.0,86,B
196.0,86,B
173.0,83,B
4.93,73,C
4.87,74,C
5.6,75,C
5.48,74,C
178.0,90,B
169.0,90,B
4.85,77,C
4.67,71,C
4.63,77,C
158.0,83,B
200.0,89,B
5.55,70,C
4.1,72,C
2.03,77,A
3.59,78,A
2.95,80,A
2.26,80,A
184.0,84,B
156.0,83,B
4.47,74,C
3.87,75,A
176.0,86,B
5.72,80,C
151.0,80,B
5.42,74,C
4.96,75,C
5.04,80,C
3.95,79,A
3.93,77,A
2.43,77,A
167.0,89,B
200.0,87,B
163.0,85,B
5.62,78,C
4.39,74,C
4.43,78,C
3.35,80,A
189.0,83,B
4.81,77,C
5.86,71,C
4.18,78,C
3.02,73,A
3.84,79,A
5.81,71,C
2.31,74,A
2.73,77,A
3.24,71,A
169.0,82,B
167.0,81,B
4.32,78,C
5.94,79,C
3.83,75,A
175.0,87,B
4.33,70,C
2.24,76,A
2.17,80,A
185.0,86,B
190.0,87,B
5.82,78,C
2.39,80,A
176.0,83,B
198.0,89,B
175.0,85,B
185.0,89,B
4.83,80,C
4.9,74,C
155.0,88,B
162.0,82,B
174.0,89,B
191.0,80,B
5.2,71,C
4.14,76,C
4.45,79,C
5.86,71,C
3.82,74,A
3.56,78,A
2.04,71,A
2.65,72,A
184.0,85,B
5.26,79,C
4.55,78,C
5.82,76,C
3.27,70,A
2.14,79,A
3.82,77,A
195.0,86,B
5.92,74,C
4.16,71,C
5.06,72,C
4.61,74,C
4.79,80,C
2.36,77,A
156.0,87,B
5.16,79,C
5.92,76,C
5.01,79,C
4.17,75,C
3.24,75,A
2.68,76,A
175.0,83,B
5.71,76,C
4.87,74,C
4.39,77,C
4.38,74,C
5.54,76,C
2.53,75,A
3.53,78,A
151.0,86,B
4.41,80,C
4.64,77,C
2.93,71,A
3.89,76,A
3.86,76,A
2.41,79,A
2.72,73,A
2.3,70,A
3.02,78,A
2.92,78,A
3.8,77,A
182.0,83,B
176.0,86,B
5.86,79,C
161.0,80,B
4.77,78,C
4.98,74,C
5.79,71,C
5.61,71,C
4.01,70,C
199.0,88,B
4.64,78,C
4.84,78,C
4.46,77,C
4.4,72,C
2.08,74,A
5.29,71,C
4.53,74,C
4.1,75,C
4.46,76,C
3.6,71,A
3.7,75,A
158.0,81,B
197.0,85,B
4.97,80,C
4.83,75,C
3.96,74,A
158.0,88,B
180.0,80,B
166.0,90,B
156.0,89,B
159.0,89,B
152.0,82,B
4.4,72,C
4.43,70,C
4.58,78,C
2.35,75,A
2.76,72,A
157.0,89,B
3.82,80,A
3.23,76,A
2.82,70,A
155.0,84,B
174.0,85,B
5.87,78,C
4.1,74,C
4.42,79,C
5.13,78,C
5.23,75,C
2.08,79,A
2.81,71,A
167.0,80,B
5.3,80,C
5.4,74,C
3.28,75,A
2.64,71,A
173.0,87,B
4.19,74,C
2.85,70,A
2.26,76,A
171.0,90,B
5.9,79,C
4.95,70,C
2.63,78,A
3.53,77,A
179.0,82,B
5.0,73,C
4.62,77,C
5.62,71,C
5.73,74,C
5.35,78,C
2.09,75,A
3.13,73,A
186.0,81,B
3.53,74,A
2.27,73,A
184.0,83,B
165.0,89,B
4.46,70,C
5.76,80,C
4.04,80,C
5.51,74,C
179.0,88,B
4.95,73,C
4.89,75,C
4.01,78,C
5.64,76,C
2.72,79,A
3.08,80,A
3.35,70,A
165.0,86,B
5.41,73,C
5.91,80,C
3.06,72,A
2.8,74,A
195.0,90,B
153.0,81,B
5.91,72,C
5.28,78,C
4.6,79,C
173.0,89,B
195.0,84,B
4.25,77,C
5.69,70,C
4.72,71,C
190.0,90,B
5.32,70,C
2.94,72,A
2.4,79,A
197.0,88,B
5.2,71,C
2.12,74,A
185.0,81,B
153.0,84,B
166.0,82,B
185.0,88,B
4.83,70,C
5.09,73,C
4.87,73,C
3.5,76,A
3.66,77,A
155.0,86,B
155.0,83,B
5.54,70,C
4.08,78,C
151.0,83,B
4.39,75,C
5.07,74,C
3.87,73,A
156.0,85,B
5.67,78,C
160.0,80,B
191.0,81,B
3.69,75,A
2.61,71,A
194.0,80,B
4.86,72,C
4.94,73,C
4.31,73,C
4.06,79,C
3.89,79,A
2.48,78,A
2.48,76,A
2.17,75,A
162.0,84,B
194.0,83,B
157.0,86,B
3.86,70,A
167.0,88,B
153.0,90,B
181.0,82,B
5.16,70,C
3.33,71,A
3.82,71,A
181.0,88,B
158.0,80,B
4.69,78,C
5.24,72,C
4.08,74,C
4.37,70,C
3.66,72,A
3.53,70,A
175.0,90,B
196.0,87,B
4.7,78,C
4.75,71,C
5.07,77,C
4.0,72,C
4.48,79,C
4.42,75,C
4.5,80,C
5.61,78,C
0.92,79,D
0.79,77,D
1.26,73,D
1.8,80,D
0.86,71,D
0.62,77,D
1.03,76,D
1.62,80,D
1.33,77,D
1.73,71,D
1.94,71,D
1.69,79,D
1.41,71,D
1.24,74,D
0.56,80,D
1.98,78,D
1.08,71,D
0.73,75,D
1.5,70,D
0.93,75,D
1.38,72,D
1.38,76,D
1.17,72,D
1.75,80,D
0.9,72,D
1.17,75,D
1.31,73,D
1.5,75,D
1.68,80,D
1.09,76,D
1.47,73,D
0.73,74,D
1.9,79,D
1.07,71,D
1.59,78,D
0.53,79,D
0.81,71,D
1.23,79,D
1.82,72,D
1.29,71,D
1.89,77,D
1.23,70,D
1.24,78,D
0.68,74,D
1.7,73,D
0.87,79,D
1.85,78,D
1.87,74,D
1.91,80,D
1.28,70,D
1.52,72,D
1.67,76,D
0.7,70,D
1.4,78,D
0.55,75,D
1.25,73,D
0.73,70,D
0.77,71,D
1.05,78,D
1.15,75,D
1.43,76,D
0.61,76,D
1.26,78,D
0.77,73,D
1.36,70,D
1.46,74,D
1.34,79,D
1.61,70,D
1.0,72,D
1.65,74,D
1.15,70,D
1.23,80,D
1.47,77,D
0.53,70,D
1.48,79,D
1.43,78,D
0.96,70,D
0.63,71,D
0.64,79,D
1.88,75,D
1.53,73,D
0.69,79,D
1.04,70,D
1.39,79,D
1.75,75,D
0.57,73,D
0.85,77,D
1.83,80,D
0.51,76,D
0.8,73,D
1.94,79,D
1.42,71,D
0.89,77,D
0.6,76,D
0.54,72,D
0.87,74,D
1.82,76,D
1.12,80,D
1.58,72,D
1.88,73,D
1.11,75,D
0.79,72,D
1.28,72,D
1.86,78,D
1.71,76,D
0.6,72,D
1.54,74,D
1.36,75,D
1.86,70,D
0.68,78,D
1.3,70,D
1.82,77,D
1.12,79,D
1.22,70,D
0.61,79,D
0.92,80,D
0.99,70,D
1.92,70,D
0.92,72,D
1.19,74,D
1.51,79,D
0.74,74,D
1.23,74,D
1.61,72,D
1.8,70,D
1.44,77,D
1.5,76,D
0.69,78,D
1.92,76,D
0.7,77,D
1.66,79,D
0.9,73,D
1.9,76,D
1.58,72,D
1.63,70,D
0.83,71,D
1.16,78,D
1.43,72,D
1.65,75,D
0.66,73,D
1.94,78,D
1.84,79,D
0.91,73,D
1.73,77,D
1.28,79,D
1.19,78,D
0.97,80,D
1.37,70,D
1.59,78,D
1.12,70,D
1.44,74,D
1.55,77,D
1.57,71,D
0.58,73,D
1.79,72,D
1.19,70,D
0.89,76,D
0.86,78,D
1.22,72,D
1.83,77,D
1.07,75,D
1.62,70,D
0.65,80,D
1.21,75,D
1.99,70,D
1.66,70,D
0.82,76,D
1.25,74,D
0.85,80,D
1.11,80,D
1.67,73,D
1.66,75,D
0.84,76,D
1.88,77,D
1.39,78,D
1.07,72,D
1.25,80,D
1.41,78,D
1.34,73,D
1.23,74,D
1.26,73,D
0.76,79,D
1.72,74,D
1.31,72,D
0.7,72,D
1.65,78,D
1.9,70,D
1.92,79,D
1.05,70,D
0.7,75,D
1.28,75,D
0.67,79,D
1.9,74,D
0.78,77,D
0.88,78,D
1.11,75,D
1.07,74,D
1.69,74,D
1.18,74,D
0.76,71,D
0.9,71,D
1.26,71,D
0.72,80,D
1.42,73,D
1.35,75,D
1.57,71,D
1.91,77,D
1.87,72,D
1.92,80,D
0.87,80,D
0.7,73,D
0.95,70,D
1.84,72,D
1.96,79,D
1.79,72,D
0.67,70,D
1.92,76,D
1.14,74,D
0.51,73,D
1.16,79,D
0.57,72,D
1.32,73,D
1.01,70,D
1.21,77,D
1.42,75,D
1.8,76,D
1.49,74,D
1.15,71,D
1.73,78,D
1.86,70,D
0.68,76,D
1.3,77,D
0.93,76,D
0.57,72,D
1.5,70,D
1.79,80,D
0.74,73,D
1.72,76,D
1.78,77,D
1.87,80,D
0.9,78,D
1.86,79,D
0.98,71,D
1.33,79,D
0.58,73,D
0.57,79,D
1.58,77,D
1.17,73,D
0.88,70,D
0.79,76,D
1.5,76,D
0.5,71,D
1.71,74,D
0.62,72,D
0.79,80,D
1.08,70,D
1.23,80,D
1.03,76,D
0.98,74,D
1.95,73,D
1.46,73,D
0.54,70,D
1.15,72,D
1.81,72,D
0.95,76,D
0.64,80,D
1.64,74,D
1.41,76,D
1.36,78,D
0.58,71,D
0.71,79,D
1.43,72,D
0.81,77,D
1.26,73,D
1.32,75,D
0.93,72,D
1.92,71,D
1.76,77,D
1.58,80,D
0.62,75,D
0.66,78,D
1.24,80,D
0.74,70,D
1.97,75,D
0.74,73,D
1.23,77,D
1.05,80,D
1.46,75,D
0.69,74,D
1.15,72,D
0.91,79,D
1.83,71,D
0.56,71,D
1.87,78,D
1.75,73,D
0.95,71,D
1.68,77,D
0.55,74,D
1.95,78,D
1.29,74,D
0.95,73,D
1.04,80,D
0.6,71,D
1.98,78,D
0.56,74,D
1.48,71,D
1.16,74,D
1.92,78,D
0.87,78,D
1.3,72,D
1.22,76,D
1.55,75,D
0.6,74,D
0.79,77,D
0.82,70,D
1.61,71,D
0.78,80,D
1.36,70,D
0.82,73,D
1.79,76,D
1.91,77,D
1.28,73,D
1.03,73,D
0.85,80,D
0.57,77,D
0.9,80,D
1.48,73,D
1.3,79,D
1.92,70,D
1.09,72,D
1.54,70,D
1.23,72,D
1.27,75,D
0.9,71,D
1.18,71,D
1.21,71,D
1.56,80,D
1.91,77,D
0.99,76,D
0.56,78,D
1.24,73,D
1.32,72,D
0.75,80,D
1.64,74,D
1.98,70,D
1.92,74,D
0.8,79,D
1.81,70,D
1.56,71,D
1.18,71,D
1.31,71,D
1.77,72,D
1.22,72,D
1.06,79,D
1.24,74,D
1.37,73,D
0.78,72,D
1.85,71,D
1.51,80,D
1.45,70,D
0.65,78,D
1.41,75,D
0.68,79,D
0.62,71,D
1.29,79,D
1.1,75,D
1.38,75,D
0.63,80,D
1.15,73,D
0.76,70,D
1.98,77,D
1.34,75,D
1.53,77,D
0.99,77,D
0.64,80,D
1.96,75,D
0.93,74,D
1.14,73,D
1.47,75,D
0.54,74,D
1.72,73,D
1.3,74,D
0.92,71,D
0.59,71,D
0.74,73,D
1.84,77,D
1.53,75,D
0.87,80,D
0.6,73,D
1.54,74,D
1.36,75,D
1.11,78,D
1.05,78,D
0.83,80,D
1.5,80,D
1.96,70,D
0.76,71,D
1.4,75,D
1.14,79,D
1.17,78,D
0.88,70,D
1.74,76,D
1.23,75,D
1.32,77,D
0.96,77,D
0.77,73,D
0.63,70,D
1.57,71,D
0.79,79,D
1.54,80,D
1.09,79,D
1.12,74,D
1.2,70,D
1.05,70,D
0.65,80,D
0.96,77,D
1.5,76,D
1.5,78,D
0.93,70,D
1.19,73,D
0.79,70,D
0.82,72,D
0.53,79,D
1.85,71,D
0.82,73,D
0.84,74,D
0.92,71,D
0.69,70,D
1.46,76,D
0.61,79,D
0.7,80,D
1.47,72,D
1.01,75,D
1.56,70,D
1.34,78,D
0.88,70,D
1.48,74,D
0.67,73,D
1.3,76,D
1.16,74,D
0.9,79,D
1.41,78,D
1.81,71,D
2.0,77,D
1.41,71,D
1.11,71,D
0.84,73,D
0.89,76,D
1.22,75,D
1.05,80,D
1.87,80,D
1.05,70,D
1.06,72,D
1.08,71,D
1.75,71,D
1.48,72,D
1.42,74,D
1.0,73,D
1.73,80,D
0.56,77,D
1.81,74,D
1.27,73,D
1.1,74,D
1.25,72,D
1.5,76,D
0.52,73,D
1.81,71,D
1.17,77,D
1.01,70,D
0.71,80,D
1.16,75,D
1.24,80,D
1.11,76,D
1.52,80,D
1.13,70,D
1.94,77,D
1.4,74,D
1.71,73,D
0.66,79,D
1.1,79,D
1.01,73,D
1.35,73,D
1.79,80,D
0.62,74,D
0.61,70,D
1.78,76,D
0.82,75,D
1.5,77,D
1.31,77,D
1.75,72,D
0.69,79,D
0.69,77,D
1.34,78,D
1.92,71,D
1.12,79,D
0.99,76,D
1.41,74,D
1.9,76,D
1.76,71,D
1.99,74,D
0.53,80,D
0.67,73,D
1.41,74,D
1.73,78,D
0.93,77,D
0.86,74,D
1.68,74,D
0.58,75,D
1.05,76,D
1.26,71,D
1.34,80,D
1.59,73,D
1.03,80,D
1.42,80,D
1.38,75,D
1.32,71,D
1.46,71,D
0.89,73,D
0.63,72,D
0.68,74,D
0.84,79,D
1.25,79,D
1.76,79,D
1.55,73,D
1.68,76,D
1.03,72,D
1.11,72,D
1.09,71,D
0.79,74,D
0.59,75,D
1.39,76,D
1.98,74,D
0.75,74,D
0.57,72,D
1.67,71,D
0.88,70,D
1.74,70,D
1.56,77,D
1.92,72,D
1.11,79,D
1.49,76,D
1.2,70,D
1.45,70,D
1.17,78,D
0.78,75,D
1.26,72,D
1.29,77,D
1.72,71,D
1.6,77,D
1.5,74,D
0.67,79,D
1.58,70,D
1.25,71,D
1.84,74,D
1.88,72,D
0.58,71,D
1.73,72,D
0.56,75,D
1.05,74,D
1.31,78,D
0.72,73,D
1.62,79,D
0.51,72,D
0.75,75,D
1.37,74,D
1.57,75,D
1.87,79,D
1.56,77,D
1.51,74,D
1.09,76,D
0.5,76,D
0.68,77,D
1.3,71,D
1.51,79,D
1.13,79,D
1.6,71,D
1.28,75,D
0.61,79,D
0.79,76,D
1.76,78,D
1.59,74,D
1.84,71,D
0.68,71,D
1.99,79,D
0.81,76,D
0.52,76,D
2.0,73,D
0.92,72,D
1.5,78,D
0.77,72,D
1.37,80,D
1.86,79,D
0.98,70,D
1.51,73,D
0.78,77,D
1.44,77,D
1.0,80,D
0.82,75,D
0.97,75,D
0.77,71,D
1.85,75,D
1.1,70,D
0.87,74,D
1.17,73,D
0.98,79,D
1.62,77,D
1.96,72,D
1.16,78,D
1.79,73,D
1.35,77,D
0.74,72,D
1.54,77,D
1.27,70,D
1.48,73,D
1.83,70,D
1.16,80,D
1.85,78,D
1.63,71,D
1.23,79,D
1.4,77,D
0.99,76,D
1.98,78,D
1.5,74,D
0.57,70,D
0.99,73,D
1.43,79,D
0.58,80,D
0.54,70,D
1.18,80,D
1.0,79,D
1.16,75,D
0.89,80,D
0.75,77,D
1.53,73,D
1.27,74,D
0.8,80,D
0.98,76,D
1.39,72,D
0.61,78,D
0.72,75,D
0.61,76,D
1.72,77,D
1.63,74,D
1.63,75,D
1.57,79,D
1.5,79,D
1.22,78,D
1.46,76,D
0.56,74,D
1.43,73,D
1.67,77,D
1.25,78,D
1.04,74,D
0.92,73,D
1.46,73,D
1.54,74,D
1.81,74,D
1.01,75,D
1.65,73,D
1.34,71,D
1.82,77,D
1.29,79,D
1.28,72,D
1.37,73,D
1.62,71,D
1.95,70,D
0.61,80,D
0.58,79,D
1.91,70,D
1.29,73,D
1.42,80,D
1.22,72,D
0.64,72,D
1.65,70,D
1.62,72,D
0.97,80,D
0.96,78,D
1.76,77,D
0.61,77,D
1.82,80,D
0.88,78,D
1.39,79,D
1.9,75,D
1.52,72,D
1.12,75,D
1.53,72,D
1.02,79,D
0.92,77,D
2.0,79,D
1.63,71,D
1.47,70,D
1.03,72,D
0.57,77,D
0.55,76,D
1.33,77,D
1.64,78,D
1.31,79,D
1.76,78,D
0.55,70,D
1.05,80,D
0.86,73,D
1.17,74,D
0.61,70,D
1.93,80,D
0.83,71,D
1.88,76,D
1.14,72,D
1.98,73,D
1.33,73,D
1.9,77,D
0.51,77,D
1.62,80,D
1.85,71,D
0.71,80,D
0.64,76,D
1.14,79,D
1.9,76,D
1.31,71,D
1.29,80,D
0.71,74,D
0.5,80,D
1.72,73,D
0.63,76,D
1.45,78,D
1.87,71,D
0.81,71,D
1.5,78,D
0.62,72,D
1.41,71,D
0.75,71,D
1.6,76,D
0.95,74,D
1.2,70,D
1.4,72,D
0.76,78,D
1.61,76,D
0.95,80,D
1.49,70,D
0.74,77,D
1.53,70,D
0.69,80,D
1.14,78,D
0.87,74,D
1.62,75,D
0.89,79,D
1.82,74,D
1.84,79,D
0.79,77,D
1.42,78,D
0.63,76,D
1.09,70,D
1.57,74,D
1.49,73,D
1.44,75,D
0.92,70,D
1.07,77,D
0.65,78,D
1.58,70,D
1.26,79,D
1.56,77,D
0.87,78,D
0.99,80,D
1.0,71,D
0.54,79,D
1.01,74,D
1.7,75,D
1.85,74,D
1.28,80,D
1.18,72,D
0.55,79,D
1.82,74,D
0.52,74,D
1.92,76,D
1.23,72,D
1.01,80,D
1.89,74,D
0.54,75,D
1.37,79,D
1.32,73,D
0.83,77,D
1.14,77,D
1.48,74,D
1.59,78,D
0.5,77,D
1.91,80,D
0.75,72,D
0.85,79,D
0.9,74,D
0.56,78,D
0.68,80,D
1.98,75,D
0.97,79,D
0.67,78,D
0.66,70,D
1.58,79,D
1.78,72,D
0.89,79,D
0.53,75,D
0.83,75,D
0.58,78,D
0.66,75,D
1.15,76,D
0.84,74,D
1.27,79,D
0.88,70,D
1.91,80,D
1.86,80,D
1.35,72,D
1.03,74,D
1.07,72,D
1.12,72,D
1.59,80,D
1.18,77,D
1.79,72,D
1.92,79,D
1.0,73,D
1.34,74,D
0.64,79,D
0.8,80,D
1.12,76,D
0.81,79,D
1.81,79,D
0.74,76,D
1.18,75,D
1.41,71,D
1.54,72,D
1.07,77,D
1.8,74,D
1.35,74,D
1.16,80,D
0.6,74,D
1.2,75,D
1.73,76,D
1.42,79,D
1.75,73,D
1.24,70,D
0.68,74,D
0.52,80,D
0.95,77,D
1.55,71,D
1.69,70,D
0.94,76,D
1.24,77,D
1.13,72,D
1.12,72,D
0.85,72,D
0.7,79,D
0.8,71,D
0.58,80,D
0.8,80,D
0.51,74,D
1.44,72,D
0.97,72,D
1.96,79,D
0.79,72,D
1.02,73,D
1.04,71,D
0.51,73,D
1.76,73,D
0.55,70,D
1.91,77,D
1.84,70,D
1.3,74,D
1.32,74,D
1.48,75,D
1.08,70,D
1.47,74,D
0.57,78,D
0.58,71,D
1.19,70,D
1.32,76,D
1.83,70,D
0.66,77,D
1.73,78,D
0.82,71,D
1.09,76,D
0.97,75,D
1.1,70,D
0.73,73,D
1.26,80,D
1.7,77,D
1.16,76,D
1.24,74,D
1.77,73,D
1.56,79,D
1.24,79,D
0.89,72,D
1.83,77,D
1.37,77,D
0.83,79,D
0.9,76,D
1.7,70,D
0.57,71,D
1.99,70,D
0.7,77,D
1.69,76,D
1.09,79,D
1.24,70,D
1.82,80,D
1.12,76,D
1.31,75,D
0.57,78,D
0.5,79,D
0.87,75,D
1.52,74,D
0.68,74,D
0.67,79,D
1.12,78,D
1.47,78,D
1.57,70,D
0.77,75,D
0.62,75,D
1.91,80,D
0.89,72,D
1.78,77,D
1.8,72,D
1.66,74,D
0.75,80,D
1.73,78,D
1.65,74,D
1.4,72,D
1.01,71,D
0.89,76,D
0.68,78,D
1.26,78,D
1.38,72,D
1.04,72,D
1.21,74,D
1.05,72,D
1.46,77,D
1.85,77,D
0.75,74,D
1.07,70,D
0.71,80,D
1.44,78,D
1.59,80,D
1.9,76,D
0.92,80,D
1.93,76,D
0.59,73,D
1.4,80,D
0.59,73,D
1.84,74,D
1.29,80,D
1.5,77,D
1.75,77,D
0.73,75,D
0.56,80,D
1.82,73,D
0.97,76,D
0.69,80,D
1.2,74,D
1.4,77,D
0.55,78,D
0.91,77,D
0.55,77,D
1.13,76,D
1.84,72,D
1.97,70,D
1.46,75,D
0.74,80,D
1.86,71,D
1.27,70,D
0.73,75,D
1.88,72,D
1.64,77,D
1.6,79,D
1.56,76,D
0.8,74,D
0.82,73,D
1.53,73,D
0.83,72,D
1.16,75,D
1.67,70,D
1.68,80,D
1.18,73,D
1.69,75,D
1.76,71,D
1.48,76,D
0.84,71,D
0.91,72,D
0.97,74,D
0.68,75,D
0.91,73,D
0.81,80,D
1.18,75,D
1.86,75,D
0.66,71,D
1.58,71,D
1.53,74,D
0.64,75,D
1.88,71,D
1.35,72,D
1.05,72,D
1.63,76,D
0.89,72,D
1.54,70,D
0.56,80,D
1.76,73,D
1.17,78,D
1.46,71,D
0.83,75,D
1.52,77,D
1.66,77,D
1.21,70,D
1.43,77,D
1.18,72,D
1.84,70,D
1.25,76,D
1.76,77,D
1.7,70,D
1.12,70,D
0.85,74,D
1.11,73,D
1.74,76,D
0.84,80,D
1.29,75,D
1.71,70,D
1.03,78,D
1.46,73,D
0.87,72,D
0.66,72,D
1.69,73,D
0.65,78,D
0.91,80,D
1.78,73,D
1.02,76,D
1.96,70,D
1.97,74,D
0.9,80,D
0.56,79,D
1.56,73,D
1.18,78,D
0.65,79,D
1.56,79,D
0.55,79,D
1.81,70,D
0.71,70,D
0.69,74,D
0.76,78,D
1.94,71,D
1.54,71,D
1.7,80,D
1.1,75,D
1.0,75,D
0.85,80,D
1.22,79,D
1.33,79,D
1.45,75,D
0.89,80,D
1.92,74,D
0.75,72,D
1.95,75,D
0.52,71,D
1.22,73,D
1.0,76,D
1.17,73,D
1.36,71,D
1.15,75,D
1.12,71,D
1.6,78,D
1.53,72,D
1.75,76,D
0.87,80,D
1.41,71,D
1.38,76,D
1.05,77,D
1.23,72,D
0.97,74,D
0.71,70,D
0.82,77,D
0.66,80,D
1.52,71,D
1.49,74,D
1.93,78,D
1.59,77,D
0.58,75,D
1.83,74,D
1.79,70,D
1.16,80,D
1.38,72,D
1.96,71,D
1.3,72,D
1.86,73,D
0.62,80,D
0.79,78,D
1.16,70,D
1.38,77,D
1.72,70,D
1.98,76,D
1.08,74,D
0.57,71,D
1.7,74,D
1.41,78,D
0.8,75,D
1.24,74,D
1.61,78,D
1.66,74,D
1.25,72,D
0.96,76,D
1.96,70,D
1.5,71,D
1.11,79,D
0.92,80,D
1.6,79,D
0.86,76,D
0.76,70,D
1.29,78,D
0.93,80,D
1.44,79,D
0.68,70,D
1.48,70,D
0.92,78,D
0.5,74,D
0.69,74,D
1.9,76,D
1.8,77,D
0.85,77,D
1.67,76,D
1.41,76,D
1.96,70,D
1.06,75,D
1.52,78,D
0.6,71,D
1.09,78,D
1.95,78,D
1.31,75,D
0.93,76,D
0.68,76,D
1.56,74,D
1.47,73,D
1.06,74,D
1.93,71,D
0.53,77,D
0.96,73,D
1.88,79,D
0.98,79,D
0.88,73,D
1.3,79,D
1.74,73,D
0.65,80,D
1.91,74,D
1.69,75,D
0.77,70,D
1.57,72,D
1.08,77,D
1.1,78,D
1.67,71,D
1.94,70,D
0.69,78,D
1.13,73,D
1.22,77,D
1.06,78,D
1.04,70,D
0.58,78,D
1.53,74,D
1.15,72,D
0.79,73,D
1.72,71,D
1.7,78,D
1.23,70,D
0.95,78,D
1.46,77,D
0.93,76,D
0.85,77,D
1.6,71,D
0.56,77,D
0.64,71,D
0.51,72,D
0.73,75,D
0.6,71,D
1.99,75,D
0.93,74,D
0.72,71,D
0.86,79,D
1.9,70,D
1.28,76,D
1.05,70,D
1.81,79,D
1.09,71,D
1.0,78,D
0.81,75,D
1.07,80,D
0.98,80,D
1.52,72,D
0.93,78,D
1.37,72,D
0.6,74,D
0.79,70,D
1.11,79,D
1.91,72,D
1.07,79,D
1.5,76,D
0.88,71,D
0.69,70,D
0.59,76,D
0.96,76,D
0.74,80,D
0.76,71,D
1.64,70,D
0.52,70,D
1.34,73,D
1.07,80,D
1.26,75,D
1.34,79,D
0.97,77,D
0.94,80,D
1.6,72,D
1.81,72,D
0.79,74,D
0.65,80,D
1.85,74,D
1.02,70,D
1.33,70,D
1.04,79,D
0.69,75,D
1.38,75,D
1.29,71,D
0.8,73,D
1.18,78,D
1.7,73,D
1.39,79,D
0.65,79,D
1.32,73,D
1.55,80,D
1.69,74,D
1.44,78,D
0.73,72,D
1.57,78,D
1.52,72,D
0.54,76,D
1.12,73,D
1.0,72,D
1.5,79,D
0.82,77,D
1.39,79,D
1.87,75,D
1.7,71,D
1.88,79,D
1.97,72,D
0.52,78,D
1.43,74,D
1.12,71,D
1.79,79,D
0.88,79,D
1.97,70,D
1.42,72,D
1.69,78,D
0.63,78,D
0.78,80,D
1.64,77,D
0.53,71,D
1.73,80,D
0.52,78,D
1.49,80,D
1.05,80,D
1.42,70,D
1.54,74,D
1.01,80,D
0.66,72,D
0.6,75,D
1.38,74,D
1.28,75,D
1.61,70,D
1.26,72,D
1.13,70,D
1.1,71,D
0.54,72,D
1.0,75,D
1.96,77,D
1.81,74,D
0.99,80,D
1.38,75,D
1.77,72,D
1.16,74,D
0.53,70,D
0.61,74,D
1.27,77,D
1.95,80,D
1.54,78,D
0.61,73,D
0.78,71,D
1.66,78,D
1.76,76,D
1.43,74,D
1.47,72,D
0.54,79,D
1.74,75,D
1.68,70,D
0.89,79,D
1.56,72,D
0.82,78,D
0.56,70,D
0.8,74,D
0.77,77,D
1.01,73,D
1.13,77,D
1.26,75,D
1.22,73,D
0.91,80,D
0.54,75,D
1.41,75,D
1.09,71,D
0.95,71,D
1.8,77,D
1.62,79,D
1.79,70,D
1.24,70,D
0.7,72,D
1.54,75,D
0.81,78,D
1.16,72,D
0.6,72,D
1.74,73,D
0.69,70,D
1.85,74,D
1.8,70,D
1.2,76,D
1.62,79,D
1.43,79,D
1.7,75,D
1.15,73,D
1.68,77,D
1.19,77,D
1.91,71,D
1.23,79,D
1.19,79,D
1.68,70,D
1.73,70,D
1.33,74,D
0.77,79,D
1.2,75,D
1.95,73,D
1.63,73,D
1.72,78,D
0.55,72,D
1.2,75,D
1.47,72,D
1.75,77,D
0.57,72,D
1.78,76,D
1.32,72,D
0.8,75,D
0.98,78,D
0.92,74,D
1.3,70,D
0.58,73,D
0.74,79,D
1.72,72,D
0.7,74,D
0.85,72,D
1.18,74,D
1.28,75,D
1.65,75,D
1.17,75,D
1.68,78,D
1.43,77,D
0.67,79,D
0.73,70,D
1.16,74,D
1.1,71,D
1.62,73,D
1.37,72,D
1.08,77,D
0.76,71,D
0.84,71,D
1.36,70,D
1.14,70,D
1.27,72,D
0.76,72,D
1.49,70,D
1.78,80,D
0.89,76,D
1.24,79,D
1.96,79,D
1.0,75,D
1.39,78,D
0.64,73,D
1.41,71,D
0.63,77,D
1.94,70,D
1.57,74,D
1.68,78,D
1.56,74,D
1.38,70,D
1.17,73,D
1.79,76,D
1.94,80,D
1.25,73,D
1.9,71,D
1.37,78,D
1.31,73,D
1.18,77,D
0.81,71,D
0.51,75,D
0.86,74,D
1.26,76,D
1.07,75,D
1.17,80,D
1.97,75,D
1.03,76,D
1.18,79,D
0.7,77,D
0.57,75,D
1.66,73,D
1.36,72,D
1.64,73,D
0.72,73,D
1.36,77,D
0.88,72,D
0.84,77,D
0.52,80,D
0.7,76,D
0.96,80,D
0.68,72,D
1.98,72,D
0.96,73,D
0.7,74,D
0.8,79,D
1.38,76,D
0.6,74,D
1.79,79,D
1.94,78,D
0.87,73,D
1.18,76,D
0.53,80,D
1.46,79,D
1.12,75,D
0.91,78,D
0.81,76,D
1.48,79,D
1.12,75,D
0.77,73,D
1.53,74,D
1.35,72,D
1.79,74,D
0.68,78,D
1.68,80,D
1.51,72,D
0.67,78,D
1.54,71,D
1.16,76,D
1.92,80,D
0.71,80,D
1.46,75,D
1.07,76,D
1.94,80,D
0.99,73,D
1.94,70,D
1.85,74,D
0.91,73,D
1.71,79,D
1.99,72,D
0.88,78,D
1.16,72,D
1.28,75,D
0.94,72,D
0.52,77,D
0.83,71,D
0.92,76,D
1.17,77,D
0.76,76,D
1.81,72,D
1.56,78,D
0.63,76,D
1.48,77,D
1.48,79,D
1.93,80,D
0.5,79,D
0.87,72,D
1.89,70,D
1.9,76,D
1.58,80,D
1.65,74,D
0.64,78,D
1.27,71,D
0.85,75,D
0.77,72,D
1.72,76,D
0.7,71,D
1.2,75,D
1.91,74,D
0.78,73,D
1.97,70,D
1.99,74,D
1.33,70,D
0.76,73,D
0.97,74,D
1.14,73,D
0.96,80,D
0.92,71,D
1.96,75,D
0.73,77,D
1.6,77,D
0.5,70,D
1.39,73,D
1.87,80,D
0.93,76,D
0.78,73,D
1.48,75,D
1.57,78,D
1.53,76,D
0.98,71,D
0.88,76,D
1.93,75,D
1.88,80,D
1.19,74,D
1.77,73,D
1.18,77,D
1.14,78,D
0.74,70,D
1.14,73,D
1.31,77,D
0.53,76,D
1.17,77,D
1.67,76,D
1.52,75,D
1.45,77,D
1.86,80,D
0.53,79,D
1.34,76,D
1.68,72,D
1.31,77,D
0.99,70,D
0.7,80,D
1.83,76,D
1.21,80,D
1.82,76,D
1.38,79,D
1.51,75,D
1.71,71,D
1.49,79,D
1.1,78,D
1.27,70,D
1.7,72,D
1.06,71,D
1.08,72,D
0.64,71,D
1.87,71,D
0.64,75,D
1.47,73,D
1.12,72,D
1.11,78,D
1.52,72,D
0.6,79,D
1.39,72,D
1.66,79,D
1.74,80,D
0.76,72,D
1.85,72,D
1.48,73,D
1.82,74,D
1.23,71,D
1.31,80,D
1.88,77,D
1.85,76,D
1.17,80,D
0.91,73,D
1.09,76,D
1.08,77,D
0.93,71,D
0.9,79,D
1.79,76,D
0.6,80,D
1.52,73,D
0.76,76,D
1.02,72,D
0.59,75,D
0.9,73,D
1.65,78,D
1.83,77,D
0.83,70,D
1.2,70,D
1.21,80,D
1.81,75,D
1.64,72,D
1.27,75,D
1.51,76,D
1.77,75,D
0.51,72,D
1.1,80,D
1.86,77,D
1.61,74,D
1.31,74,D
1.29,79,D
1.02,77,D
1.28,77,D
1.48,70,D
1.13,74,D
1.57,80,D
1.79,70,D
0.73,74,D
1.18,76,D
1.11,76,D
1.53,76,D
0.87,77,D
1.46,77,D
1.82,72,D
1.13,78,D
1.87,78,D
1.99,77,D
0.66,70,D
0.85,75,D
1.93,80,D
1.94,77,D
0.65,74,D
0.52,74,D
0.74,73,D
1.99,76,D
0.77,79,D
1.25,73,D
1.77,80,D
0.53,70,D
1.41,71,D
0.92,77,D
1.79,76,D
0.93,77,D
1.53,71,D
1.51,76,D
0.83,79,D
0.55,76,D
1.11,76,D
0.93,71,D
1.71,71,D
1.7,80,D
1.19,80,D
1.41,79,D
1.41,80,D
1.74,77,D
1.14,74,D
0.91,74,D
0.9,73,D
1.3,73,D
1.17,79,D
1.16,79,D
0.64,80,D
1.58,76,D
0.82,80,D
0.8,77,D
1.12,71,D
0.84,77,D
1.38,79,D
1.06,71,D
1.17,76,D
1.31,76,D
0.81,78,D
0.73,79,D
1.82,79,D
1.15,80,D
1.12,76,D
0.55,78,D
1.25,71,D
1.33,78,D
1.34,75,D
1.56,75,D
0.77,78,D
0.88,72,D
1.72,80,D
1.92,77,D
0.7,78,D
1.25,70,D
0.82,77,D
0.59,71,D
0.99,76,D
0.72,80,D
1.56,73,D
1.3,76,D
0.72,72,D
0.51,71,D
1.71,70,D
0.76,79,D
1.41,75,D
1.01,76,D
1.38,71,D
0.97,76,D
0.63,70,D
0.83,80,D
0.78,78,D
1.14,80,D
1.49,79,D
0.9,71,D
0.52,75,D
1.28,80,D
1.41,75,D
1.94,76,D
1.38,70,D
1.21,75,D
1.36,72,D
1.89,77,D
1.74,77,D
0.98,79,D
0.86,80,D
0.89,72,D
1.26,75,D
1.62,74,D
1.25,78,D
0.6,71,D
1.59,74,D
1.71,76,D
0.93,76,D
1.5,73,D
1.14,80,D
1.83,75,D
1.77,78,D
1.29,77,D
1.54,74,D
1.83,76,D
1.24,76,D
0.97,76,D
1.63,80,D
0.83,73,D
1.08,76,D
1.8,71,D
1.59,73,D
1.11,76,D
0.82,79,D
1.03,72,D
0.93,71,D
0.76,74,D
1.61,71,D
0.88,70,D
1.18,79,D
1.08,75,D
1.97,72,D
1.09,79,D
0.62,71,D
0.63,75,D
1.39,72,D
1.4,79,D
1.13,72,D
1.15,74,D
0.58,80,D
1.27,72,D
1.26,79,D
0.72,78,D
0.66,75,D
0.69,71,D
0.65,77,D
1.41,79,D
0.79,73,D
0.88,80,D
0.76,73,D
1.94,78,D
1.78,72,D
0.85,73,D
0.99,76,D
0.81,72,D
1.24,73,D
0.53,77,D
1.51,75,D
1.28,70,D
1.85,74,D
0.75,78,D
1.71,75,D
1.69,75,D
0.69,74,D
1.1,75,D
0.76,73,D
0.88,73,D
0.89,76,D
1.33,75,D
1.12,74,D
1.92,80,D
0.69,74,D
1.96,76,D
0.85,80,D
1.66,75,D
1.01,71,D
0.71,78,D
1.79,79,D
0.96,80,D
1.49,80,D
1.35,77,D
1.21,71,D
1.24,73,D
1.6,72,D
0.63,77,D
1.5,79,D
1.84,75,D
0.59,75,D
0.71,74,D
1.57,79,D
1.16,80,D
1.11,75,D
0.71,75,D
1.26,77,D
0.69,72,D
1.21,73,D
1.65,71,D
0.89,74,D
1.22,78,D
1.99,79,D
1.53,75,D
1.76,75,D
1.12,70,D
1.65,75,D
0.56,80,D
0.68,70,D
0.8,76,D
1.1,72,D
1.77,70,D
1.02,79,D
1.48,77,D
1.56,72,D
1.38,77,D
1.04,71,D
1.37,74,D
1.01,71,D
0.63,78,D
1.99,78,D
0.69,77,D
0.61,78,D
1.82,70,D
0.95,72,D
1.48,73,D
0.99,76,D
1.09,75,D
0.89,70,D
1.01,72,D
1.12,79,D
1.58,75,D
1.27,79,D
1.92,78,D
0.56,78,D
1.25,72,D
1.38,76,D
1.88,79,D
0.57,75,D
1.36,74,D
1.78,72,D
0.86,70,D
1.81,78,D
0.53,80,D
1.6,74,D
1.9,79,D
1.49,72,D
1.16,74,D
0.57,77,D
1.88,76,D
1.21,72,D
0.54,78,D
1.53,80,D
1.22,74,D
0.69,76,D
0.82,78,D
0.6,77,D
1.36,76,D
1.43,72,D
1.26,76,D
1.73,80,D
1.79,70,D
1.42,75,D
0.52,71,D
1.54,77,D
1.13,76,D
1.35,77,D
1.47,80,D
1.03,78,D
1.88,75,D
0.7,78,D
1.51,75,D
0.51,76,D
1.89,77,D
0.67,71,D
0.64,77,D
1.0,75,D
1.06,75,D
0.82,74,D
1.38,79,D
1.16,79,D
0.55,74,D
0.98,76,D
1.72,73,D
1.53,70,D
1.59,79,D
1.55,75,D
0.97,80,D
0.65,71,D
0.91,78,D
1.75,77,D
1.97,74,D
1.24,70,D
0.51,80,D
0.71,78,D
0.98,76,D
1.37,73,D
0.61,79,D
1.92,80,D
1.05,73,D
1.87,71,D
1.67,76,D
1.63,79,D
1.41,78,D
1.44,79,D
1.46,73,D
1.44,73,D
1.33,78,D
1.98,75,D
1.6,75,D
1.67,78,D
1.81,76,D
0.82,78,D
0.63,75,D
1.22,76,D
1.27,78,D
1.74,79,D
1.17,77,D
1.36,78,D
1.29,77,D
0.56,78,D
1.42,76,D
1.74,72,D
0.74,72,D
1.39,79,D
1.39,78,D
0.75,75,D
0.69,76,D
1.97,75,D
1.09,77,D
0.84,77,D
0.76,80,D
1.5,77,D
1.41,74,D
1.47,71,D
0.63,73,D
1.84,72,D
1.08,70,D
0.97,73,D
1.19,71,D
1.09,80,D
1.8,79,D
1.89,72,D
0.96,70,D
1.8,80,D
1.67,72,D
1.9,76,D
0.87,72,D
1.37,77,D
0.91,79,D
1.74,78,D
0.51,79,D
1.35,71,D
1.01,78,D
0.98,70,D
1.47,71,D
1.78,77,D
1.41,74,D
1.78,80,D
0.9,73,D
1.28,71,D
1.18,72,D
0.52,75,D
1.34,79,D
1.49,73,D
1.39,73,D
1.6,71,D
1.36,76,D
0.6,74,D
0.67,70,D
1.39,71,D
0.91,76,D
0.62,76,D
1.14,75,D
1.33,71,D
0.99,72,D
1.58,80,D
1.47,70,D
1.0,78,D
1.63,74,D
1.47,75,D
1.46,74,D
1.33,70,D
0.52,78,D
1.54,76,D
1.06,74,D
1.91,77,D
1.73,78,D
1.38,79,D
0.88,72,D
0.81,75,D
1.01,70,D
1.21,78,D
0.94,70,D
1.27,76,D
0.75,77,D
1.97,76,D
0.66,74,D
1.9,76,D
1.87,75,D
