EEG,Heart,Pressure,Label
209,74,131,A
256,70,115,A
197,89,107,B
157,84,134,B
178,75,152,C
212,73,110,A
172,80,148,C
294,70,137,A
164,89,101,B
165,89,106,B
157,86,113,B
164,70,154,C
166,77,151,C
178,90,122,B
195,90,137,B
198,87,129,B
160,84,101,B
176,75,147,C
269,70,131,A
294,71,125,A
161,88,139,B
195,79,152,C
243,80,128,A
212,73,100,A
227,77,102,A
200,77,123,A
279,76,130,A
266,76,111,A
174,78,155,C
160,76,165,C
283,75,108,A
294,78,110,A
289,77,130,A
174,90,109,B
163,88,139,B
156,89,105,B
168,78,158,C
174,80,153,C
199,72,144,C
262,73,140,A
295,72,120,A
281,76,128,A
151,86,134,B
150,80,122,B
166,89,120,B
186,86,104,B
189,78,141,C
155,75,165,C
197,76,158,C
256,72,107,A
168,83,130,B
191,89,122,B
159,89,104,B
170,84,139,B
162,83,128,B
152,82,100,B
178,76,144,C
155,73,143,C
152,74,160,C
200,78,158,C
187,76,143,C
193,73,160,C
219,76,138,A
170,75,148,C
260,75,140,A
255,71,120,A
178,89,109,B
187,80,142,C
182,73,161,C
276,78,112,A
155,87,134,B
187,81,124,B
173,73,141,C
169,70,140,C
172,75,170,C
198,88,136,B
183,70,153,C
164,78,148,C
200,79,104,A
197,80,114,B
181,87,110,B
164,88,110,B
169,87,134,B
185,81,107,B
190,74,147,C
176,70,166,C
167,87,134,B
161,90,116,B
193,81,101,B
155,80,117,B
163,75,167,C
162,75,159,C
189,77,166,C
181,85,139,B
170,79,160,C
161,79,156,C
163,80,158,C
262,74,119,A
163,86,114,B
189,72,160,C
254,73,134,A
290,70,108,A
198,80,120,B
180,74,165,C
178,70,162,C
250,79,140,A
275,73,132,A
177,85,104,B
180,90,120,B
187,73,167,C
181,75,169,C
225,73,116,A
207,73,139,A
248,73,120,A
275,70,103,A
194,87,106,B
153,87,138,B
161,85,114,B
184,73,167,C
185,79,157,C
183,72,141,C
246,74,139,A
178,90,132,B
182,82,111,B
169,70,156,C
239,75,124,A
185,87,127,B
183,83,113,B
169,87,103,B
157,81,120,B
197,80,168,C
173,80,147,C
171,73,155,C
175,71,154,C
274,73,107,A
242,80,128,A
242,80,119,A
265,72,112,A
151,84,128,B
198,87,101,B
185,83,115,B
189,75,162,C
161,72,145,C
257,80,127,A
271,71,131,A
164,88,120,B
181,75,143,C
167,78,162,C
249,75,127,A
151,81,127,B
154,72,149,C
169,74,143,C
200,76,160,C
167,75,168,C
224,74,132,A
166,83,108,B
153,84,126,B
164,75,157,C
250,79,117,A
204,77,101,A
211,75,113,A
200,74,162,C
178,73,157,C
247,70,138,A
193,81,104,B
164,81,122,B
192,80,153,C
151,72,160,C
220,74,121,A
170,80,161,C
162,70,157,C
165,71,163,C
177,70,151,C
161,70,144,C
277,76,136,A
295,74,103,A
198,85,133,B
172,70,156,C
172,74,152,C
169,76,143,C
275,74,131,A
155,74,162,C
154,75,146,C
216,74,139,A
290,73,108,A
215,80,129,A
188,72,166,C
183,75,163,C
244,78,132,A
216,77,126,A
157,82,108,B
193,83,102,B
158,70,143,C
298,70,108,A
201,73,125,A
279,73,134,A
206,73,111,A
177,84,128,B
182,80,157,C
182,75,140,C
158,75,155,C
160,74,164,C
165,70,167,C
202,77,105,A
256,71,110,A
178,80,137,B
155,80,157,C
169,71,155,C
216,78,103,A
290,80,100,A
187,75,169,C
192,74,150,C
298,71,127,A
187,82,124,B
174,89,140,B
191,70,167,C
183,80,109,B
156,89,110,B
181,82,106,B
169,73,141,C
280,78,125,A
189,72,163,C
165,82,102,B
193,90,111,B
198,88,132,B
170,73,164,C
172,72,157,C
153,76,151,C
190,86,135,B
152,84,102,B
200,76,166,C
175,73,149,C
234,73,128,A
159,85,108,B
177,78,148,C
178,78,165,C
223,76,140,A
246,74,110,A
261,80,128,A
159,89,122,B
185,86,105,B
162,70,140,C
184,76,167,C
176,78,155,C
157,82,101,B
166,80,156,C
150,79,157,C
262,70,126,A
177,81,105,B
198,76,159,C
228,79,112,A
272,76,117,A
251,77,114,A
178,77,147,C
172,70,160,C
167,78,165,C
252,78,131,A
224,70,126,A
171,81,125,B
228,80,131,A
240,79,124,A
276,78,110,A
157,85,120,B
156,80,140,B
185,76,161,C
152,73,144,C
174,72,153,C
194,86,140,B
154,87,109,B
164,79,151,C
185,76,150,C
165,77,147,C
155,76,145,C
158,87,133,B
182,73,154,C
195,79,170,C
164,74,170,C
283,80,122,A
169,90,111,B
195,80,103,B
151,90,136,B
198,76,167,C
252,75,112,A
249,71,108,A
278,78,140,A
178,79,159,C
294,79,114,A
244,70,134,A
177,82,137,B
197,80,167,C
163,75,149,C
179,72,154,C
278,70,125,A
247,73,135,A
152,80,127,B
185,87,120,B
163,84,134,B
150,79,165,C
190,72,151,C
178,75,168,C
297,77,132,A
193,82,140,B
167,84,133,B
183,85,118,B
156,83,102,B
174,76,148,C
198,80,170,C
180,80,169,C
300,74,134,A
241,72,132,A
183,84,117,B
200,86,112,B
187,75,141,C
163,78,158,C
169,72,154,C
177,70,144,C
266,72,120,A
182,88,130,B
184,81,127,B
197,72,168,C
184,80,151,C
169,79,150,C
263,74,108,A
156,87,124,B
151,89,108,B
174,89,118,B
155,85,110,B
153,75,143,C
162,73,150,C
262,79,118,A
164,84,137,B
193,72,160,C
172,80,163,C
152,76,148,C
213,79,117,A
160,83,138,B
184,86,120,B
169,81,136,B
180,75,154,C
173,71,168,C
173,77,160,C
239,79,123,A
169,84,112,B
176,90,117,B
172,76,151,C
152,70,154,C
219,72,125,A
257,74,130,A
157,80,140,C
174,70,165,C
259,74,131,A
239,77,108,A
178,82,137,B
195,74,142,C
194,77,161,C
193,72,150,C
172,76,150,C
194,74,169,C
176,76,157,C
294,80,123,A
202,72,120,A
182,82,136,B
159,88,104,B
151,73,161,C
198,74,149,C
167,70,151,C
152,76,157,C
162,79,153,C
208,78,134,A
217,80,139,A
189,88,111,B
200,90,134,B
191,72,152,C
296,80,129,A
155,89,104,B
173,80,161,C
188,70,169,C
188,73,163,C
259,73,133,A
245,80,135,A
239,78,118,A
197,70,161,C
188,77,161,C
173,71,168,C
197,76,149,C
180,74,163,C
216,80,135,A
267,78,124,A
150,81,132,B
194,76,151,C
162,70,143,C
199,71,148,C
164,78,146,C
174,72,155,C
184,75,144,C
179,73,159,C
234,77,113,A
280,78,134,A
172,85,103,B
163,78,148,C
168,75,163,C
199,70,153,C
292,73,111,A
280,72,120,A
160,74,152,C
153,71,155,C
175,79,167,C
169,82,126,B
155,87,126,B
161,82,111,B
158,83,139,B
200,76,164,C
193,79,166,C
215,78,127,A
261,75,136,A
191,79,162,C
197,83,134,B
186,84,130,B
159,80,113,B
185,88,120,B
164,80,143,C
162,80,167,C
154,70,167,C
163,74,143,C
186,83,129,B
198,71,159,C
154,72,153,C
182,74,140,C
290,74,102,A
221,78,111,A
168,89,135,B
179,86,139,B
150,84,134,B
159,89,133,B
162,82,121,B
168,90,117,B
167,71,160,C
190,76,145,C
294,76,120,A
214,75,116,A
218,77,116,A
166,83,113,B
199,77,161,C
167,85,123,B
191,89,131,B
193,77,154,C
157,79,169,C
290,71,114,A
183,90,118,B
197,84,122,B
189,80,150,C
158,85,107,B
152,73,152,C
197,79,146,C
196,76,161,C
194,81,104,B
166,88,130,B
190,88,131,B
166,75,170,C
179,77,154,C
164,81,119,B
167,88,107,B
155,70,158,C
223,75,124,A
170,83,113,B
198,76,165,C
234,75,134,A
220,80,104,A
275,79,105,A
165,80,101,B
191,86,138,B
162,76,157,C
160,71,140,C
216,76,102,A
190,75,169,C
187,84,120,B
171,72,152,C
195,74,157,C
172,75,164,C
265,70,116,A
186,86,111,B
184,82,123,B
188,70,163,C
179,89,131,B
160,82,125,B
150,90,135,B
203,71,108,A
180,85,133,B
185,82,110,B
194,71,140,C
192,79,152,C
153,70,157,C
287,72,132,A
184,80,167,C
154,74,164,C
210,80,101,A
192,89,119,B
192,86,102,B
189,75,145,C
252,80,117,A
236,80,126,A
162,88,112,B
197,71,145,C
200,71,159,C
191,76,146,C
197,84,104,B
180,72,153,C
186,78,151,C
226,80,107,A
187,90,118,B
180,90,106,B
172,70,160,C
183,76,155,C
213,74,100,A
151,72,167,C
194,84,101,B
177,87,121,B
194,78,150,C
199,78,156,C
171,80,170,C
291,71,114,A
177,79,145,C
195,78,143,C
239,75,118,A
189,77,150,C
165,80,114,B
189,89,117,B
194,74,140,C
188,77,168,C
172,75,170,C
289,71,107,A
228,71,119,A
186,87,106,B
151,82,140,B
163,81,121,B
195,86,131,B
179,79,167,C
150,77,143,C
150,70,149,C
195,71,163,C
232,79,122,A
265,75,128,A
166,85,135,B
172,79,169,C
161,75,141,C
155,70,140,C
187,78,141,C
251,72,137,A
223,80,100,A
229,76,121,A
169,80,109,B
187,84,132,B
189,72,150,C
151,77,165,C
220,70,124,A
188,77,144,C
190,80,155,C
174,80,142,C
178,85,101,B
172,90,126,B
156,76,162,C
180,80,117,B
190,82,139,B
180,72,142,C
191,75,159,C
153,87,132,B
169,84,140,B
187,77,149,C
158,76,153,C
181,74,170,C
199,74,147,C
151,74,161,C
253,72,134,A
219,72,138,A
217,77,105,A
173,70,147,C
151,76,157,C
190,73,168,C
177,72,144,C
203,77,132,A
218,74,127,A
242,74,103,A
194,83,119,B
172,90,112,B
186,74,150,C
165,84,103,B
174,90,123,B
184,85,102,B
158,80,105,B
156,70,142,C
214,77,105,A
269,80,138,A
294,78,132,A
184,75,151,C
179,71,154,C
164,74,158,C
151,71,151,C
277,72,114,A
253,74,115,A
151,87,122,B
198,87,115,B
200,83,107,B
158,80,161,C
174,79,157,C
168,73,165,C
176,88,113,B
160,78,151,C
188,72,152,C
155,70,162,C
169,73,162,C
268,74,140,A
196,81,129,B
199,76,149,C
194,70,146,C
171,79,146,C
184,71,164,C
167,77,142,C
168,85,106,B
189,80,167,C
161,78,142,C
189,71,144,C
249,70,125,A
151,77,142,C
161,72,166,C
193,90,100,B
156,77,145,C
262,72,123,A
257,72,117,A
180,70,162,C
151,76,143,C
168,74,156,C
182,83,139,B
196,88,115,B
152,71,160,C
227,79,102,A
244,73,119,A
269,73,129,A
194,86,139,B
235,77,101,A
281,80,109,A
199,86,129,B
179,70,169,C
268,75,122,A
257,77,132,A
200,85,113,B
195,82,120,B
200,90,138,B
163,83,128,B
166,70,163,C
152,79,162,C
153,74,160,C
275,74,108,A
289,77,107,A
161,81,123,B
154,77,150,C
176,76,156,C
232,73,107,A
276,70,121,A
264,75,118,A
228,70,140,A
173,76,166,C
165,75,163,C
214,73,115,A
162,73,143,C
167,75,160,C
185,70,161,C
177,74,152,C
221,70,100,A
190,82,123,B
187,77,151,C
152,80,145,C
189,75,153,C
161,89,118,B
157,89,100,B
184,72,165,C
159,76,170,C
171,80,144,C
266,73,140,A
193,84,135,B
190,82,134,B
181,86,123,B
177,85,131,B
166,85,134,B
173,78,157,C
183,77,148,C
262,77,105,A
200,78,106,A
222,71,124,A
188,82,121,B
175,74,154,C
210,72,102,A
246,80,110,A
214,75,118,A
297,77,133,A
183,88,103,B
160,77,150,C
208,76,109,A
226,75,107,A
150,90,108,B
277,78,126,A
192,87,104,B
155,74,152,C
197,80,153,C
196,74,153,C
151,77,160,C
297,72,108,A
214,79,113,A
174,83,110,B
290,72,137,A
280,77,113,A
218,75,103,A
293,76,101,A
169,81,117,B
167,88,120,B
188,87,134,B
163,84,116,B
151,72,163,C
162,76,170,C
177,87,100,B
160,74,156,C
231,79,100,A
180,81,111,B
155,80,150,C
174,76,140,C
153,73,141,C
196,76,144,C
254,75,112,A
168,78,145,C
290,77,109,A
221,76,101,A
185,89,135,B
197,78,143,C
162,75,146,C
192,75,161,C
156,89,116,B
159,79,151,C
177,72,155,C
197,78,168,C
171,88,136,B
162,74,153,C
196,72,152,C
168,83,131,B
243,73,105,A
208,72,140,A
171,81,132,B
199,89,139,B
167,79,151,C
225,79,106,A
179,84,117,B
171,77,166,C
154,73,164,C
195,88,112,B
178,80,120,B
226,73,137,A
205,70,116,A
229,78,125,A
287,77,118,A
194,81,127,B
163,79,156,C
179,86,104,B
180,79,169,C
196,75,158,C
186,84,111,B
185,88,119,B
167,86,106,B
189,87,117,B
164,89,116,B
173,72,144,C
183,75,143,C
217,71,136,A
287,74,129,A
158,87,112,B
188,77,156,C
169,75,161,C
268,70,111,A
184,82,135,B
174,77,141,C
151,76,146,C
209,72,125,A
252,73,119,A
163,70,158,C
210,72,134,A
275,79,105,A
217,78,115,A
243,71,135,A
166,87,102,B
176,90,140,B
193,74,164,C
242,76,106,A
175,87,122,B
182,88,103,B
180,79,143,C
294,79,110,A
292,78,121,A
183,82,119,B
181,88,134,B
200,70,152,C
184,74,146,C
280,74,113,A
200,77,118,A
256,75,138,A
165,83,110,B
165,82,137,B
179,78,154,C
199,70,151,C
174,71,157,C
169,75,165,C
163,75,141,C
294,77,121,A
158,72,166,C
170,72,166,C
218,71,120,A
274,74,100,A
173,88,109,B
181,78,142,C
198,73,169,C
185,70,167,C
293,72,118,A
154,84,122,B
200,89,100,B
155,84,124,B
157,81,105,B
179,73,161,C
196,70,165,C
298,79,125,A
183,70,163,C
196,79,157,C
155,80,168,C
263,73,116,A
256,72,130,A
262,72,129,A
163,74,141,C
157,75,159,C
210,79,106,A
166,72,147,C
174,76,168,C
300,74,109,A
249,70,101,A
197,83,135,B
225,76,115,A
250,79,104,A
194,82,111,B
189,83,119,B
195,77,161,C
189,72,149,C
202,80,118,A
164,89,140,B
186,71,161,C
164,79,142,C
162,70,155,C
196,82,104,B
178,90,124,B
160,80,115,B
240,75,117,A
270,74,123,A
177,89,112,B
192,72,149,C
194,70,145,C
293,70,136,A
224,77,132,A
207,70,132,A
165,79,154,C
198,78,167,C
155,89,109,B
159,77,148,C
166,87,126,B
164,73,166,C
150,77,167,C
184,74,154,C
186,77,166,C
159,71,163,C
265,76,126,A
278,70,131,A
183,80,136,B
158,70,161,C
183,73,141,C
198,72,159,C
288,75,135,A
172,89,104,B
173,70,166,C
189,71,149,C
165,76,165,C
165,72,144,C
199,87,129,B
174,84,108,B
200,85,123,B
183,78,170,C
297,80,131,A
228,70,124,A
206,72,123,A
231,79,101,A
191,80,108,B
153,77,153,C
197,79,160,C
281,70,140,A
155,80,140,B
170,81,136,B
166,82,104,B
173,72,157,C
200,80,162,C
197,77,161,C
292,80,136,A
232,70,127,A
187,80,138,B
190,74,170,C
180,75,151,C
168,79,167,C
151,89,109,B
166,83,116,B
153,73,158,C
217,77,111,A
270,77,124,A
273,70,120,A
189,86,107,B
192,78,165,C
179,80,161,C
283,75,140,A
245,76,125,A
256,76,103,A
150,80,165,C
177,79,165,C
172,72,143,C
237,77,103,A
183,90,113,B
197,79,156,C
167,79,169,C
154,71,162,C
158,82,112,B
167,82,128,B
175,77,143,C
159,75,152,C
193,84,139,B
179,90,119,B
182,88,121,B
160,87,134,B
194,76,168,C
261,70,134,A
199,70,151,C
179,74,167,C
185,72,143,C
174,72,170,C
190,75,148,C
294,71,113,A
257,80,110,A
283,80,118,A
171,88,127,B
168,86,116,B
187,74,161,C
188,70,147,C
178,74,147,C
223,76,121,A
189,90,110,B
159,84,137,B
197,74,161,C
163,74,168,C
153,80,147,C
169,74,150,C
200,75,127,A
281,75,132,A
292,78,117,A
180,84,110,B
152,80,170,C
177,73,143,C
198,73,162,C
233,77,107,A
226,76,134,A
182,81,118,B
194,80,118,B
154,87,132,B
172,84,120,B
174,74,148,C
165,71,146,C
157,72,157,C
169,89,116,B
153,90,120,B
185,73,145,C
157,78,151,C
156,80,160,C
239,80,111,A
220,77,104,A
196,89,130,B
176,71,149,C
184,76,148,C
159,75,163,C
186,72,151,C
159,71,149,C
259,74,126,A
280,78,111,A
285,74,125,A
200,82,121,B
174,76,162,C
166,70,162,C
204,72,123,A
156,82,140,B
254,73,118,A
206,79,121,A
275,79,132,A
201,78,127,A
213,80,123,A
184,86,102,B
155,81,100,B
189,80,131,B
191,80,158,C
179,71,152,C
166,78,142,C
152,72,167,C
157,86,113,B
286,78,138,A
187,82,104,B
188,84,122,B
199,71,159,C
157,78,151,C
297,80,123,A
171,81,109,B
191,82,115,B
161,71,162,C
167,77,167,C
168,83,138,B
163,87,132,B
173,74,163,C
255,76,106,A
281,72,105,A
239,71,137,A
185,72,155,C
199,71,148,C
233,72,127,A
274,70,133,A
197,76,156,C
200,79,141,C
181,71,162,C
223,75,120,A
161,73,168,C
182,79,149,C
254,72,118,A
222,73,140,A
172,81,112,B
190,80,114,B
155,82,123,B
300,71,139,A
219,74,106,A
194,82,109,B
177,77,170,C
155,71,140,C
218,78,113,A
178,77,150,C
219,73,107,A
174,84,139,B
162,76,153,C
196,78,143,C
266,75,137,A
253,72,112,A
211,74,130,A
167,81,127,B
203,80,103,A
249,78,105,A
178,77,142,C
182,70,145,C
195,75,169,C
206,78,125,A
281,77,131,A
276,71,140,A
281,71,116,A
152,85,102,B
173,72,155,C
249,74,111,A
162,86,136,B
163,82,133,B
182,72,163,C
158,79,166,C
267,79,139,A
229,77,118,A
226,71,114,A
251,75,140,A
189,87,112,B
189,72,166,C
198,71,158,C
229,74,118,A
278,76,104,A
263,75,137,A
285,76,136,A
255,76,107,A
188,81,126,B
194,84,117,B
200,75,160,C
153,77,166,C
178,72,165,C
211,72,127,A
169,70,159,C
184,90,105,B
154,86,124,B
152,70,150,C
176,80,144,C
160,75,154,C
213,70,106,A
224,74,119,A
276,71,109,A
176,83,105,B
176,81,136,B
161,83,101,B
157,70,170,C
197,80,168,C
162,78,170,C
276,72,122,A
292,79,137,A
208,79,130,A
202,75,131,A
260,77,106,A
157,71,165,C
163,75,161,C
276,73,102,A
266,80,130,A
173,85,128,B
180,81,130,B
151,85,126,B
198,84,121,B
176,80,141,C
198,76,163,C
236,71,100,A
213,73,140,A
211,75,126,A
232,73,111,A
263,80,119,A
180,86,129,B
151,73,158,C
189,70,170,C
293,74,136,A
278,76,121,A
240,74,116,A
168,84,106,B
162,73,144,C
175,72,151,C
295,80,107,A
255,79,116,A
190,83,113,B
193,78,160,C
241,75,101,A
198,73,156,C
151,77,142,C
231,73,125,A
279,72,126,A
236,71,133,A
278,79,105,A
193,84,138,B
154,73,140,C
295,78,114,A
190,82,116,B
167,71,160,C
223,72,114,A
235,70,112,A
250,70,122,A
263,70,125,A
228,72,102,A
227,78,100,A
233,70,111,A
283,73,120,A
159,88,123,B
183,78,146,C
184,79,159,C
154,78,169,C
200,71,147,C
261,74,118,A
192,78,152,C
178,80,166,C
283,79,129,A
175,90,110,B
150,79,161,C
152,74,155,C
219,76,133,A
244,77,135,A
240,76,133,A
289,77,135,A
157,88,130,B
176,82,133,B
227,73,104,A
260,77,126,A
269,78,129,A
222,73,133,A
186,89,118,B
187,79,154,C
159,71,157,C
151,77,145,C
273,74,126,A
167,85,139,B
156,80,129,B
172,85,113,B
184,87,124,B
158,72,146,C
182,88,124,B
166,73,149,C
188,70,163,C
190,79,153,C
267,77,112,A
189,73,167,C
181,86,113,B
194,77,147,C
240,72,123,A
231,71,122,A
242,77,116,A
195,80,111,B
198,74,145,C
153,78,161,C
285,80,129,A
249,76,134,A
155,82,116,B
198,88,139,B
189,71,169,C
183,74,166,C
156,75,170,C
226,75,126,A
217,71,113,A
207,80,128,A
263,72,106,A
290,78,129,A
250,77,125,A
164,86,115,B
181,76,163,C
260,71,119,A
163,70,152,C
158,73,167,C
187,72,158,C
196,72,153,C
155,86,105,B
154,87,121,B
164,74,147,C
180,71,168,C
245,74,106,A
284,73,122,A
157,82,122,B
152,75,150,C
172,73,166,C
242,80,134,A
260,74,116,A
165,86,138,B
190,74,144,C
187,80,143,C
298,76,108,A
239,75,108,A
162,89,140,B
165,83,109,B
182,71,147,C
254,78,110,A
197,83,135,B
152,78,140,C
230,71,108,A
168,86,106,B
167,80,147,C
173,72,142,C
201,74,117,A
176,80,131,B
165,83,115,B
154,83,108,B
187,82,109,B
199,80,143,C
300,80,106,A
159,76,143,C
187,74,146,C
260,77,116,A
208,74,116,A
159,83,116,B
163,82,129,B
158,75,149,C
169,88,109,B
151,90,118,B
187,80,128,B
167,86,112,B
196,86,134,B
172,87,107,B
154,90,130,B
189,70,166,C
176,72,166,C
152,77,164,C
294,75,100,A
154,86,133,B
161,76,164,C
218,78,131,A
291,72,102,A
247,74,131,A
207,76,115,A
259,72,130,A
176,90,124,B
166,76,153,C
166,75,142,C
166,75,167,C
167,80,109,B
173,73,147,C
170,72,156,C
168,80,147,C
186,74,148,C
271,72,131,A
264,73,124,A
159,87,131,B
178,85,136,B
181,71,149,C
203,72,104,A
160,90,121,B
168,73,144,C
232,78,113,A
245,74,118,A
300,79,120,A
167,83,128,B
175,86,107,B
159,82,108,B
152,89,120,B
182,82,114,B
175,88,128,B
158,88,107,B
176,80,155,C
231,76,103,A
206,70,105,A
257,73,105,A
154,89,117,B
168,74,149,C
198,80,145,C
166,77,157,C
189,83,106,B
168,85,133,B
189,73,165,C
153,73,141,C
198,78,148,C
271,74,124,A
173,84,116,B
196,78,156,C
171,77,148,C
267,71,126,A
213,77,106,A
183,82,135,B
282,78,139,A
235,73,117,A
190,82,137,B
154,75,169,C
152,72,169,C
164,74,165,C
158,75,153,C
282,72,129,A
223,75,122,A
168,78,145,C
244,77,109,A
199,82,138,B
199,85,126,B
168,88,110,B
187,70,166,C
159,78,153,C
254,80,106,A
170,84,138,B
178,88,119,B
296,80,122,A
268,70,110,A
206,70,122,A
198,85,123,B
264,75,127,A
260,73,105,A
295,70,100,A
168,71,157,C
151,78,164,C
292,77,113,A
150,88,110,B
157,80,135,B
189,70,159,C
172,78,144,C
182,76,165,C
166,77,148,C
170,70,169,C
224,70,136,A
150,82,125,B
158,90,140,B
199,78,157,C
299,73,112,A
167,77,163,C
157,77,167,C
159,74,151,C
191,89,131,B
156,89,135,B
164,87,103,B
175,79,153,C
200,79,160,C
242,72,136,A
247,77,124,A
169,89,114,B
156,71,163,C
153,76,170,C
183,77,158,C
158,76,154,C
200,74,108,A
222,70,103,A
182,82,117,B
152,83,133,B
182,88,131,B
199,90,140,B
198,71,152,C
186,76,148,C
170,74,159,C
165,70,162,C
187,73,155,C
267,79,132,A
166,87,105,B
185,88,107,B
200,72,153,C
198,79,153,C
169,72,167,C
187,76,167,C
214,73,133,A
187,72,143,C
242,76,130,A
299,76,105,A
258,80,119,A
258,80,129,A
162,86,120,B
205,75,129,A
188,80,152,C
164,79,167,C
238,76,114,A
184,78,159,C
268,79,110,A
263,73,118,A
232,72,108,A
181,80,114,B
189,90,111,B
158,78,140,C
182,73,159,C
158,73,156,C
267,80,111,A
256,73,102,A
237,74,108,A
189,70,164,C
154,74,169,C
178,70,153,C
275,72,107,A
198,90,100,B
290,75,121,A
168,83,100,B
284,74,103,A
207,77,134,A
191,82,120,B
151,73,147,C
161,80,156,C
192,73,166,C
193,76,142,C
268,78,118,A
194,88,116,B
181,79,154,C
169,70,143,C
154,70,156,C
151,77,147,C
295,77,125,A
157,90,134,B
164,89,130,B
290,80,125,A
279,75,116,A
243,72,102,A
238,73,128,A
152,81,115,B
187,90,127,B
188,74,163,C
153,74,140,C
198,74,146,C
188,79,150,C
259,72,105,A
187,90,116,B
195,88,111,B
161,83,139,B
151,80,157,C
162,70,160,C
270,78,119,A
153,83,121,B
163,79,144,C
173,70,151,C
172,85,102,B
182,77,158,C
170,74,149,C
182,85,100,B
187,77,162,C
191,75,147,C
167,76,157,C
208,80,116,A
196,87,103,B
160,82,117,B
246,78,130,A
278,79,116,A
177,71,158,C
192,79,161,C
190,74,167,C
194,79,140,C
218,77,101,A
184,72,149,C
150,79,158,C
291,71,131,A
271,74,137,A
239,78,108,A
228,77,128,A
172,77,140,C
182,90,125,B
187,86,127,B
160,81,138,B
189,86,123,B
169,85,127,B
186,74,163,C
250,71,109,A
190,85,132,B
183,88,116,B
200,87,136,B
161,72,152,C
176,80,156,C
157,71,141,C
279,71,111,A
295,73,104,A
242,76,111,A
196,84,115,B
171,76,142,C
155,76,164,C
195,72,170,C
155,80,153,C
239,76,129,A
180,85,121,B
184,82,117,B
166,73,147,C
165,74,152,C
176,73,166,C
248,77,104,A
213,70,138,A
166,78,169,C
244,73,125,A
179,77,156,C
158,71,164,C
161,74,146,C
186,72,154,C
190,70,161,C
165,76,149,C
240,74,113,A
246,71,135,A
172,87,102,B
195,73,143,C
151,90,136,B
173,80,169,C
173,72,168,C
184,70,164,C
292,80,104,A
300,79,114,A
268,72,117,A
196,87,114,B
197,70,165,C
276,75,140,A
187,87,113,B
179,71,151,C
160,74,142,C
211,71,120,A
183,84,135,B
195,84,113,B
163,74,146,C
194,75,152,C
216,71,131,A
188,89,108,B
181,81,125,B
189,70,141,C
161,71,145,C
238,72,102,A
266,73,106,A
174,86,109,B
192,80,118,B
192,81,119,B
175,73,145,C
247,75,113,A
286,70,108,A
199,70,157,C
162,72,155,C
200,73,143,C
247,78,101,A
246,76,105,A
294,76,132,A
164,88,131,B
187,71,148,C
182,74,158,C
180,72,148,C
181,78,142,C
164,70,146,C
190,79,169,C
299,78,127,A
221,77,111,A
212,74,133,A
260,75,120,A
179,72,162,C
190,71,157,C
227,76,112,A
158,90,111,B
196,87,108,B
187,77,167,C
175,75,146,C
219,80,115,A
274,78,127,A
185,83,121,B
158,79,141,C
159,87,105,B
169,81,106,B
192,79,159,C
182,77,141,C
174,75,146,C
261,76,110,A
258,76,114,A
159,81,126,B
151,81,122,B
156,72,167,C
176,75,155,C
173,75,140,C
158,72,144,C
284,75,122,A
284,70,107,A
186,88,100,B
164,82,121,B
271,76,140,A
282,80,122,A
292,76,136,A
188,88,105,B
175,85,137,B
162,83,133,B
180,75,166,C
232,70,103,A
151,76,162,C
174,72,155,C
291,78,100,A
213,79,123,A
162,90,132,B
170,85,103,B
185,83,131,B
161,89,111,B
162,78,149,C
151,71,158,C
264,75,110,A
253,72,139,A
253,80,114,A
255,75,100,A
180,85,137,B
175,79,159,C
259,77,127,A
245,77,113,A
261,76,118,A
170,76,152,C
213,77,107,A
234,76,109,A
157,77,153,C
186,73,162,C
286,78,125,A
215,71,104,A
151,89,131,B
191,88,127,B
170,76,150,C
252,75,138,A
254,72,109,A
193,87,110,B
187,70,168,C
199,80,145,C
222,76,104,A
219,72,128,A
287,76,127,A
276,77,139,A
181,89,105,B
152,83,128,B
194,78,162,C
176,70,155,C
169,83,126,B
171,82,117,B
194,72,160,C
177,80,152,C
188,71,161,C
176,73,150,C
202,72,126,A
189,86,122,B
179,84,134,B
158,78,162,C
195,74,159,C
190,72,158,C
184,74,151,C
174,85,102,B
179,90,106,B
171,81,116,B
190,85,105,B
212,73,116,A
152,82,102,B
196,83,137,B
176,80,125,B
200,75,142,C
154,77,160,C
157,72,170,C
213,72,135,A
181,87,133,B
186,86,134,B
163,88,124,B
192,76,154,C
251,72,137,A
237,75,103,A
150,82,109,B
196,85,127,B
186,73,152,C
234,74,136,A
181,71,148,C
178,74,146,C
155,74,160,C
239,77,106,A
266,70,131,A
164,72,164,C
150,80,161,C
152,75,158,C
220,72,100,A
159,90,114,B
167,80,131,B
153,74,161,C
267,77,137,A
163,85,132,B
185,88,131,B
242,70,120,A
182,79,164,C
193,70,144,C
182,86,120,B
300,76,129,A
196,88,108,B
159,84,133,B
187,76,145,C
229,80,138,A
294,72,114,A
249,72,128,A
160,83,140,B
171,83,113,B
172,79,170,C
227,70,119,A
252,80,111,A
278,73,108,A
197,80,112,B
194,75,153,C
244,73,103,A
293,70,135,A
243,75,109,A
199,85,129,B
173,83,128,B
163,84,101,B
182,72,168,C
161,76,158,C
289,71,132,A
294,75,125,A
261,73,117,A
174,85,106,B
184,83,124,B
200,84,124,B
184,71,162,C
162,76,144,C
193,78,158,C
166,70,167,C
231,76,105,A
263,70,136,A
165,79,143,C
152,74,142,C
158,82,100,B
184,90,112,B
192,81,118,B
185,72,162,C
240,73,117,A
248,78,113,A
180,84,104,B
168,83,105,B
157,78,164,C
277,78,118,A
295,74,135,A
198,77,140,C
176,87,102,B
193,87,125,B
176,83,137,B
189,76,145,C
214,71,140,A
158,80,125,B
183,78,147,C
251,78,109,A
269,76,113,A
154,83,132,B
162,88,137,B
200,72,154,C
239,75,110,A
277,74,107,A
296,70,112,A
289,80,122,A
150,80,102,B
193,84,112,B
197,80,146,C
272,79,124,A
190,73,170,C
266,80,132,A
192,85,140,B
161,75,163,C
179,77,169,C
150,77,143,C
182,80,100,B
172,87,104,B
166,71,141,C
241,75,134,A
234,74,126,A
267,72,140,A
252,79,138,A
151,89,140,B
156,75,161,C
184,70,148,C
155,70,162,C
293,74,129,A
227,77,119,A
185,82,108,B
194,76,168,C
185,79,141,C
184,71,161,C
151,81,113,B
160,78,167,C
161,79,164,C
292,73,109,A
241,79,111,A
251,74,136,A
252,79,132,A
195,80,114,B
154,82,114,B
170,75,160,C
155,80,148,C
191,80,113,B
159,84,116,B
177,79,140,C
159,73,167,C
186,90,130,B
154,82,116,B
184,76,152,C
175,89,112,B
172,82,102,B
193,72,149,C
176,78,151,C
155,82,115,B
175,88,135,B
270,72,127,A
281,70,127,A
190,70,155,C
200,72,154,C
173,86,117,B
159,80,122,B
174,80,137,B
170,78,169,C
260,80,122,A
178,87,101,B
154,76,156,C
200,79,152,C
177,79,164,C
296,71,121,A
291,79,120,A
195,80,168,C
172,78,151,C
156,74,155,C
188,76,140,C
158,85,119,B
161,86,130,B
174,74,159,C
197,79,147,C
282,70,121,A
235,73,124,A
189,89,118,B
168,72,156,C
195,85,109,B
173,79,164,C
167,77,149,C
180,70,162,C
186,75,151,C
255,74,127,A
274,79,134,A
281,79,126,A
245,72,109,A
163,87,122,B
178,81,125,B
169,71,146,C
234,72,117,A
163,84,132,B
168,70,147,C
189,75,167,C
150,77,164,C
299,74,125,A
291,73,120,A
194,79,152,C
154,78,159,C
193,78,157,C
164,73,150,C
177,89,135,B
167,83,119,B
179,75,165,C
193,79,150,C
192,80,162,C
251,74,130,A
192,90,129,B
153,88,139,B
164,88,131,B
173,70,146,C
158,80,161,C
177,80,143,C
190,74,151,C
297,77,137,A
295,74,102,A
164,80,100,B
163,86,125,B
157,85,105,B
190,78,158,C
234,72,129,A
278,76,139,A
289,74,120,A
200,85,114,B
197,70,145,C
192,77,168,C
185,72,155,C
279,72,101,A
151,88,117,B
183,72,161,C
208,74,110,A
199,87,133,B
159,82,129,B
186,78,144,C
152,81,126,B
198,87,134,B
183,72,165,C
196,78,149,C
153,74,169,C
189,84,130,B
286,73,106,A
165,89,134,B
151,86,107,B
167,73,165,C
201,77,139,A
223,77,138,A
177,77,141,C
195,78,168,C
156,78,141,C
264,78,134,A
246,78,111,A
228,74,138,A
166,75,145,C
281,72,140,A
176,81,118,B
159,74,158,C
192,72,166,C
160,73,152,C
150,73,140,C
199,80,164,C
207,70,110,A
267,79,119,A
187,71,163,C
199,79,150,C
296,74,132,A
186,83,125,B
152,89,111,B
208,70,124,A
263,72,107,A
261,78,136,A
221,72,111,A
251,78,131,A
170,85,132,B
177,89,135,B
154,82,108,B
251,80,109,A
167,83,138,B
174,81,115,B
166,83,114,B
198,86,127,B
192,90,106,B
216,76,108,A
227,70,109,A
264,78,134,A
236,77,131,A
167,80,135,B
173,80,156,C
202,72,139,A
179,80,101,B
167,88,120,B
200,80,125,B
153,71,147,C
174,74,146,C
163,89,113,B
172,86,113,B
150,80,146,C
184,77,146,C
159,73,157,C
164,80,165,C
187,70,170,C
266,71,125,A
261,70,119,A
168,82,130,B
155,89,134,B
176,71,162,C
150,78,165,C
250,73,106,A
249,78,134,A
190,87,125,B
195,78,165,C
166,77,156,C
154,74,166,C
160,74,165,C
196,78,141,C
200,80,162,C
191,80,152,C
189,76,140,C
169,83,104,B
183,81,106,B
164,75,144,C
160,79,160,C
299,76,104,A
288,74,131,A
155,80,150,C
178,76,156,C
174,84,130,B
190,82,131,B
183,81,131,B
157,80,162,C
195,77,170,C
192,82,132,B
173,84,102,B
150,76,146,C
190,75,157,C
171,71,161,C
221,76,107,A
188,76,157,C
170,74,143,C
244,72,102,A
177,81,135,B
200,90,117,B
163,87,132,B
160,75,140,C
156,71,148,C
188,79,141,C
212,79,123,A
170,83,119,B
194,73,166,C
199,79,148,C
224,76,116,A
244,79,105,A
181,84,105,B
160,80,141,C
198,73,156,C
195,76,142,C
180,73,143,C
291,70,135,A
253,70,102,A
167,87,103,B
184,83,110,B
151,82,123,B
182,70,147,C
179,76,152,C
186,72,152,C
266,76,103,A
186,81,107,B
161,77,161,C
194,78,161,C
178,79,140,C
214,70,118,A
163,87,107,B
178,86,134,B
173,87,125,B
181,83,119,B
162,75,155,C
199,78,140,C
279,71,114,A
212,79,126,A
160,84,116,B
182,78,163,C
169,74,149,C
225,72,126,A
235,78,135,A
174,84,137,B
190,74,151,C
169,74,170,C
189,72,142,C
155,75,140,C
196,75,164,C
297,74,112,A
200,71,104,A
253,79,135,A
177,72,148,C
210,70,123,A
245,72,105,A
180,90,129,B
200,81,113,B
294,80,114,A
219,77,127,A
172,90,102,B
158,85,113,B
180,81,116,B
181,82,103,B
172,86,118,B
159,72,146,C
284,75,124,A
217,73,126,A
275,76,133,A
187,81,123,B
258,73,129,A
273,73,116,A
231,76,109,A
190,85,115,B
180,76,160,C
173,79,169,C
259,73,122,A
289,76,138,A
208,73,121,A
189,82,137,B
151,75,157,C
164,72,149,C
192,78,169,C
247,80,113,A
210,75,117,A
275,79,134,A
170,74,148,C
181,77,166,C
177,76,147,C
170,90,139,B
295,75,130,A
206,73,130,A
191,71,146,C
181,80,149,C
161,73,141,C
180,77,148,C
212,72,116,A
169,81,114,B
186,72,144,C
196,79,158,C
188,78,159,C
220,79,114,A
198,85,115,B
153,75,150,C
173,77,145,C
189,72,150,C
265,70,139,A
170,86,113,B
153,71,157,C
193,77,149,C
297,71,109,A
219,77,100,A
252,79,120,A
282,79,106,A
188,86,137,B
200,85,101,B
155,87,105,B
150,87,134,B
176,76,149,C
158,79,148,C
173,71,143,C
168,79,144,C
182,73,159,C
237,74,108,A
189,86,139,B
194,77,163,C
213,78,134,A
164,87,128,B
199,72,141,C
207,77,125,A
151,71,163,C
277,78,108,A
225,75,127,A
237,74,124,A
195,86,107,B
183,81,135,B
177,78,167,C
170,71,142,C
161,87,104,B
193,81,136,B
176,82,111,B
181,71,143,C
182,76,169,C
191,71,148,C
159,80,155,C
157,71,143,C
183,73,159,C
215,75,117,A
204,79,105,A
240,76,101,A
279,71,137,A
193,76,159,C
156,70,147,C
242,77,104,A
249,72,104,A
153,72,144,C
239,71,131,A
176,79,170,C
163,73,167,C
159,74,169,C
283,80,118,A
200,90,128,B
154,78,148,C
209,71,120,A
230,76,125,A
185,86,122,B
173,88,102,B
174,71,166,C
175,77,147,C
159,76,145,C
274,72,119,A
252,70,122,A
184,86,116,B
180,82,116,B
170,79,164,C
153,77,165,C
151,79,141,C
170,76,156,C
157,71,142,C
188,78,141,C
236,79,126,A
228,70,127,A
266,72,122,A
185,85,113,B
197,72,144,C
227,73,137,A
204,70,109,A
297,80,110,A
161,86,132,B
174,74,165,C
183,75,150,C
267,70,128,A
185,82,130,B
179,81,132,B
200,87,133,B
157,77,140,C
175,80,168,C
201,73,109,A
163,70,163,C
173,72,157,C
188,74,162,C
165,77,166,C
182,79,145,C
162,83,107,B
269,73,103,A
196,85,125,B
158,85,133,B
196,78,143,C
150,79,149,C
164,75,142,C
186,74,161,C
244,70,120,A
161,73,151,C
283,78,120,A
160,89,101,B
196,83,121,B
169,77,145,C
193,77,140,C
194,73,150,C
294,78,113,A
274,70,102,A
254,78,105,A
161,87,139,B
161,84,126,B
172,77,143,C
159,80,161,C
222,78,132,A
289,70,127,A
198,90,120,B
154,83,134,B
159,73,155,C
159,73,157,C
170,75,145,C
283,74,134,A
285,75,128,A
183,89,136,B
151,79,162,C
176,72,151,C
237,76,123,A
228,80,124,A
299,75,104,A
256,72,100,A
170,89,112,B
186,85,110,B
178,85,137,B
193,79,155,C
191,75,155,C
214,75,119,A
288,74,134,A
296,79,119,A
195,89,125,B
191,90,117,B
186,81,104,B
190,85,107,B
161,79,160,C
177,76,165,C
247,70,136,A
196,84,118,B
165,70,168,C
209,71,125,A
241,79,114,A
175,87,110,B
193,80,114,B
197,74,152,C
173,73,170,C
170,73,163,C
192,79,167,C
174,77,144,C
191,76,161,C
166,72,170,C
218,79,106,A
187,77,149,C
174,79,151,C
198,80,152,C
174,85,124,B
175,71,155,C
171,89,129,B
150,89,107,B
155,88,115,B
182,84,133,B
161,73,152,C
191,75,166,C
152,73,155,C
170,72,163,C
170,74,165,C
281,75,136,A
194,81,136,B
228,79,105,A
166,90,104,B
185,86,132,B
161,70,147,C
153,72,157,C
293,72,103,A
156,80,147,C
166,73,167,C
152,71,158,C
158,70,157,C
179,74,153,C
169,76,157,C
174,87,128,B
155,73,140,C
259,72,113,A
175,87,117,B
156,75,163,C
171,79,161,C
188,74,146,C
174,74,163,C
161,90,109,B
151,79,147,C
289,80,139,A
273,75,129,A
156,80,145,C
163,83,104,B
199,70,151,C
186,71,160,C
158,77,167,C
167,86,128,B
180,90,123,B
192,75,153,C
191,78,154,C
241,80,129,A
153,82,135,B
199,78,159,C
175,78,168,C
159,73,154,C
186,77,152,C
184,72,140,C
160,75,144,C
267,73,103,A
168,83,106,B
194,80,163,C
186,74,167,C
240,76,106,A
166,86,137,B
150,86,116,B
174,89,107,B
155,76,152,C
209,72,140,A
232,79,106,A
211,76,133,A
260,77,124,A
192,84,110,B
152,75,142,C
154,76,141,C
152,72,145,C
160,90,132,B
157,80,139,B
173,71,153,C
166,74,150,C
177,70,162,C
275,78,112,A
199,90,123,B
164,80,170,C
202,79,123,A
180,90,102,B
190,79,167,C
158,75,146,C
165,76,164,C
208,72,119,A
151,84,139,B
192,80,100,B
195,89,117,B
198,87,110,B
156,85,108,B
207,70,111,A
245,74,120,A
151,83,105,B
154,88,106,B
158,77,165,C
260,77,101,A
266,76,114,A
293,78,129,A
161,85,117,B
197,84,110,B
294,72,107,A
226,78,101,A
160,89,123,B
197,87,103,B
187,72,168,C
178,77,156,C
184,74,163,C
290,74,123,A
201,80,106,A
223,73,121,A
159,74,162,C
195,74,161,C
167,81,116,B
167,82,116,B
162,80,146,C
160,75,166,C
221,74,133,A
185,82,110,B
170,79,141,C
155,77,163,C
289,78,132,A
192,87,123,B
177,82,124,B
174,71,163,C
185,75,159,C
247,74,101,A
169,84,102,B
170,72,148,C
170,73,160,C
152,75,143,C
186,77,140,C
184,85,120,B
172,74,144,C
273,72,101,A
197,84,104,B
155,87,111,B
184,71,159,C
163,73,165,C
192,72,140,C
248,74,104,A
194,87,128,B
154,83,132,B
183,73,158,C
199,73,168,C
280,74,137,A
161,79,168,C
182,87,138,B
182,84,137,B
187,73,157,C
185,73,158,C
187,70,152,C
158,75,144,C
171,74,146,C
204,76,132,A
252,73,127,A
173,83,139,B
174,80,128,B
151,84,118,B
193,83,113,B
163,71,163,C
252,71,111,A
215,71,100,A
194,80,103,B
182,82,114,B
159,84,102,B
181,70,143,C
170,73,151,C
161,79,157,C
178,70,157,C
214,80,129,A
178,87,132,B
175,90,117,B
163,80,106,B
192,71,169,C
208,79,133,A
250,73,115,A
161,87,126,B
151,88,113,B
165,83,125,B
190,77,158,C
228,71,104,A
213,75,125,A
225,72,134,A
156,89,120,B
197,90,133,B
189,87,119,B
191,80,142,C
177,77,146,C
193,89,109,B
192,89,102,B
196,82,127,B
232,73,134,A
195,80,104,B
167,88,118,B
158,82,117,B
184,70,163,C
178,76,153,C
166,72,165,C
186,72,168,C
261,80,106,A
180,89,138,B
189,86,104,B
157,78,142,C
235,72,103,A
281,74,108,A
219,77,116,A
234,77,125,A
203,75,114,A
166,82,120,B
190,82,100,B
178,86,118,B
198,75,162,C
161,80,147,C
177,78,141,C
249,79,132,A
265,77,137,A
229,72,101,A
263,71,121,A
183,70,162,C
164,85,120,B
179,80,145,C
199,78,149,C
153,71,151,C
163,81,122,B
177,86,121,B
162,71,158,C
167,79,164,C
151,73,162,C
287,79,124,A
260,76,122,A
233,77,139,A
172,72,159,C
190,72,163,C
180,80,124,B
158,70,151,C
151,77,154,C
187,75,143,C
198,88,130,B
174,72,152,C
195,73,147,C
199,70,162,C
198,76,167,C
258,70,117,A
173,80,140,B
183,90,131,B
184,83,106,B
164,81,125,B
189,83,117,B
187,85,123,B
251,71,121,A
260,74,119,A
235,73,124,A
180,85,105,B
152,80,105,B
165,89,120,B
159,75,157,C
177,85,103,B
157,86,121,B
170,74,163,C
175,78,163,C
174,80,166,C
150,78,159,C
176,76,163,C
300,73,124,A
172,82,106,B
181,84,111,B
154,77,161,C
216,71,108,A
196,72,154,C
190,77,149,C
177,76,147,C
270,77,122,A
160,88,137,B
285,70,117,A
194,88,130,B
152,72,161,C
166,71,147,C
205,80,117,A
172,90,113,B
171,90,136,B
165,72,150,C
178,72,144,C
191,72,146,C
255,77,106,A
232,74,114,A
212,78,126,A
173,70,167,C
163,77,146,C
198,86,124,B
175,90,124,B
178,86,117,B
195,78,151,C
186,74,145,C
199,80,169,C
157,70,158,C
153,77,169,C
247,78,116,A
239,70,115,A
243,75,132,A
161,71,168,C
177,72,169,C
193,73,145,C
167,71,150,C
181,71,160,C
262,77,118,A
162,79,149,C
171,70,144,C
165,74,168,C
194,79,166,C
157,77,165,C
180,88,121,B
169,71,167,C
186,74,147,C
179,77,159,C
151,74,149,C
150,78,157,C
163,77,149,C
200,70,145,C
193,89,121,B
178,73,164,C
201,77,122,A
265,74,112,A
262,79,137,A
163,78,145,C
177,74,146,C
160,76,143,C
229,77,140,A
162,79,153,C
193,71,147,C
166,79,150,C
235,70,114,A
178,89,102,B
152,80,160,C
228,73,130,A
198,82,116,B
197,81,118,B
156,83,102,B
196,82,129,B
165,85,100,B
199,79,146,C
152,90,122,B
182,76,148,C
154,77,163,C
166,70,146,C
158,76,161,C
174,87,132,B
173,88,115,B
194,77,149,C
180,79,157,C
227,74,121,A
174,90,140,B
177,89,109,B
159,81,115,B
185,74,155,C
159,75,154,C
293,73,127,A
298,75,111,A
292,77,117,A
274,76,134,A
255,71,106,A
272,80,100,A
177,89,133,B
168,84,101,B
173,80,146,C
196,79,155,C
250,72,139,A
300,74,101,A
157,81,136,B
182,83,107,B
183,70,168,C
243,72,116,A
255,80,128,A
286,80,127,A
291,74,137,A
154,86,107,B
183,75,145,C
176,72,164,C
204,77,122,A
209,76,100,A
273,79,109,A
297,72,132,A
177,90,130,B
194,83,105,B
196,78,153,C
184,74,147,C
151,78,159,C
153,76,145,C
164,75,170,C
237,73,105,A
194,86,114,B
179,73,157,C
300,71,101,A
207,70,124,A
228,74,117,A
222,78,129,A
226,77,113,A
172,87,132,B
241,72,118,A
213,76,137,A
218,78,105,A
157,84,137,B
177,81,100,B
164,81,116,B
155,86,127,B
183,78,152,C
152,77,156,C
278,75,111,A
202,79,128,A
207,70,125,A
167,71,146,C
188,77,144,C
163,81,117,B
155,71,169,C
171,73,146,C
265,72,130,A
162,88,115,B
198,86,103,B
175,89,116,B
179,87,122,B
181,87,125,B
155,90,105,B
150,71,169,C
183,75,157,C
168,79,162,C
183,73,159,C
275,79,139,A
279,75,115,A
150,84,105,B
150,72,170,C
176,70,152,C
239,70,117,A
183,79,163,C
288,77,101,A
176,83,138,B
166,84,121,B
172,89,109,B
188,70,166,C
190,75,149,C
280,79,104,A
213,75,102,A
209,79,108,A
155,89,108,B
177,87,104,B
151,79,154,C
174,79,155,C
168,75,150,C
297,79,130,A
157,79,165,C
158,89,131,B
198,75,158,C
159,78,161,C
183,74,149,C
228,71,105,A
192,86,128,B
180,80,102,B
167,75,147,C
165,72,155,C
205,72,130,A
159,88,132,B
170,75,145,C
150,77,160,C
226,74,113,A
234,73,120,A
160,79,152,C
300,77,121,A
160,84,117,B
164,80,129,B
163,72,163,C
242,77,106,A
189,83,107,B
222,70,106,A
167,85,134,B
175,84,138,B
170,71,156,C
172,79,156,C
156,79,153,C
211,73,101,A
285,80,133,A
165,70,154,C
239,79,127,A
217,70,140,A
200,90,108,B
197,86,103,B
150,88,101,B
162,82,133,B
186,78,150,C
181,70,147,C
245,70,140,A
294,72,115,A
152,72,162,C
207,71,101,A
247,79,139,A
162,82,105,B
175,82,122,B
182,74,144,C
171,76,160,C
191,75,142,C
219,70,103,A
245,78,106,A
177,82,113,B
171,72,151,C
288,72,100,A
230,72,108,A
169,90,106,B
192,83,113,B
196,83,133,B
269,71,119,A
283,70,137,A
269,76,107,A
177,86,132,B
159,84,126,B
157,78,163,C
157,71,162,C
160,70,170,C
151,72,146,C
176,70,163,C
164,71,158,C
255,76,131,A
176,90,131,B
152,87,107,B
168,74,161,C
239,71,137,A
200,82,133,B
155,86,109,B
196,77,141,C
192,78,151,C
159,73,155,C
163,77,140,C
203,76,101,A
230,78,135,A
278,75,117,A
276,77,100,A
203,70,105,A
165,84,110,B
196,79,157,C
181,74,165,C
188,74,148,C
286,70,114,A
233,78,113,A
161,85,129,B
192,84,128,B
169,83,134,B
176,89,125,B
158,81,122,B
177,79,162,C
177,75,166,C
234,75,132,A
164,83,123,B
198,81,138,B
177,76,146,C
155,80,140,C
158,86,133,B
189,79,153,C
195,75,164,C
150,73,146,C
248,72,128,A
281,73,132,A
293,76,135,A
295,71,139,A
207,79,134,A
154,72,160,C
216,73,101,A
235,80,126,A
268,79,100,A
187,86,112,B
191,87,128,B
191,70,162,C
170,72,156,C
181,79,161,C
170,83,107,B
171,86,140,B
175,85,138,B
194,78,145,C
163,79,167,C
180,72,146,C
172,78,148,C
164,81,138,B
239,75,100,A
246,71,103,A
243,76,137,A
151,80,130,B
200,70,142,C
176,78,151,C
171,81,118,B
166,82,113,B
174,82,125,B
160,78,168,C
153,90,112,B
181,70,164,C
281,75,110,A
227,80,139,A
179,84,130,B
157,83,110,B
155,73,160,C
182,82,109,B
184,70,149,C
185,90,126,B
193,84,111,B
195,72,168,C
179,70,160,C
195,89,120,B
156,87,134,B
170,72,149,C
190,79,163,C
150,72,151,C
200,79,166,C
265,77,118,A
188,85,140,B
158,87,127,B
187,77,165,C
153,75,153,C
208,74,125,A
244,70,135,A
153,81,131,B
154,76,166,C
164,80,157,C
200,71,114,A
290,72,106,A
226,72,112,A
162,85,140,B
199,84,117,B
197,82,104,B
174,79,150,C
169,73,169,C
188,73,159,C
281,70,132,A
225,73,136,A
158,88,140,B
190,83,107,B
167,82,131,B
152,72,147,C
151,77,166,C
163,75,161,C
234,70,101,A
297,77,107,A
234,76,108,A
190,77,157,C
173,75,170,C
289,72,106,A
204,74,112,A
210,72,118,A
264,78,140,A
171,81,123,B
166,76,148,C
180,74,142,C
157,72,165,C
151,80,147,C
166,75,163,C
249,75,119,A
198,80,121,B
192,88,126,B
196,89,131,B
165,80,127,B
190,80,113,B
176,75,157,C
166,71,157,C
187,75,153,C
198,79,158,C
211,74,139,A
152,73,153,C
170,80,169,C
167,75,163,C
237,75,121,A
150,71,168,C
297,73,136,A
240,78,126,A
233,77,126,A
213,72,112,A
200,78,103,A
240,73,133,A
188,86,102,B
178,80,140,C
198,71,140,C
241,77,134,A
150,89,126,B
167,80,167,C
160,70,148,C
175,82,129,B
150,83,104,B
175,79,144,C
193,71,166,C
267,78,135,A
157,84,138,B
181,85,103,B
172,72,140,C
180,75,150,C
153,79,153,C
182,74,165,C
192,81,116,B
190,85,102,B
166,79,155,C
185,77,152,C
189,80,112,B
287,72,124,A
182,74,169,C
172,78,168,C
282,71,139,A
283,75,116,A
248,79,121,A
219,70,109,A
187,87,121,B
162,85,111,B
165,87,103,B
183,90,140,B
161,78,168,C
191,73,149,C
168,75,144,C
167,73,154,C
155,74,145,C
200,73,122,A
169,90,110,B
189,88,133,B
186,90,121,B
150,89,102,B
171,80,164,C
174,70,146,C
159,79,155,C
187,84,108,B
170,79,164,C
191,70,143,C
257,70,124,A
153,85,136,B
175,90,120,B
178,84,131,B
161,74,156,C
172,72,160,C
233,71,136,A
250,75,140,A
170,83,124,B
192,85,121,B
188,81,126,B
158,85,130,B
194,73,154,C
174,80,164,C
228,72,112,A
251,71,115,A
212,79,124,A
172,84,120,B
184,86,100,B
199,73,161,C
196,80,156,C
184,79,170,C
183,78,168,C
229,71,114,A
267,80,103,A
180,86,115,B
208,71,131,A
198,90,126,B
160,87,101,B
192,84,129,B
185,86,128,B
163,71,154,C
178,72,160,C
162,76,170,C
212,78,136,A
275,70,130,A
265,74,130,A
161,82,113,B
156,71,142,C
204,79,134,A
289,78,109,A
169,83,118,B
167,78,144,C
156,77,165,C
161,79,156,C
294,79,120,A
223,75,101,A
192,80,154,C
195,71,147,C
218,72,125,A
300,80,124,A
218,73,118,A
164,84,118,B
168,73,162,C
165,77,141,C
161,78,153,C
152,73,168,C
163,79,156,C
160,74,169,C
273,70,127,A
249,74,103,A
171,89,116,B
192,86,135,B
177,86,129,B
187,77,151,C
173,80,154,C
297,73,140,A
214,80,110,A
224,72,135,A
153,73,165,C
214,79,122,A
194,82,129,B
187,74,147,C
257,80,113,A
282,79,104,A
281,79,124,A
173,82,119,B
183,78,152,C
192,70,164,C
200,83,100,B
200,75,164,C
194,76,151,C
158,77,167,C
179,74,157,C
270,77,111,A
173,83,113,B
177,89,109,B
164,70,143,C
155,78,168,C
178,72,140,C
201,73,120,A
150,90,140,B
150,82,140,B
177,84,128,B
203,77,109,A
193,90,103,B
186,74,152,C
166,77,150,C
187,75,155,C
157,79,142,C
167,85,138,B
183,80,115,B
196,81,124,B
166,85,106,B
189,76,160,C
167,80,165,C
159,77,161,C
199,73,147,C
259,73,120,A
252,73,131,A
186,89,128,B
197,80,126,B
194,76,142,C
183,79,150,C
196,71,156,C
223,76,138,A
225,78,110,A
179,87,100,B
192,78,144,C
234,71,133,A
168,80,114,B
183,76,164,C
263,77,135,A
240,77,127,A
171,81,131,B
182,81,118,B
192,84,109,B
169,79,149,C
248,77,106,A
285,70,116,A
215,79,114,A
173,87,116,B
189,85,136,B
187,86,104,B
166,79,162,C
166,76,144,C
170,87,109,B
156,84,118,B
156,74,169,C
168,80,163,C
168,72,148,C
197,80,165,C
175,88,105,B
194,85,106,B
192,80,143,C
284,72,110,A
161,84,126,B
164,71,142,C
279,80,133,A
242,72,138,A
174,80,169,C
176,75,163,C
193,73,140,C
162,90,136,B
187,87,137,B
191,83,124,B
245,70,137,A
161,90,121,B
172,75,158,C
163,78,148,C
152,80,161,C
151,71,163,C
161,74,143,C
272,74,111,A
198,90,110,B
152,79,170,C
194,78,167,C
167,74,150,C
245,73,123,A
235,70,102,A
260,74,123,A
152,85,107,B
152,82,131,B
238,72,140,A
286,77,136,A
154,78,153,C
190,74,150,C
172,80,152,C
193,72,149,C
157,75,169,C
199,87,134,B
155,90,103,B
184,72,166,C
158,74,161,C
226,72,139,A
263,79,122,A
299,76,127,A
161,80,107,B
159,85,115,B
170,74,146,C
165,84,118,B
182,87,110,B
162,76,147,C
166,74,148,C
176,84,139,B
187,76,154,C
156,72,168,C
196,80,162,C
180,70,143,C
228,73,116,A
281,79,138,A
270,76,108,A
177,90,139,B
179,81,104,B
193,89,116,B
165,73,141,C
283,79,129,A
242,74,105,A
191,80,101,B
167,78,142,C
187,79,145,C
293,74,106,A
159,81,138,B
178,90,121,B
180,78,169,C
173,74,146,C
189,71,155,C
157,79,144,C
282,73,112,A
154,82,130,B
181,71,141,C
182,77,151,C
255,76,133,A
222,73,113,A
203,70,104,A
158,82,119,B
177,84,131,B
162,76,166,C
193,71,164,C
164,80,170,C
186,81,140,B
158,73,151,C
185,71,161,C
231,79,112,A
158,84,135,B
151,84,134,B
166,84,105,B
172,79,158,C
184,79,154,C
295,80,138,A
252,71,123,A
191,87,130,B
196,86,136,B
240,76,127,A
257,78,106,A
167,82,126,B
199,83,121,B
152,84,119,B
155,73,152,C
174,77,151,C
246,75,102,A
151,74,158,C
231,73,101,A
156,71,151,C
200,71,142,C
226,70,140,A
203,80,132,A
270,76,138,A
156,87,135,B
170,75,151,C
273,75,108,A
263,72,125,A
195,86,106,B
190,88,126,B
150,90,140,B
175,90,133,B
177,71,155,C
177,78,151,C
219,75,132,A
175,90,100,B
228,76,138,A
194,90,112,B
194,77,161,C
166,80,151,C
177,76,153,C
278,74,125,A
195,87,136,B
172,74,154,C
197,70,170,C
229,78,103,A
165,86,105,B
280,77,139,A
179,80,140,B
179,72,170,C
150,75,163,C
157,76,149,C
160,73,157,C
177,76,166,C
200,76,145,C
197,79,166,C
211,80,126,A
186,89,107,B
198,79,147,C
299,71,117,A
204,76,119,A
150,74,159,C
184,80,151,C
185,77,145,C
221,72,137,A
200,72,107,A
197,78,154,C
274,76,131,A
173,88,134,B
154,83,103,B
153,82,124,B
199,73,150,C
170,75,141,C
300,79,121,A
200,86,104,B
172,80,109,B
205,80,120,A
285,79,106,A
154,82,131,B
162,90,132,B
153,86,106,B
199,80,159,C
182,80,169,C
167,80,158,C
262,75,101,A
168,79,160,C
156,76,151,C
224,74,137,A
295,72,113,A
180,84,103,B
193,72,168,C
152,74,159,C
156,75,147,C
200,79,162,C
173,78,152,C
239,75,126,A
171,90,103,B
200,74,145,C
178,74,140,C
151,75,153,C
196,76,154,C
217,72,131,A
189,81,104,B
162,76,150,C
177,75,163,C
174,86,114,B
175,75,140,C
166,70,155,C
226,75,125,A
235,74,125,A
170,81,101,B
167,74,150,C
246,79,100,A
238,77,117,A
189,84,127,B
162,80,110,B
179,72,159,C
187,77,168,C
155,82,140,B
152,90,115,B
187,81,130,B
194,78,158,C
170,74,143,C
161,80,160,C
169,79,155,C
172,78,147,C
289,80,137,A
223,71,118,A
275,79,127,A
163,86,131,B
169,74,154,C
171,80,148,C
164,74,153,C
170,80,161,C
163,70,142,C
163,80,127,B
150,72,167,C
173,72,155,C
289,77,122,A
300,70,117,A
177,90,103,B
159,70,154,C
200,79,121,A
242,71,102,A
188,80,118,B
158,89,108,B
183,83,109,B
179,77,147,C
248,74,114,A
286,72,115,A
285,72,127,A
162,89,140,B
162,85,132,B
183,86,133,B
152,76,166,C
186,79,144,C
173,78,164,C
262,75,126,A
245,70,139,A
238,75,100,A
246,76,103,A
151,81,132,B
196,72,157,C
180,71,167,C
207,70,137,A
220,70,114,A
151,75,142,C
184,73,140,C
294,73,126,A
245,80,135,A
190,81,129,B
176,80,169,C
152,78,160,C
198,73,154,C
262,79,132,A
184,88,123,B
163,71,151,C
181,71,142,C
260,79,103,A
241,70,119,A
160,90,126,B
184,89,134,B
153,74,170,C
186,85,111,B
223,75,130,A
194,81,113,B
152,82,136,B
189,83,117,B
176,70,168,C
177,75,149,C
276,80,132,A
202,79,132,A
172,84,110,B
155,76,151,C
169,72,165,C
198,77,152,C
287,76,134,A
152,85,135,B
173,90,126,B
169,72,156,C
182,75,151,C
268,70,133,A
181,80,149,C
150,74,158,C
207,75,100,A
158,80,117,B
157,82,112,B
161,84,140,B
183,83,121,B
151,78,151,C
177,74,156,C
247,74,126,A
215,73,105,A
264,76,127,A
156,83,117,B
200,90,121,B
167,81,127,B
194,80,163,C
198,78,152,C
199,75,151,C
285,78,133,A
287,71,111,A
178,85,131,B
159,78,155,C
157,73,142,C
199,78,140,C
172,70,152,C
183,77,163,C
170,81,132,B
162,86,139,B
196,89,133,B
184,90,128,B
165,77,143,C
152,79,155,C
196,73,149,C
190,78,144,C
213,77,104,A
174,80,116,B
190,89,118,B
182,78,155,C
225,74,111,A
259,79,102,A
178,82,100,B
195,80,129,B
152,90,117,B
186,72,141,C
300,71,138,A
169,81,124,B
158,84,101,B
152,78,156,C
271,72,136,A
282,71,117,A
197,73,160,C
187,87,117,B
167,71,150,C
160,75,157,C
200,71,155,C
187,76,159,C
179,76,162,C
188,76,162,C
181,80,156,C
237,70,102,A
200,86,120,B
180,73,150,C
156,70,142,C
193,77,167,C
198,71,167,C
194,72,156,C
253,74,117,A
212,75,125,A
188,90,127,B
195,89,117,B
198,71,163,C
184,77,167,C
271,80,135,A
182,85,123,B
165,81,128,B
198,80,135,B
167,76,166,C
162,90,109,B
164,84,136,B
163,89,127,B
194,75,161,C
187,77,145,C
167,87,110,B
173,90,132,B
190,74,156,C
191,76,152,C
199,75,166,C
181,79,140,C
223,75,113,A
234,73,134,A
205,78,126,A
152,87,111,B
197,88,130,B
166,80,168,C
165,72,160,C
152,71,148,C
157,84,102,B
150,84,129,B
189,88,125,B
179,74,154,C
200,79,161,C
268,78,130,A
181,85,113,B
199,78,162,C
237,71,101,A
276,71,120,A
266,75,137,A
180,81,105,B
163,72,141,C
165,73,149,C
196,70,157,C
295,76,122,A
291,77,113,A
202,72,101,A
158,90,115,B
167,79,160,C
166,71,162,C
188,76,160,C
161,80,148,C
194,79,154,C
229,78,123,A
158,90,132,B
159,79,161,C
293,75,125,A
198,88,137,B
190,77,162,C
193,70,147,C
191,80,145,C
185,81,121,B
200,73,144,C
193,71,143,C
154,70,149,C
221,70,107,A
240,71,110,A
261,77,106,A
187,84,106,B
188,81,106,B
173,80,133,B
197,82,134,B
191,74,147,C
177,74,140,C
183,79,167,C
211,71,101,A
269,72,113,A
154,90,102,B
156,85,131,B
171,74,164,C
161,70,142,C
192,71,149,C
153,80,143,C
192,79,158,C
183,73,140,C
274,80,103,A
281,73,140,A
203,70,100,A
185,89,129,B
162,83,110,B
166,73,157,C
230,79,132,A
246,76,129,A
286,76,109,A
175,82,127,B
176,77,153,C
179,71,170,C
285,77,139,A
269,76,118,A
286,79,131,A
186,80,101,B
197,89,120,B
270,76,114,A
163,80,159,C
202,75,137,A
153,76,152,C
154,77,160,C
190,74,164,C
157,71,157,C
230,78,130,A
251,80,133,A
154,80,139,B
173,80,156,C
171,72,162,C
227,72,118,A
173,80,169,C
166,77,156,C
206,72,135,A
154,84,114,B
189,83,109,B
191,79,162,C
190,77,148,C
229,76,140,A
298,80,136,A
165,82,138,B
196,87,103,B
177,71,161,C
155,75,152,C
225,71,113,A
229,79,101,A
182,83,130,B
180,81,112,B
167,71,151,C
156,73,155,C
196,74,155,C
243,70,109,A
231,79,102,A
183,90,102,B
193,85,104,B
181,87,115,B
156,75,158,C
177,77,151,C
237,78,136,A
279,73,140,A
277,73,121,A
186,85,107,B
157,88,131,B
199,75,160,C
160,71,141,C
173,72,155,C
219,75,116,A
233,71,115,A
153,87,135,B
184,87,101,B
164,88,121,B
169,75,153,C
174,78,152,C
260,71,105,A
173,86,101,B
166,85,112,B
175,85,136,B
169,74,152,C
161,78,146,C
187,70,163,C
183,76,161,C
196,80,149,C
166,73,164,C
210,75,125,A
193,88,108,B
187,80,127,B
157,79,157,C
196,80,164,C
150,73,140,C
238,79,112,A
190,72,152,C
190,74,152,C
260,75,117,A
272,73,100,A
181,90,123,B
170,83,115,B
248,79,127,A
152,82,136,B
192,85,123,B
173,84,129,B
156,85,113,B
199,78,142,C
194,76,157,C
261,79,102,A
282,70,139,A
258,77,113,A
161,87,101,B
180,79,157,C
160,89,125,B
189,84,120,B
185,83,131,B
168,84,108,B
188,73,156,C
192,77,160,C
176,89,131,B
152,73,146,C
215,72,127,A
228,76,140,A
192,83,128,B
185,75,151,C
282,74,105,A
188,87,139,B
186,82,119,B
167,74,152,C
196,79,162,C
159,72,153,C
165,77,152,C
244,80,130,A
161,77,155,C
150,71,156,C
178,90,100,B
191,85,126,B
164,82,102,B
192,70,145,C
263,74,112,A
234,70,138,A
272,71,129,A
223,78,114,A
163,86,131,B
184,82,129,B
161,84,123,B
179,88,137,B
156,74,146,C
295,75,122,A
180,86,112,B
169,87,118,B
190,80,145,C
290,76,104,A
192,86,123,B
154,80,101,B
151,79,155,C
198,74,155,C
289,72,130,A
198,89,131,B
193,89,127,B
188,77,144,C
170,70,147,C
164,76,150,C
157,74,141,C
155,74,162,C
198,84,104,B
169,87,131,B
155,86,128,B
181,72,157,C
179,80,142,C
255,70,130,A
167,81,134,B
159,71,141,C
169,79,145,C
285,70,112,A
160,89,100,B
180,71,163,C
200,79,143,C
165,76,162,C
171,76,160,C
169,79,166,C
197,90,118,B
158,80,124,B
179,73,161,C
153,72,165,C
165,73,147,C
270,72,109,A
268,70,137,A
285,76,128,A
151,81,130,B
192,83,123,B
160,71,149,C
181,79,140,C
228,76,105,A
229,78,132,A
182,80,136,B
197,86,100,B
199,78,154,C
162,73,169,C
254,77,137,A
153,88,106,B
182,84,106,B
194,79,154,C
187,75,167,C
159,80,170,C
248,79,118,A
292,79,118,A
286,73,120,A
290,75,135,A
193,80,114,B
154,76,155,C
251,70,101,A
211,73,102,A
238,73,101,A
160,86,115,B
166,88,124,B
173,73,153,C
180,72,149,C
171,79,148,C
186,70,161,C
250,73,116,A
295,73,138,A
185,87,102,B
167,88,130,B
164,83,128,B
165,82,110,B
158,88,116,B
161,85,131,B
194,86,123,B
175,79,169,C
185,70,155,C
167,77,147,C
177,70,161,C
228,75,116,A
237,71,118,A
204,80,108,A
192,83,127,B
175,90,119,B
275,70,122,A
257,73,121,A
258,70,116,A
287,76,136,A
180,90,115,B
179,82,135,B
188,77,146,C
240,77,135,A
262,78,101,A
188,89,123,B
175,74,160,C
185,85,113,B
192,85,136,B
150,74,142,C
176,75,150,C
210,73,121,A
290,72,103,A
255,73,116,A
189,90,136,B
199,87,112,B
192,73,164,C
169,76,167,C
197,73,157,C
287,77,109,A
262,76,113,A
150,79,170,C
150,73,161,C
260,74,115,A
185,86,114,B
162,82,114,B
161,71,146,C
183,74,159,C
156,79,168,C
292,78,129,A
191,89,104,B
187,80,132,B
187,81,110,B
161,70,145,C
175,80,142,C
172,77,160,C
247,73,129,A
202,73,124,A
154,70,168,C
282,80,116,A
206,79,140,A
182,81,112,B
171,89,125,B
176,72,164,C
173,79,149,C
286,75,139,A
253,78,139,A
268,77,125,A
173,78,164,C
236,72,123,A
260,70,134,A
201,79,111,A
181,84,135,B
150,88,133,B
153,80,122,B
162,79,170,C
212,71,108,A
176,82,108,B
155,75,152,C
186,76,151,C
165,85,140,B
166,84,121,B
171,70,151,C
234,72,119,A
214,70,112,A
193,70,168,C
162,87,134,B
156,90,128,B
160,88,113,B
262,70,104,A
230,75,101,A
156,85,116,B
174,81,106,B
168,74,140,C
169,75,154,C
241,74,117,A
198,80,115,B
151,84,127,B
162,73,154,C
190,75,170,C
189,73,152,C
299,71,111,A
278,78,130,A
177,87,104,B
199,82,123,B
180,72,146,C
154,80,151,C
150,75,155,C
152,77,147,C
216,73,110,A
201,71,126,A
248,75,107,A
261,79,109,A
223,72,134,A
193,88,104,B
188,71,167,C
169,73,164,C
158,80,147,C
185,73,167,C
176,74,151,C
186,71,167,C
162,75,165,C
185,71,147,C
275,80,101,A
296,70,129,A
188,80,122,B
183,75,146,C
165,75,162,C
226,74,116,A
283,71,129,A
160,85,134,B
154,86,121,B
157,70,167,C
152,72,156,C
168,76,151,C
215,74,121,A
187,90,104,B
186,80,109,B
288,70,116,A
296,75,137,A
260,79,102,A
175,89,103,B
186,71,170,C
236,74,123,A
264,78,115,A
200,75,149,C
247,80,111,A
176,88,134,B
236,75,133,A
223,73,139,A
171,89,140,B
161,78,158,C
236,71,130,A
184,84,118,B
153,70,141,C
245,78,100,A
186,72,158,C
271,74,102,A
161,85,120,B
188,70,147,C
200,75,164,C
198,74,156,C
188,73,161,C
153,73,160,C
208,72,131,A
165,89,107,B
153,85,116,B
200,80,145,C
184,77,146,C
195,78,156,C
214,78,133,A
196,86,104,B
188,84,106,B
192,81,112,B
159,77,149,C
200,75,143,C
206,71,118,A
208,74,112,A
273,76,102,A
151,72,164,C
297,78,137,A
221,72,137,A
197,83,120,B
160,90,136,B
150,76,158,C
199,70,167,C
188,75,145,C
186,71,144,C
165,75,158,C
220,80,128,A
183,87,113,B
186,81,120,B
187,87,111,B
176,85,116,B
192,76,159,C
166,79,154,C
155,74,170,C
288,70,105,A
195,84,122,B
175,87,138,B
159,90,116,B
202,78,120,A
202,75,135,A
296,75,106,A
234,78,107,A
160,86,127,B
200,84,110,B
150,77,141,C
188,71,143,C
151,90,129,B
278,74,130,A
293,79,112,A
283,73,125,A
187,82,116,B
197,87,132,B
168,72,168,C
160,75,161,C
164,70,168,C
291,80,131,A
168,90,118,B
169,87,125,B
156,84,111,B
226,74,131,A
154,88,122,B
175,75,140,C
197,76,158,C
248,73,112,A
164,83,130,B
181,80,136,B
189,76,147,C
184,90,140,B
196,76,146,C
230,73,105,A
252,74,134,A
186,83,117,B
171,90,130,B
178,70,160,C
200,76,150,C
167,77,164,C
152,74,155,C
161,71,168,C
151,82,133,B
151,72,151,C
183,73,162,C
256,77,114,A
292,73,114,A
241,79,112,A
191,80,137,B
166,82,118,B
196,82,118,B
160,83,119,B
160,72,147,C
153,75,160,C
154,88,105,B
159,83,105,B
197,71,162,C
267,76,104,A
292,80,129,A
191,78,165,C
156,75,164,C
156,78,141,C
199,72,157,C
218,79,111,A
253,80,129,A
234,72,140,A
229,80,123,A
192,80,157,C
167,89,107,B
180,78,157,C
156,70,166,C
239,78,101,A
198,80,151,C
165,75,167,C
275,79,131,A
177,85,124,B
170,86,135,B
191,85,126,B
153,75,150,C
174,70,150,C
185,76,167,C
240,77,139,A
184,84,110,B
173,77,161,C
194,79,155,C
194,73,157,C
167,73,152,C
185,76,140,C
219,77,107,A
278,79,137,A
152,84,127,B
169,86,120,B
154,80,116,B
191,89,126,B
197,77,161,C
159,73,169,C
228,75,133,A
166,82,120,B
199,74,142,C
170,79,150,C
185,73,162,C
197,72,159,C
256,79,102,A
288,70,105,A
240,72,116,A
153,75,149,C
164,79,159,C
195,80,161,C
197,75,159,C
290,76,116,A
259,71,127,A
171,88,128,B
188,80,155,C
151,89,102,B
189,87,107,B
197,88,139,B
156,74,169,C
179,79,162,C
173,74,153,C
289,70,102,A
211,72,123,A
168,85,119,B
187,78,161,C
193,71,144,C
196,71,147,C
183,80,123,B
294,78,113,A
282,79,101,A
190,81,133,B
228,78,110,A
160,74,144,C
187,80,165,C
188,75,170,C
181,88,106,B
165,80,153,C
154,74,161,C
297,70,124,A
168,83,102,B
171,85,126,B
176,84,126,B
158,80,160,C
162,72,140,C
194,73,149,C
162,76,166,C
189,88,138,B
182,75,158,C
172,73,167,C
189,79,151,C
207,73,125,A
253,78,135,A
271,78,137,A
173,89,112,B
192,83,103,B
151,80,151,C
192,80,147,C
199,90,126,B
151,76,154,C
236,71,135,A
294,79,115,A
177,84,102,B
198,77,154,C
163,73,161,C
218,77,130,A
263,73,110,A
185,85,113,B
181,70,143,C
227,73,127,A
237,74,108,A
282,71,130,A
170,87,134,B
185,89,121,B
174,76,160,C
212,74,121,A
281,75,106,A
230,76,121,A
197,87,131,B
165,87,104,B
178,89,109,B
183,84,133,B
154,86,109,B
160,89,132,B
187,80,109,B
185,70,152,C
163,71,155,C
282,79,137,A
204,72,109,A
171,85,103,B
172,77,170,C
186,72,143,C
166,80,158,C
230,76,126,A
151,82,108,B
190,83,121,B
193,74,152,C
170,75,142,C
239,72,132,A
258,77,108,A
163,84,128,B
176,87,128,B
151,84,112,B
182,74,140,C
191,78,158,C
255,73,100,A
190,88,118,B
172,70,167,C
294,74,134,A
280,73,124,A
226,77,133,A
267,78,129,A
183,80,114,B
167,87,140,B
153,73,147,C
163,70,169,C
177,77,167,C
281,77,111,A
265,72,137,A
160,82,123,B
192,87,129,B
214,75,114,A
162,84,139,B
163,74,142,C
159,73,149,C
168,72,169,C
168,70,160,C
152,85,138,B
169,89,129,B
163,79,142,C
164,86,136,B
191,76,166,C
163,70,162,C
246,75,131,A
182,90,137,B
192,88,140,B
194,90,133,B
155,71,167,C
200,80,159,C
185,79,170,C
245,77,112,A
187,89,107,B
167,83,130,B
162,86,115,B
169,74,140,C
162,74,150,C
213,75,116,A
197,84,126,B
176,84,129,B
188,87,119,B
159,82,134,B
228,76,135,A
184,78,147,C
184,74,167,C
155,72,145,C
176,75,156,C
198,72,147,C
189,78,148,C
232,71,121,A
231,79,118,A
238,72,129,A
183,72,152,C
244,77,117,A
182,81,100,B
153,73,155,C
156,72,148,C
155,79,154,C
172,74,168,C
192,84,140,B
182,77,167,C
168,72,164,C
186,78,145,C
182,80,162,C
296,71,113,A
293,75,126,A
280,71,132,A
198,87,129,B
196,80,116,B
161,71,154,C
162,71,141,C
173,78,161,C
204,71,138,A
170,87,137,B
189,89,107,B
214,78,121,A
187,85,112,B
176,84,124,B
162,79,161,C
297,78,117,A
173,75,158,C
173,72,143,C
156,71,167,C
286,70,129,A
195,80,165,C
292,72,103,A
164,85,114,B
187,87,115,B
190,80,137,B
155,79,165,C
170,77,143,C
159,82,128,B
185,81,115,B
188,70,165,C
161,70,153,C
201,74,138,A
242,77,132,A
163,90,110,B
165,83,128,B
192,90,128,B
165,88,140,B
161,81,100,B
189,70,168,C
190,70,150,C
285,80,109,A
179,89,126,B
223,71,106,A
195,85,133,B
180,74,141,C
189,80,153,C
275,74,112,A
152,87,131,B
175,81,120,B
154,80,105,B
165,73,158,C
163,78,142,C
260,76,101,A
227,74,127,A
199,85,105,B
204,71,131,A
182,86,109,B
150,75,148,C
153,76,144,C
212,78,119,A
288,80,102,A
295,77,104,A
179,89,114,B
163,88,123,B
157,80,168,C
165,76,143,C
200,80,167,C
237,78,134,A
156,76,163,C
194,74,141,C
183,77,150,C
159,72,161,C
267,76,136,A
250,76,125,A
200,72,135,A
248,73,119,A
170,85,132,B
199,80,140,C
181,79,144,C
285,76,103,A
296,71,103,A
175,90,106,B
188,70,142,C
196,79,156,C
164,74,145,C
216,78,138,A
158,81,104,B
196,82,117,B
174,89,103,B
151,72,146,C
193,77,157,C
259,74,132,A
213,74,134,A
282,71,131,A
170,84,103,B
193,80,110,B
166,77,164,C
186,74,157,C
280,78,122,A
232,73,106,A
195,87,118,B
151,90,101,B
171,85,101,B
178,82,104,B
154,74,150,C
150,72,162,C
264,70,124,A
207,77,114,A
201,71,136,A
178,89,133,B
159,76,161,C
182,72,150,C
195,88,129,B
150,89,140,B
198,75,166,C
170,76,163,C
162,78,157,C
158,70,146,C
248,79,124,A
265,71,132,A
161,87,105,B
189,76,161,C
154,89,137,B
199,84,117,B
187,89,100,B
198,80,116,B
196,71,141,C
196,87,127,B
175,80,155,C
166,71,169,C
199,78,167,C
165,70,165,C
286,71,131,A
181,71,150,C
171,80,150,C
173,70,161,C
265,71,119,A
274,75,101,A
217,77,116,A
162,84,108,B
188,86,126,B
181,77,170,C
155,76,142,C
196,73,157,C
299,74,136,A
263,79,122,A
256,80,109,A
199,89,134,B
199,83,117,B
163,70,141,C
192,75,167,C
184,71,159,C
186,80,141,C
154,80,154,C
294,80,121,A
270,72,109,A
177,72,146,C
176,73,148,C
159,72,155,C
158,79,147,C
250,71,137,A
182,90,119,B
192,70,140,C
170,80,147,C
204,78,117,A
153,85,132,B
189,70,159,C
190,71,167,C
285,70,111,A
191,80,128,B
179,84,100,B
159,71,157,C
189,76,143,C
165,75,159,C
214,79,103,A
154,86,118,B
196,85,107,B
185,74,142,C
150,71,166,C
157,70,151,C
184,70,153,C
180,76,144,C
171,84,105,B
179,83,113,B
165,80,145,C
156,78,144,C
203,79,109,A
218,80,119,A
151,82,102,B
168,78,156,C
172,77,143,C
297,75,128,A
298,77,111,A
166,76,168,C
164,80,151,C
203,75,120,A
159,84,114,B
191,86,114,B
154,76,146,C
277,78,139,A
171,81,117,B
156,84,110,B
197,77,167,C
193,70,158,C
182,79,169,C
175,81,112,B
166,89,125,B
156,86,124,B
196,79,152,C
200,76,146,C
179,87,125,B
159,84,140,B
197,76,141,C
180,74,152,C
175,89,111,B
177,78,162,C
158,70,151,C
299,77,115,A
185,88,127,B
170,85,111,B
298,78,115,A
255,75,114,A
299,80,103,A
176,83,108,B
156,84,109,B
159,72,160,C
181,77,145,C
178,72,140,C
286,76,131,A
203,74,138,A
178,87,126,B
171,89,134,B
185,87,128,B
161,78,141,C
176,80,166,C
186,78,151,C
188,78,167,C
182,80,170,C
203,79,136,A
220,74,105,A
199,84,110,B
152,82,126,B
181,83,106,B
174,84,123,B
187,84,124,B
181,70,150,C
178,70,164,C
266,70,119,A
171,70,152,C
165,79,140,C
207,70,113,A
217,74,127,A
184,80,118,B
171,73,148,C
195,79,164,C
173,74,153,C
265,76,120,A
231,71,120,A
173,80,129,B
168,86,117,B
176,77,163,C
236,70,134,A
153,73,168,C
273,78,104,A
165,86,135,B
185,72,154,C
157,73,142,C
196,74,155,C
161,86,128,B
155,77,163,C
151,77,154,C
157,76,155,C
155,75,157,C
275,77,124,A
151,86,105,B
158,81,109,B
187,73,149,C
164,74,149,C
152,80,156,C
186,73,143,C
174,85,106,B
255,80,134,A
234,70,101,A
196,85,137,B
196,74,162,C
224,80,129,A
232,80,131,A
161,80,120,B
175,84,125,B
171,77,169,C
152,80,141,C
235,73,115,A
266,74,117,A
185,79,170,C
187,72,143,C
157,90,126,B
192,75,150,C
241,78,100,A
152,83,114,B
163,83,133,B
185,75,155,C
171,77,149,C
152,73,149,C
150,78,156,C
219,70,110,A
248,76,122,A
287,73,131,A
223,70,106,A
154,83,113,B
150,77,154,C
154,76,151,C
165,78,145,C
189,81,117,B
178,81,118,B
190,82,123,B
166,82,104,B
156,73,151,C
278,73,140,A
192,81,134,B
169,75,143,C
226,75,118,A
190,83,120,B
160,90,127,B
189,85,105,B
186,75,155,C
171,71,148,C
174,83,135,B
197,87,100,B
154,71,166,C
179,77,154,C
284,78,127,A
203,76,108,A
180,86,115,B
159,89,119,B
167,90,139,B
169,86,104,B
160,70,146,C
198,73,144,C
273,75,135,A
223,75,111,A
213,71,122,A
172,87,126,B
174,84,117,B
175,83,131,B
158,87,107,B
190,78,166,C
167,77,156,C
266,77,124,A
215,73,100,A
181,90,128,B
150,81,130,B
200,74,162,C
166,86,125,B
155,77,155,C
163,75,169,C
235,72,134,A
231,80,124,A
192,84,115,B
181,74,163,C
209,72,136,A
264,80,112,A
160,87,110,B
199,84,108,B
174,81,133,B
151,75,156,C
297,76,139,A
300,79,108,A
258,71,115,A
269,77,135,A
288,77,132,A
151,90,106,B
167,80,139,B
153,88,108,B
177,74,167,C
179,73,149,C
150,79,149,C
214,73,119,A
185,78,160,C
261,73,135,A
174,82,126,B
183,89,119,B
188,83,138,B
172,74,156,C
298,75,118,A
234,80,122,A
186,88,102,B
164,87,125,B
281,71,106,A
174,83,113,B
160,80,105,B
199,80,134,B
171,71,143,C
176,76,162,C
233,72,128,A
260,71,127,A
208,80,104,A
177,84,133,B
180,90,140,B
161,82,135,B
154,82,132,B
167,72,168,C
184,80,145,C
151,73,159,C
165,80,167,C
217,72,114,A
154,85,137,B
180,84,122,B
191,84,139,B
194,84,130,B
180,76,162,C
226,72,137,A
162,80,101,B
162,86,107,B
151,70,162,C
190,72,164,C
173,75,161,C
185,73,158,C
208,80,124,A
296,80,129,A
187,82,118,B
161,90,104,B
181,81,118,B
154,76,164,C
243,76,136,A
268,79,120,A
271,74,137,A
256,70,136,A
233,76,126,A
197,83,125,B
154,86,117,B
184,72,169,C
239,74,107,A
296,70,100,A
184,86,129,B
194,79,145,C
166,72,170,C
259,80,112,A
181,82,119,B
165,83,137,B
188,85,108,B
152,78,159,C
165,74,150,C
266,70,138,A
218,72,103,A
247,71,128,A
199,84,139,B
195,86,116,B
160,74,149,C
210,70,106,A
281,78,104,A
247,76,106,A
174,83,121,B
153,88,114,B
241,71,101,A
192,80,138,B
194,81,113,B
155,84,105,B
152,84,135,B
195,79,150,C
219,76,135,A
154,83,114,B
167,76,157,C
165,76,143,C
194,73,170,C
196,80,156,C
218,80,103,A
189,82,106,B
160,79,167,C
160,75,140,C
171,80,144,C
200,71,142,C
268,79,139,A
263,75,130,A
164,75,165,C
194,74,158,C
175,70,169,C
184,85,100,B
199,77,157,C
185,72,157,C
182,76,149,C
269,79,135,A
176,90,131,B
169,87,135,B
194,76,164,C
171,80,154,C
179,73,161,C
189,71,153,C
195,70,151,C
176,76,153,C
165,83,111,B
178,88,110,B
190,76,165,C
199,73,140,C
254,78,139,A
206,75,114,A
171,80,156,C
193,70,160,C
174,71,166,C
281,79,140,A
220,73,103,A
154,88,110,B
181,83,118,B
165,73,144,C
195,85,108,B
173,84,137,B
168,88,134,B
194,78,147,C
228,74,100,A
266,75,110,A
242,70,109,A
259,77,125,A
222,76,138,A
155,72,143,C
186,71,141,C
165,71,143,C
260,80,132,A
169,80,157,C
175,76,170,C
192,76,141,C
173,80,161,C
153,87,112,B
188,78,153,C
172,77,151,C
199,73,140,C
180,74,151,C
293,75,123,A
171,76,170,C
167,77,155,C
244,76,103,A
260,78,124,A
246,80,137,A
177,81,108,B
182,84,137,B
176,74,164,C
181,79,142,C
185,74,170,C
225,75,118,A
219,75,118,A
271,76,109,A
167,83,110,B
212,78,100,A
204,75,123,A
249,78,128,A
158,86,121,B
187,90,136,B
196,77,143,C
179,72,167,C
171,71,167,C
186,78,146,C
154,76,164,C
189,74,167,C
161,74,165,C
209,70,123,A
152,72,149,C
165,75,164,C
205,73,133,A
234,71,121,A
275,74,101,A
189,71,157,C
232,71,139,A
272,70,119,A
182,77,156,C
181,79,158,C
172,76,158,C
211,73,138,A
261,79,138,A
233,79,108,A
162,83,119,B
179,89,138,B
175,83,109,B
174,75,169,C
151,79,162,C
300,76,103,A
182,74,166,C
159,78,147,C
174,77,144,C
180,76,162,C
215,70,121,A
171,83,140,B
153,79,140,C
238,70,116,A
269,74,102,A
272,80,120,A
196,85,123,B
189,86,110,B
186,85,129,B
164,86,109,B
208,73,103,A
173,87,134,B
197,81,116,B
159,85,109,B
156,74,170,C
175,73,167,C
158,74,164,C
193,72,146,C
223,77,138,A
150,74,148,C
163,71,148,C
155,70,146,C
196,78,163,C
187,74,145,C
177,79,145,C
180,77,159,C
239,70,103,A
183,81,119,B
186,90,130,B
193,75,155,C
246,73,122,A
150,90,105,B
297,71,110,A
286,79,111,A
151,71,144,C
159,76,153,C
153,72,151,C
193,76,161,C
232,77,111,A
297,75,137,A
227,76,102,A
185,76,141,C
177,79,149,C
186,75,160,C
238,75,105,A
189,89,104,B
192,76,162,C
197,73,163,C
171,75,157,C
241,76,137,A
196,88,136,B
249,80,116,A
167,82,121,B
168,89,119,B
172,86,117,B
192,83,110,B
160,85,118,B
155,74,166,C
177,80,162,C
160,78,149,C
234,77,139,A
166,78,160,C
165,80,140,C
247,79,104,A
175,78,162,C
198,78,162,C
182,76,146,C
270,80,101,A
171,89,140,B
155,90,102,B
157,73,145,C
184,80,142,C
241,76,136,A
271,74,122,A
255,79,124,A
232,72,115,A
260,74,138,A
191,83,136,B
188,81,108,B
175,87,132,B
170,85,133,B
199,86,120,B
170,70,167,C
170,72,157,C
187,71,154,C
164,74,159,C
194,84,124,B
179,83,115,B
156,87,101,B
152,86,108,B
154,80,157,C
180,79,149,C
283,75,122,A
290,71,103,A
249,72,112,A
166,85,100,B
150,71,141,C
223,77,122,A
234,75,139,A
194,86,138,B
195,76,148,C
174,71,150,C
160,71,152,C
173,80,129,B
175,80,114,B
195,86,136,B
175,80,142,C
162,78,162,C
166,75,152,C
187,72,151,C
189,73,151,C
284,77,106,A
183,83,135,B
197,88,126,B
186,70,153,C
202,76,110,A
213,78,125,A
156,81,113,B
170,90,121,B
154,80,119,B
263,70,128,A
250,79,124,A
234,72,130,A
152,90,123,B
181,74,169,C
267,80,122,A
263,71,117,A
153,90,104,B
184,87,110,B
156,77,152,C
161,74,167,C
258,76,116,A
207,77,117,A
187,81,126,B
163,89,133,B
188,83,135,B
176,72,166,C
258,80,128,A
193,82,110,B
185,86,134,B
168,84,129,B
171,70,148,C
200,74,158,C
281,80,109,A
287,75,130,A
189,81,122,B
180,76,142,C
155,73,144,C
249,77,111,A
248,72,138,A
179,83,135,B
191,75,148,C
181,71,152,C
162,78,144,C
186,89,117,B
170,86,113,B
176,83,127,B
159,82,126,B
183,84,112,B
169,86,132,B
193,79,167,C
269,75,104,A
285,80,101,A
196,74,142,C
293,80,122,A
280,80,133,A
165,87,107,B
173,76,151,C
282,72,124,A
242,72,124,A
250,74,116,A
199,87,104,B
161,82,125,B
183,73,152,C
230,70,138,A
273,77,116,A
299,77,106,A
153,89,110,B
171,88,110,B
196,88,129,B
169,78,170,C
218,71,123,A
164,81,127,B
166,84,121,B
180,77,142,C
224,72,106,A
226,72,107,A
248,76,125,A
176,84,133,B
167,90,121,B
167,87,113,B
172,76,141,C
190,76,140,C
173,75,157,C
183,77,147,C
164,79,150,C
187,81,100,B
193,79,152,C
185,76,169,C
168,78,161,C
200,75,142,C
198,79,169,C
204,72,114,A
184,73,159,C
197,79,153,C
162,70,170,C
187,75,141,C
150,71,151,C
293,75,133,A
157,76,151,C
182,74,157,C
215,74,122,A
270,79,134,A
269,77,134,A
173,85,124,B
157,75,144,C
152,70,144,C
161,80,148,C
217,73,124,A
250,73,134,A
239,71,122,A
173,80,124,B
177,85,115,B
185,77,158,C
159,88,107,B
166,72,158,C
153,79,170,C
188,76,162,C
271,75,101,A
206,80,113,A
222,77,115,A
296,75,127,A
243,77,127,A
175,79,167,C
198,74,158,C
236,77,117,A
187,80,121,B
195,71,151,C
176,75,146,C
182,71,149,C
150,77,151,C
194,77,140,C
185,70,167,C
194,70,145,C
226,72,125,A
242,74,122,A
194,79,141,C
197,77,149,C
154,75,146,C
262,80,126,A
224,70,108,A
205,74,138,A
155,86,116,B
156,74,145,C
151,76,151,C
187,74,162,C
188,74,164,C
168,74,155,C
277,80,103,A
177,89,114,B
159,80,139,B
185,70,144,C
158,71,149,C
173,71,142,C
285,75,108,A
175,88,102,B
171,87,140,B
166,72,155,C
236,78,124,A
168,84,130,B
196,75,169,C
159,71,150,C
176,80,155,C
209,78,101,A
170,87,131,B
173,74,146,C
223,76,108,A
289,72,139,A
190,81,109,B
185,85,107,B
161,79,166,C
180,80,140,C
181,77,161,C
195,79,140,C
224,73,102,A
212,78,120,A
174,75,168,C
183,76,141,C
163,75,148,C
197,79,155,C
180,78,149,C
156,77,155,C
228,75,117,A
261,73,127,A
248,70,100,A
172,88,136,B
186,82,134,B
179,79,163,C
152,77,157,C
186,77,165,C
165,80,167,C
181,89,131,B
200,78,143,C
213,75,121,A
181,86,112,B
182,75,160,C
177,73,157,C
184,79,168,C
242,75,111,A
266,70,120,A
225,71,116,A
157,72,157,C
200,79,153,C
257,70,135,A
277,75,121,A
153,82,128,B
185,90,124,B
166,82,124,B
171,71,159,C
185,75,145,C
155,74,148,C
167,77,168,C
260,70,107,A
174,80,150,C
191,72,158,C
296,70,112,A
159,84,106,B
154,75,144,C
172,70,157,C
269,72,126,A
284,79,140,A
296,80,130,A
297,72,124,A
200,78,117,A
194,83,136,B
179,84,137,B
163,79,156,C
159,77,166,C
194,80,141,C
167,79,148,C
282,77,119,A
259,74,109,A
171,88,110,B
196,85,102,B
188,86,113,B
151,74,146,C
173,70,148,C
189,73,151,C
195,90,103,B
172,80,126,B
265,78,102,A
288,74,108,A
231,77,110,A
176,79,152,C
186,79,169,C
162,74,144,C
219,74,138,A
283,77,115,A
173,74,148,C
230,72,117,A
201,71,130,A
165,88,107,B
196,77,169,C
158,77,154,C
199,81,125,B
181,80,139,B
163,84,118,B
198,77,157,C
298,71,101,A
211,73,134,A
198,79,169,C
171,72,152,C
186,73,148,C
196,80,168,C
152,79,165,C
160,77,142,C
238,80,119,A
151,87,121,B
168,83,125,B
168,85,130,B
155,73,166,C
150,79,159,C
196,80,145,C
255,76,106,A
198,76,167,C
183,77,154,C
175,70,145,C
237,77,129,A
258,79,102,A
180,88,123,B
166,81,110,B
189,88,131,B
197,75,143,C
180,76,156,C
258,70,107,A
188,70,155,C
170,78,158,C
173,71,140,C
187,79,154,C
247,80,123,A
186,83,106,B
189,79,160,C
170,70,145,C
192,75,140,C
253,74,122,A
171,83,131,B
195,75,165,C
191,76,145,C
160,87,100,B
158,90,117,B
155,89,115,B
286,77,101,A
192,87,130,B
154,79,152,C
199,86,120,B
167,86,115,B
182,79,170,C
183,82,137,B
182,73,148,C
155,73,149,C
190,81,115,B
190,86,114,B
165,76,145,C
158,75,169,C
178,75,167,C
165,86,115,B
182,79,145,C
163,71,149,C
229,72,136,A
212,70,128,A
246,75,127,A
288,77,111,A
173,86,124,B
195,84,135,B
186,76,144,C
188,75,149,C
229,79,113,A
193,81,126,B
190,70,156,C
183,72,150,C
236,76,122,A
220,74,109,A
151,85,137,B
154,88,108,B
155,76,158,C
243,79,121,A
261,77,126,A
153,87,135,B
175,72,164,C
175,75,149,C
166,77,143,C
174,76,140,C
278,72,114,A
229,70,128,A
235,73,130,A
150,73,147,C
261,72,108,A
169,76,170,C
177,70,159,C
264,79,135,A
179,87,126,B
180,84,124,B
194,79,147,C
169,73,145,C
184,78,163,C
175,83,133,B
187,83,108,B
176,79,169,C
176,79,148,C
178,81,136,B
180,73,143,C
254,74,120,A
178,85,104,B
199,83,135,B
153,74,141,C
161,71,169,C
159,79,149,C
151,79,152,C
172,89,112,B
170,89,127,B
185,78,164,C
183,72,141,C
180,74,145,C
264,77,121,A
164,80,133,B
166,72,153,C
185,74,157,C
249,79,114,A
201,72,118,A
205,80,132,A
193,82,100,B
173,74,155,C
189,80,170,C
168,81,138,B
150,81,136,B
193,75,169,C
177,74,153,C
237,71,109,A
173,86,133,B
156,85,128,B
195,86,127,B
189,76,144,C
160,76,158,C
178,76,156,C
252,75,122,A
165,87,140,B
156,85,103,B
152,80,142,C
182,76,150,C
171,74,156,C
209,76,132,A
153,74,155,C
167,73,143,C
190,76,144,C
156,79,165,C
247,77,120,A
249,71,138,A
297,71,103,A
175,83,112,B
194,70,152,C
156,75,150,C
189,76,143,C
289,74,113,A
153,84,120,B
158,90,114,B
176,76,159,C
176,71,159,C
171,76,159,C
198,78,140,C
226,75,102,A
189,85,136,B
169,86,122,B
153,70,150,C
157,85,131,B
174,77,163,C
295,73,112,A
175,76,166,C
188,88,102,B
184,75,143,C
185,88,129,B
154,84,119,B
157,77,163,C
183,70,146,C
194,80,153,C
286,79,140,A
287,80,111,A
190,87,135,B
151,73,146,C
168,73,156,C
196,72,164,C
233,77,127,A
295,79,136,A
183,80,106,B
184,74,159,C
173,70,153,C
279,74,100,A
195,88,124,B
191,85,102,B
157,70,160,C
172,72,156,C
193,78,160,C
193,89,114,B
153,80,132,B
190,71,151,C
171,90,124,B
170,81,112,B
183,82,124,B
173,76,157,C
177,74,143,C
174,72,158,C
158,77,142,C
172,75,146,C
273,70,120,A
193,75,158,C
182,75,148,C
176,80,157,C
190,76,163,C
168,76,165,C
215,79,132,A
243,74,138,A
191,87,102,B
154,74,145,C
283,75,119,A
282,74,140,A
195,78,162,C
178,72,152,C
150,79,147,C
152,80,170,C
277,71,105,A
279,80,129,A
279,76,134,A
161,90,125,B
157,84,138,B
163,81,121,B
180,74,167,C
180,75,162,C
178,77,159,C
300,72,109,A
179,73,150,C
244,70,113,A
226,80,119,A
285,73,116,A
235,80,127,A
271,71,115,A
153,82,106,B
269,76,107,A
176,81,119,B
192,90,121,B
192,81,102,B
198,77,168,C
155,80,160,C
187,74,154,C
177,80,164,C
215,75,115,A
254,73,139,A
296,74,101,A
280,73,108,A
279,71,125,A
214,70,134,A
293,71,132,A
199,71,147,C
183,72,170,C
291,77,105,A
221,78,123,A
156,71,160,C
175,74,144,C
187,71,144,C
172,76,151,C
194,75,149,C
173,71,156,C
172,71,141,C
173,78,167,C
201,71,132,A
241,80,118,A
184,83,118,B
185,80,110,B
180,86,127,B
197,71,163,C
166,79,147,C
162,73,142,C
292,73,117,A
203,73,139,A
171,82,105,B
166,89,105,B
196,83,121,B
224,74,115,A
178,76,162,C
152,80,151,C
233,80,137,A
208,70,127,A
264,71,111,A
233,72,106,A
184,81,124,B
176,87,119,B
170,82,113,B
170,78,154,C
191,71,162,C
165,89,123,B
173,71,150,C
182,78,145,C
168,74,164,C
209,78,106,A
281,70,121,A
175,85,123,B
185,79,156,C
203,78,122,A
152,81,124,B
173,75,164,C
172,72,149,C
247,80,117,A
174,85,121,B
152,74,155,C
151,78,146,C
156,73,166,C
237,80,110,A
272,77,131,A
179,83,133,B
199,71,155,C
178,79,143,C
195,73,165,C
181,75,161,C
212,78,132,A
181,86,138,B
155,83,103,B
171,72,149,C
285,80,111,A
151,81,100,B
166,84,121,B
162,74,166,C
188,78,153,C
211,71,130,A
255,79,139,A
172,89,106,B
181,82,115,B
179,71,148,C
199,70,140,C
183,74,167,C
287,75,132,A
286,70,101,A
267,76,139,A
167,73,147,C
197,73,169,C
184,80,162,C
295,80,114,A
175,84,100,B
199,78,154,C
198,73,142,C
299,74,133,A
263,73,102,A
278,74,119,A
157,80,128,B
163,81,140,B
178,71,169,C
193,87,102,B
153,70,154,C
293,80,106,A
253,71,129,A
179,90,138,B
182,83,121,B
161,74,154,C
196,73,159,C
192,81,139,B
183,75,148,C
200,80,158,C
178,74,170,C
158,78,160,C
269,73,120,A
211,70,101,A
200,75,127,A
183,78,167,C
173,76,143,C
293,74,104,A
197,80,124,B
175,83,101,B
165,80,113,B
166,72,148,C
166,78,165,C
201,78,127,A
220,76,131,A
206,75,111,A
281,75,117,A
190,81,129,B
184,84,127,B
168,78,144,C
197,71,152,C
172,72,164,C
170,70,144,C
186,79,141,C
282,79,104,A
260,77,133,A
266,73,136,A
196,81,129,B
151,83,131,B
157,75,146,C
297,70,137,A
222,76,121,A
245,79,104,A
184,89,138,B
188,84,127,B
197,87,122,B
172,82,108,B
193,72,140,C
191,75,146,C
152,88,119,B
187,85,111,B
170,82,102,B
171,71,147,C
164,78,165,C
250,72,136,A
257,78,106,A
214,74,130,A
196,71,157,C
227,74,103,A
174,81,109,B
176,86,115,B
170,80,102,B
187,85,108,B
160,73,166,C
175,80,154,C
165,70,167,C
269,74,112,A
206,70,107,A
236,70,131,A
184,81,130,B
165,87,132,B
163,89,108,B
170,79,165,C
265,71,132,A
213,70,140,A
193,81,135,B
175,90,122,B
161,88,128,B
166,82,107,B
183,74,143,C
278,74,139,A
162,83,133,B
174,88,102,B
165,79,141,C
168,80,166,C
153,72,163,C
158,75,157,C
174,85,106,B
188,87,129,B
200,79,153,C
194,74,156,C
233,74,135,A
275,72,105,A
182,81,130,B
155,80,124,B
183,89,115,B
180,78,150,C
190,76,154,C
167,75,166,C
211,71,114,A
154,90,134,B
189,86,135,B
193,73,146,C
170,75,166,C
185,70,152,C
181,78,164,C
299,70,127,A
188,84,106,B
184,71,141,C
172,70,141,C
253,74,125,A
161,82,133,B
169,80,123,B
186,72,158,C
280,71,106,A
222,79,103,A
243,75,119,A
168,86,123,B
190,87,137,B
168,87,132,B
221,78,126,A
208,79,137,A
225,80,108,A
190,85,108,B
152,70,146,C
200,77,103,A
177,87,131,B
163,81,108,B
194,77,163,C
238,78,122,A
157,88,118,B
152,70,153,C
152,72,147,C
190,71,143,C
159,75,161,C
271,79,133,A
202,76,135,A
180,84,107,B
158,89,105,B
172,84,101,B
191,78,166,C
196,70,161,C
200,72,155,C
181,71,151,C
172,87,125,B
197,80,115,B
162,76,149,C
200,70,154,C
170,81,101,B
182,90,137,B
198,71,151,C
169,75,160,C
175,83,102,B
194,83,137,B
193,85,120,B
176,77,159,C
213,74,108,A
223,74,140,A
187,85,129,B
189,77,150,C
168,79,160,C
198,77,140,C
184,70,163,C
290,75,116,A
246,71,126,A
196,82,111,B
169,74,164,C
151,75,167,C
281,74,106,A
191,80,169,C
166,70,170,C
193,73,156,C
167,71,146,C
282,71,117,A
292,75,135,A
164,86,120,B
185,90,108,B
164,79,147,C
181,72,156,C
220,71,139,A
154,73,157,C
170,73,150,C
157,71,143,C
235,70,123,A
277,76,105,A
191,88,111,B
164,74,149,C
189,76,140,C
164,80,158,C
284,80,114,A
267,70,132,A
186,81,103,B
169,88,127,B
174,80,131,B
181,83,128,B
183,82,136,B
295,70,109,A
198,82,102,B
179,84,120,B
159,85,116,B
198,77,157,C
184,76,169,C
195,86,117,B
216,79,127,A
170,85,134,B
154,85,129,B
190,74,157,C
165,72,149,C
241,71,106,A
246,73,127,A
216,79,137,A
155,83,113,B
162,90,109,B
188,71,159,C
195,80,163,C
179,80,148,C
281,76,105,A
178,87,101,B
196,84,115,B
157,74,151,C
196,75,143,C
171,80,100,B
153,71,163,C
282,78,139,A
234,73,129,A
160,70,147,C
154,74,160,C
210,77,132,A
288,79,137,A
289,80,112,A
216,75,101,A
192,80,125,B
199,90,117,B
173,76,169,C
156,71,145,C
215,76,120,A
191,81,106,B
162,74,154,C
165,80,164,C
223,73,112,A
276,71,108,A
275,74,136,A
242,73,134,A
155,80,136,B
160,70,148,C
175,73,155,C
189,74,155,C
174,70,170,C
223,77,109,A
190,87,101,B
187,78,162,C
159,71,170,C
228,75,109,A
278,78,127,A
203,78,135,A
187,82,119,B
198,81,135,B
230,75,111,A
179,82,123,B
158,82,127,B
175,89,137,B
192,73,163,C
178,75,169,C
183,72,169,C
159,80,164,C
217,73,129,A
174,81,126,B
154,88,105,B
271,78,135,A
217,77,101,A
276,77,124,A
190,86,137,B
271,78,126,A
204,79,136,A
170,82,121,B
169,87,108,B
224,79,121,A
156,89,109,B
159,78,148,C
178,72,151,C
161,75,148,C
283,77,108,A
214,74,125,A
212,76,117,A
196,86,114,B
159,86,120,B
192,71,142,C
262,79,137,A
159,84,119,B
168,85,110,B
158,70,156,C
250,80,129,A
156,77,167,C
168,76,170,C
175,75,170,C
200,75,131,A
165,80,145,C
165,73,152,C
215,73,133,A
228,74,114,A
200,80,162,C
233,71,113,A
162,84,128,B
185,88,104,B
177,74,167,C
185,87,135,B
165,73,143,C
158,71,149,C
215,70,119,A
179,81,125,B
164,84,138,B
187,90,114,B
160,79,165,C
193,78,168,C
183,83,112,B
182,72,147,C
182,80,140,C
173,79,148,C
297,77,104,A
184,87,132,B
175,79,170,C
162,80,161,C
293,73,121,A
172,79,165,C
198,77,155,C
181,73,155,C
182,77,157,C
203,71,136,A
204,75,129,A
253,74,114,A
283,73,103,A
151,82,119,B
185,88,122,B
300,78,131,A
274,70,140,A
236,70,124,A
180,84,117,B
179,85,125,B
183,76,146,C
171,80,147,C
191,80,132,B
182,77,157,C
293,70,115,A
289,74,114,A
254,80,136,A
166,89,111,B
170,77,162,C
191,81,134,B
168,70,170,C
198,70,150,C
192,77,142,C
188,73,146,C
166,76,164,C
189,74,140,C
161,70,155,C
153,72,159,C
168,72,143,C
217,77,130,A
228,71,118,A
197,81,139,B
190,79,149,C
198,74,163,C
164,78,153,C
194,82,123,B
190,78,159,C
211,70,106,A
242,72,109,A
267,76,135,A
233,80,131,A
200,72,151,C
161,74,147,C
167,77,153,C
215,70,136,A
192,83,106,B
176,79,140,C
158,79,158,C
236,73,104,A
228,70,104,A
188,87,135,B
187,78,156,C
279,70,106,A
279,70,109,A
176,73,144,C
254,72,131,A
157,88,130,B
200,73,170,C
175,79,168,C
295,80,123,A
233,74,111,A
174,87,125,B
190,85,125,B
185,71,155,C
194,80,153,C
157,73,154,C
164,78,158,C
176,75,146,C
185,85,136,B
198,90,111,B
161,88,106,B
152,90,104,B
189,89,138,B
198,76,144,C
182,74,159,C
158,74,148,C
174,73,143,C
218,78,137,A
272,72,133,A
254,79,131,A
185,86,100,B
184,83,117,B
246,73,115,A
181,87,133,B
161,86,123,B
166,79,167,C
159,81,101,B
196,85,128,B
155,81,112,B
188,77,142,C
170,75,160,C
186,75,166,C
167,86,115,B
195,79,166,C
173,84,113,B
182,78,151,C
194,79,161,C
264,70,131,A
261,80,122,A
285,75,127,A
237,79,100,A
175,83,130,B
162,88,125,B
175,87,130,B
197,83,109,B
170,78,145,C
189,77,156,C
181,72,163,C
198,72,146,C
179,89,137,B
164,75,163,C
230,77,118,A
293,77,131,A
183,85,106,B
195,84,117,B
197,86,106,B
163,70,151,C
176,80,151,C
164,87,106,B
173,90,129,B
181,84,132,B
157,88,132,B
193,88,121,B
185,75,152,C
175,76,149,C
215,73,122,A
258,74,106,A
279,75,120,A
160,88,115,B
194,85,124,B
181,78,141,C
180,79,162,C
150,79,144,C
208,72,120,A
286,73,116,A
206,75,111,A
154,82,126,B
197,87,119,B
172,80,113,B
167,84,128,B
174,73,164,C
170,74,170,C
151,78,146,C
200,75,132,A
266,75,134,A
199,79,167,C
183,85,101,B
185,78,150,C
180,71,145,C
237,78,112,A
158,82,128,B
172,82,133,B
176,72,170,C
161,73,144,C
160,75,155,C
297,71,121,A
169,87,133,B
198,87,113,B
173,90,111,B
164,78,158,C
293,78,121,A
271,75,124,A
180,81,117,B
200,81,112,B
186,74,140,C
257,70,132,A
156,82,100,B
178,79,164,C
159,74,155,C
164,74,162,C
195,71,151,C
210,77,110,A
155,83,116,B
163,77,157,C
238,72,134,A
199,81,114,B
156,79,168,C
157,70,160,C
182,70,164,C
225,73,102,A
173,87,104,B
163,73,170,C
187,78,156,C
200,78,140,C
238,73,131,A
157,88,128,B
192,78,170,C
163,77,159,C
202,71,113,A
175,81,116,B
173,90,106,B
171,81,132,B
183,77,148,C
190,76,148,C
198,84,114,B
194,85,136,B
244,77,139,A
222,75,128,A
231,80,121,A
274,74,106,A
178,79,163,C
165,77,142,C
163,75,170,C
161,79,145,C
195,71,147,C
225,72,124,A
206,72,121,A
200,81,125,B
168,73,152,C
199,77,152,C
171,78,170,C
152,76,169,C
156,72,163,C
271,72,131,A
157,78,169,C
234,73,136,A
273,79,115,A
256,75,115,A
174,80,120,B
159,70,141,C
170,75,166,C
190,78,162,C
289,80,115,A
202,73,129,A
223,76,110,A
187,87,122,B
200,80,122,B
174,73,154,C
174,76,144,C
159,84,140,B
172,75,161,C
173,72,156,C
189,79,163,C
190,71,148,C
192,77,163,C
157,75,143,C
186,72,140,C
238,79,140,A
198,81,134,B
157,86,104,B
169,85,101,B
163,75,160,C
227,74,135,A
192,83,104,B
161,82,131,B
170,80,144,C
188,78,143,C
175,76,150,C
190,74,141,C
208,78,132,A
282,78,120,A
252,78,133,A
214,79,125,A
157,73,144,C
164,72,167,C
211,72,117,A
223,77,125,A
216,73,131,A
263,72,118,A
231,79,125,A
191,81,125,B
150,80,109,B
152,84,109,B
185,80,149,C
183,70,169,C
219,78,115,A
177,88,118,B
181,78,163,C
157,79,159,C
171,71,158,C
261,76,127,A
263,76,101,A
252,74,137,A
172,70,159,C
176,79,153,C
203,74,128,A
243,78,130,A
213,76,132,A
188,86,120,B
182,89,124,B
183,85,109,B
160,72,151,C
189,75,156,C
180,76,168,C
214,70,113,A
269,76,123,A
262,70,129,A
293,77,114,A
291,75,122,A
257,72,123,A
178,87,117,B
153,77,147,C
183,76,169,C
198,78,161,C
187,73,151,C
208,72,130,A
179,78,151,C
192,85,113,B
189,87,135,B
170,82,111,B
150,82,139,B
157,71,156,C
161,72,150,C
268,73,128,A
166,82,100,B
153,82,105,B
171,85,100,B
162,75,149,C
161,87,105,B
183,79,154,C
192,70,153,C
179,79,168,C
173,72,157,C
226,76,136,A
260,78,104,A
210,70,102,A
154,78,161,C
153,77,150,C
261,76,103,A
185,90,102,B
167,88,138,B
189,75,169,C
186,77,168,C
181,79,145,C
180,78,158,C
292,71,110,A
184,84,126,B
189,87,103,B
170,71,143,C
196,80,158,C
173,73,147,C
170,77,149,C
247,72,107,A
198,87,127,B
150,80,103,B
179,76,163,C
195,72,169,C
181,76,158,C
198,76,148,C
192,80,170,C
182,70,152,C
170,72,140,C
201,72,136,A
155,80,129,B
168,83,106,B
198,70,163,C
199,75,158,C
188,80,156,C
236,73,139,A
279,80,121,A
207,71,106,A
255,70,115,A
191,85,106,B
173,73,170,C
151,88,134,B
150,80,130,B
173,77,140,C
198,74,157,C
168,70,168,C
192,78,161,C
272,71,126,A
176,87,101,B
170,80,121,B
170,86,130,B
166,73,160,C
194,80,158,C
187,80,144,C
206,73,131,A
239,74,127,A
290,77,139,A
161,86,135,B
182,72,155,C
225,73,101,A
163,77,149,C
178,85,104,B
186,71,153,C
160,79,156,C
231,75,137,A
298,78,109,A
178,76,147,C
192,73,142,C
247,78,136,A
183,76,170,C
178,87,120,B
150,81,104,B
171,80,121,B
190,78,155,C
150,76,141,C
243,72,139,A
160,87,110,B
194,78,140,C
212,75,137,A
261,79,100,A
212,74,130,A
153,86,133,B
232,71,121,A
211,71,125,A
169,81,107,B
165,71,169,C
186,79,167,C
172,74,149,C
152,71,156,C
240,72,118,A
202,76,136,A
150,89,139,B
174,70,159,C
166,70,161,C
155,73,148,C
172,79,155,C
166,70,150,C
299,70,128,A
235,74,101,A
175,82,135,B
182,88,111,B
171,81,134,B
177,70,170,C
215,79,101,A
153,86,118,B
185,71,168,C
179,71,161,C
170,76,140,C
166,89,109,B
198,82,122,B
161,80,138,B
188,87,104,B
189,89,130,B
185,81,129,B
176,77,149,C
158,79,163,C
258,79,133,A
209,72,111,A
181,80,108,B
248,80,117,A
180,85,132,B
198,82,111,B
167,84,103,B
191,88,115,B
150,79,145,C
187,75,157,C
172,74,143,C
294,71,133,A
207,75,113,A
171,87,114,B
170,85,130,B
170,79,148,C
250,73,122,A
200,71,123,A
157,89,127,B
179,84,109,B
176,79,146,C
177,73,152,C
161,80,154,C
192,86,109,B
167,79,142,C
176,87,105,B
160,72,152,C
193,79,165,C
237,71,104,A
163,88,136,B
198,88,123,B
154,76,162,C
197,78,147,C
156,76,142,C
152,73,168,C
197,73,154,C
179,85,126,B
156,88,106,B
188,86,132,B
178,80,148,C
198,75,147,C
222,71,123,A
206,75,113,A
178,85,135,B
154,71,160,C
200,75,160,C
188,71,150,C
174,71,169,C
158,85,127,B
199,84,106,B
195,90,104,B
155,84,112,B
166,74,150,C
181,76,154,C
187,80,168,C
161,76,142,C
189,72,143,C
228,71,118,A
290,72,114,A
249,74,100,A
262,75,118,A
188,82,107,B
185,72,170,C
193,79,159,C
291,71,128,A
175,88,124,B
184,80,141,C
298,72,116,A
151,88,113,B
179,79,160,C
150,79,158,C
243,70,138,A
160,78,146,C
159,90,131,B
152,79,160,C
169,71,158,C
186,87,121,B
194,80,146,C
191,75,165,C
186,80,140,C
183,74,155,C
193,79,162,C
272,78,102,A
182,82,137,B
187,71,164,C
228,80,136,A
196,86,106,B
177,81,119,B
158,71,143,C
176,84,134,B
195,83,101,B
182,75,165,C
195,70,160,C
199,86,125,B
170,88,110,B
186,77,143,C
152,71,165,C
263,74,114,A
243,79,116,A
282,75,112,A
173,90,112,B
196,80,142,C
173,71,170,C
184,77,152,C
176,73,157,C
194,77,146,C
261,72,126,A
213,77,132,A
171,86,136,B
152,86,126,B
150,88,133,B
227,77,103,A
212,78,102,A
200,83,111,B
193,89,109,B
162,76,162,C
287,70,112,A
236,77,119,A
156,80,116,B
159,88,135,B
170,79,169,C
165,75,164,C
261,79,119,A
220,78,100,A
283,75,123,A
150,83,110,B
160,74,160,C
285,77,112,A
225,79,112,A
181,90,130,B
158,70,160,C
160,72,156,C
287,80,103,A
290,78,139,A
254,76,127,A
164,79,150,C
180,80,153,C
187,75,156,C
206,76,108,A
194,89,131,B
200,78,151,C
172,70,155,C
189,90,135,B
174,90,140,B
193,77,154,C
259,70,122,A
153,74,161,C
195,77,151,C
202,74,131,A
270,77,103,A
268,74,123,A
199,71,166,C
159,80,149,C
181,72,161,C
191,75,164,C
179,70,165,C
230,77,102,A
203,77,115,A
223,78,136,A
230,77,127,A
178,87,115,B
155,87,120,B
162,83,103,B
180,86,116,B
190,70,160,C
191,71,147,C
190,77,145,C
198,78,140,C
210,80,128,A
170,80,101,B
152,76,148,C
151,73,141,C
166,77,159,C
155,84,130,B
161,84,101,B
175,80,156,C
152,77,147,C
165,71,144,C
159,79,143,C
274,73,126,A
184,70,170,C
155,70,156,C
287,76,140,A
218,77,122,A
253,71,138,A
165,80,127,B
191,80,113,B
198,74,170,C
163,80,140,C
194,78,167,C
153,74,166,C
187,78,168,C
287,75,114,A
273,79,103,A
253,73,131,A
262,78,119,A
157,88,108,B
175,76,170,C
153,74,151,C
251,74,137,A
219,75,129,A
253,71,137,A
187,87,105,B
174,84,111,B
164,87,138,B
182,75,150,C
171,80,143,C
161,72,159,C
272,77,126,A
225,75,130,A
189,78,151,C
183,78,143,C
162,73,143,C
185,74,142,C
162,77,167,C
179,71,148,C
269,71,126,A
197,81,113,B
186,80,164,C
154,77,159,C
156,76,164,C
212,79,113,A
186,90,123,B
194,73,147,C
184,76,154,C
189,80,161,C
195,74,144,C
221,71,112,A
181,84,110,B
151,87,140,B
150,88,132,B
184,73,162,C
166,73,154,C
277,71,105,A
181,80,106,B
154,84,127,B
155,72,170,C
197,71,151,C
162,71,169,C
172,80,163,C
187,71,146,C
252,76,122,A
287,70,128,A
183,77,166,C
205,71,101,A
227,75,100,A
261,75,113,A
174,72,157,C
163,72,169,C
162,73,161,C
267,80,131,A
183,90,107,B
180,82,136,B
155,74,169,C
154,90,110,B
199,73,161,C
165,74,141,C
287,80,140,A
151,80,129,B
186,79,140,C
191,73,155,C
159,76,156,C
174,83,140,B
185,83,108,B
156,72,142,C
164,71,140,C
153,77,158,C
203,79,104,A
296,72,114,A
190,82,132,B
156,74,142,C
174,71,153,C
265,79,102,A
231,75,140,A
223,70,115,A
232,71,112,A
157,77,145,C
196,78,152,C
221,79,122,A
172,84,104,B
184,86,138,B
151,74,140,C
186,79,146,C
215,80,136,A
161,80,162,C
188,77,163,C
153,70,147,C
167,79,149,C
240,80,123,A
206,72,118,A
241,72,122,A
191,86,139,B
160,83,132,B
198,87,129,B
175,77,169,C
182,70,150,C
151,75,142,C
181,77,142,C
227,79,108,A
269,78,130,A
174,81,109,B
168,83,102,B
173,71,158,C
218,80,109,A
240,73,101,A
165,71,161,C
175,73,141,C
165,80,155,C
262,76,117,A
236,78,101,A
166,89,110,B
171,80,140,B
193,81,128,B
200,74,143,C
218,71,118,A
157,86,134,B
188,71,163,C
228,71,104,A
263,72,101,A
300,75,122,A
183,83,101,B
190,90,131,B
164,78,153,C
223,78,138,A
284,75,124,A
297,78,134,A
188,72,165,C
174,77,163,C
251,78,119,A
269,71,107,A
177,79,140,C
258,79,133,A
153,76,143,C
160,78,156,C
196,73,170,C
219,73,107,A
249,78,104,A
229,71,132,A
233,73,112,A
193,80,103,B
191,76,170,C
182,76,144,C
184,70,168,C
227,80,134,A
192,87,124,B
152,90,136,B
159,72,170,C
153,75,169,C
271,74,130,A
266,78,134,A
154,82,127,B
176,77,152,C
180,80,140,C
188,75,140,C
237,70,119,A
155,88,131,B
187,81,134,B
156,71,152,C
175,72,141,C
186,78,151,C
278,73,117,A
267,78,110,A
199,78,160,C
171,72,144,C
238,76,105,A
179,82,121,B
190,86,106,B
170,78,147,C
280,73,119,A
230,70,108,A
218,71,123,A
157,78,154,C
180,73,168,C
182,87,119,B
178,84,130,B
161,77,152,C
162,80,146,C
174,73,157,C
197,79,159,C
248,75,134,A
209,77,117,A
235,72,104,A
164,79,141,C
191,77,162,C
175,77,152,C
171,80,146,C
174,73,142,C
278,70,135,A
195,88,137,B
192,82,109,B
240,71,118,A
237,75,121,A
286,76,120,A
291,74,116,A
242,80,136,A
165,71,162,C
190,76,168,C
157,88,129,B
195,76,150,C
154,70,154,C
153,73,141,C
166,70,164,C
162,70,170,C
295,73,102,A
189,73,166,C
166,74,148,C
190,77,165,C
172,76,156,C
183,70,152,C
153,75,157,C
207,70,103,A
163,86,134,B
179,90,137,B
170,80,154,C
186,78,148,C
169,87,105,B
164,82,119,B
176,87,137,B
170,73,141,C
172,76,141,C
230,79,140,A
168,85,129,B
151,88,122,B
183,71,148,C
160,71,150,C
294,74,140,A
178,82,120,B
232,77,108,A
295,76,139,A
251,74,136,A
177,80,140,B
166,71,140,C
153,78,140,C
274,74,102,A
186,86,103,B
176,84,130,B
164,80,165,C
291,76,119,A
243,72,137,A
258,79,140,A
210,74,114,A
170,85,112,B
197,70,142,C
199,70,159,C
194,77,142,C
224,70,102,A
264,76,139,A
195,84,137,B
164,85,122,B
157,80,132,B
189,72,141,C
192,73,149,C
280,75,131,A
204,73,129,A
153,82,138,B
176,80,133,B
161,85,134,B
179,77,153,C
271,73,120,A
165,80,104,B
174,76,162,C
157,74,160,C
290,70,100,A
221,73,112,A
159,80,122,B
184,81,120,B
165,76,167,C
213,79,122,A
218,71,138,A
199,84,136,B
150,81,128,B
189,83,110,B
289,78,103,A
171,85,124,B
177,71,163,C
182,78,164,C
181,71,163,C
193,75,167,C
185,80,145,C
218,74,109,A
177,83,111,B
177,84,123,B
180,88,121,B
190,86,108,B
179,73,155,C
176,72,150,C
167,78,141,C
189,84,117,B
179,82,117,B
166,90,103,B
158,74,148,C
191,89,111,B
176,77,150,C
295,78,132,A
162,82,134,B
151,75,143,C
162,70,145,C
271,72,106,A
242,77,137,A
181,80,101,B
163,81,136,B
153,77,153,C
197,73,169,C
179,76,160,C
175,79,164,C
170,77,142,C
244,80,136,A
256,70,110,A
199,84,114,B
199,85,125,B
163,86,105,B
177,80,156,C
254,71,115,A
159,80,133,B
157,74,156,C
271,72,100,A
285,70,123,A
189,74,147,C
210,80,132,A
158,77,142,C
194,78,161,C
174,70,153,C
193,70,146,C
274,71,107,A
178,82,126,B
186,89,128,B
152,70,161,C
183,80,166,C
252,70,132,A
252,72,129,A
213,77,118,A
196,86,110,B
196,80,148,C
211,74,118,A
156,88,100,B
167,90,112,B
173,82,123,B
162,73,141,C
159,75,145,C
292,70,109,A
233,73,112,A
152,83,114,B
197,83,134,B
158,70,165,C
195,71,170,C
169,83,106,B
171,79,163,C
210,71,112,A
154,83,107,B
165,86,104,B
151,80,170,C
210,72,129,A
171,88,138,B
194,74,152,C
168,75,150,C
190,73,158,C
161,85,138,B
151,84,137,B
185,72,154,C
155,78,157,C
152,72,166,C
264,72,109,A
178,90,134,B
189,85,136,B
184,85,108,B
200,88,133,B
170,89,108,B
200,70,157,C
158,79,156,C
192,70,140,C
196,72,142,C
161,71,166,C
157,79,143,C
200,74,157,C
171,73,146,C
209,78,103,A
242,73,126,A
190,84,137,B
169,81,124,B
168,83,136,B
166,70,149,C
172,73,140,C
183,77,146,C
204,76,122,A
197,81,138,B
195,72,167,C
175,78,158,C
173,87,125,B
174,88,115,B
151,80,100,B
173,74,161,C
151,89,120,B
266,77,128,A
154,90,133,B
187,86,127,B
156,73,145,C
170,82,124,B
198,83,107,B
188,76,151,C
276,78,108,A
240,71,133,A
164,82,129,B
229,73,102,A
205,79,113,A
234,73,129,A
196,89,108,B
155,78,160,C
196,76,166,C
171,71,162,C
260,77,102,A
289,79,120,A
230,80,138,A
156,88,127,B
197,81,106,B
175,87,115,B
178,75,150,C
199,74,150,C
157,77,148,C
152,73,143,C
204,76,121,A
181,88,114,B
180,87,119,B
170,84,131,B
200,77,148,C
206,77,118,A
291,71,102,A
163,87,117,B
294,72,102,A
161,89,129,B
159,74,159,C
153,71,156,C
246,79,108,A
193,72,149,C
200,78,168,C
168,87,125,B
181,88,101,B
178,86,115,B
159,71,145,C
169,80,169,C
293,73,104,A
270,74,115,A
222,80,123,A
235,78,117,A
267,79,108,A
164,81,140,B
163,86,110,B
166,74,148,C
166,78,165,C
243,78,136,A
195,90,119,B
181,89,116,B
159,75,158,C
183,76,148,C
292,77,100,A
240,73,127,A
170,89,100,B
160,84,125,B
163,73,157,C
159,72,155,C
275,76,111,A
159,89,135,B
183,80,135,B
167,82,115,B
157,76,154,C
199,74,150,C
242,75,116,A
150,84,136,B
194,90,135,B
289,70,135,A
179,81,117,B
183,80,165,C
174,79,167,C
252,71,125,A
212,70,132,A
249,79,136,A
187,72,143,C
222,73,111,A
286,77,120,A
174,86,131,B
182,82,122,B
176,82,117,B
194,74,153,C
193,71,152,C
158,72,156,C
243,78,101,A
291,71,125,A
197,89,128,B
162,76,158,C
176,75,169,C
210,78,113,A
272,73,111,A
276,80,113,A
152,80,112,B
197,77,147,C
163,85,102,B
180,82,105,B
164,77,167,C
236,73,118,A
178,90,113,B
184,86,133,B
161,82,106,B
300,77,119,A
265,77,103,A
183,74,144,C
254,74,113,A
262,77,100,A
184,72,156,C
287,78,136,A
161,75,162,C
174,79,160,C
219,77,113,A
259,75,130,A
189,87,115,B
200,83,127,B
195,73,156,C
163,70,166,C
198,80,121,B
186,79,159,C
182,79,153,C
169,77,160,C
204,75,137,A
213,77,123,A
281,70,109,A
295,80,111,A
192,83,108,B
152,72,161,C
242,73,108,A
294,79,115,A
217,78,117,A
199,82,102,B
191,86,121,B
193,88,128,B
177,85,135,B
176,89,133,B
158,74,143,C
155,72,147,C
186,70,163,C
222,75,123,A
277,75,107,A
281,72,118,A
268,70,121,A
189,84,122,B
161,86,118,B
198,76,164,C
179,77,168,C
158,75,165,C
173,70,145,C
255,76,133,A
198,88,102,B
184,79,157,C
168,72,154,C
151,71,146,C
230,74,106,A
221,73,133,A
211,80,108,A
156,80,103,B
174,73,145,C
184,71,146,C
184,77,143,C
188,75,151,C
167,70,142,C
151,79,168,C
197,71,160,C
163,71,156,C
211,79,138,A
275,77,125,A
169,84,135,B
170,81,103,B
180,79,159,C
180,79,155,C
182,77,167,C
279,70,128,A
256,75,139,A
294,78,123,A
158,81,101,B
173,71,170,C
160,76,147,C
153,79,160,C
172,75,154,C
191,84,104,B
185,71,169,C
156,73,152,C
155,71,161,C
154,71,162,C
267,75,138,A
231,72,111,A
259,71,139,A
168,86,103,B
169,84,110,B
162,70,169,C
169,80,147,C
175,74,151,C
151,76,151,C
166,70,142,C
213,80,111,A
286,73,123,A
192,90,120,B
181,83,136,B
177,77,169,C
217,72,103,A
216,78,140,A
223,77,126,A
264,79,113,A
254,72,104,A
223,72,140,A
166,80,100,B
257,72,114,A
266,72,113,A
268,74,125,A
222,80,112,A
179,88,109,B
190,73,146,C
159,76,145,C
183,80,157,C
185,81,113,B
197,71,153,C
169,77,169,C
190,70,154,C
163,77,156,C
225,71,120,A
234,80,131,A
172,89,139,B
198,77,156,C
172,74,161,C
197,78,160,C
152,74,163,C
218,73,134,A
267,78,127,A
156,77,169,C
187,82,104,B
179,80,166,C
196,77,147,C
180,74,159,C
204,70,132,A
270,71,133,A
232,79,108,A
153,85,121,B
153,83,105,B
172,82,106,B
158,74,150,C
157,80,145,C
266,79,127,A
168,82,140,B
178,90,118,B
180,77,165,C
180,75,167,C
212,76,107,A
180,83,115,B
160,83,120,B
192,77,146,C
170,78,151,C
165,88,122,B
195,81,125,B
179,76,144,C
170,72,145,C
210,79,120,A
266,74,113,A
219,77,133,A
196,83,123,B
182,86,136,B
178,86,119,B
156,87,106,B
173,72,149,C
183,76,151,C
153,79,160,C
207,72,130,A
199,81,117,B
178,81,135,B
198,88,122,B
153,85,130,B
184,86,110,B
162,80,145,C
162,70,167,C
156,79,162,C
176,70,141,C
152,74,158,C
242,70,103,A
174,87,121,B
191,84,118,B
193,85,100,B
265,80,118,A
205,80,128,A
244,75,106,A
160,90,139,B
158,78,155,C
152,73,170,C
241,79,100,A
201,75,117,A
171,81,126,B
157,80,122,B
161,77,140,C
161,72,146,C
220,77,123,A
200,74,108,A
200,84,100,B
178,79,159,C
274,70,108,A
276,76,138,A
295,74,109,A
257,76,109,A
276,72,126,A
195,85,109,B
161,80,123,B
177,85,140,B
200,72,141,C
158,79,144,C
234,73,138,A
182,83,105,B
163,74,140,C
165,80,150,C
189,78,153,C
263,78,112,A
182,80,126,B
169,88,113,B
178,77,150,C
173,77,158,C
208,74,112,A
161,84,123,B
193,80,123,B
154,74,163,C
199,79,149,C
191,76,153,C
167,78,158,C
293,76,127,A
246,71,128,A
288,74,103,A
237,80,140,A
174,73,159,C
162,74,141,C
196,72,166,C
231,76,113,A
299,74,110,A
155,75,144,C
197,76,170,C
194,75,158,C
186,74,152,C
238,74,102,A
171,81,112,B
162,82,100,B
187,70,168,C
154,75,145,C
208,72,106,A
177,83,129,B
159,89,112,B
161,89,106,B
190,80,148,C
197,72,140,C
199,72,147,C
248,77,127,A
223,76,100,A
172,90,138,B
188,83,135,B
154,76,166,C
151,70,160,C
268,70,111,A
183,83,133,B
195,84,109,B
184,73,142,C
174,79,167,C
158,71,167,C
186,73,164,C
156,80,142,C
195,78,140,C
165,76,153,C
207,78,125,A
282,80,108,A
214,77,125,A
172,74,161,C
162,76,161,C
154,71,142,C
193,75,170,C
298,76,108,A
244,75,107,A
227,76,109,A
152,90,139,B
172,85,122,B
177,89,116,B
199,89,135,B
177,82,102,B
173,74,164,C
172,78,149,C
174,72,159,C
282,78,134,A
277,80,106,A
177,86,119,B
174,80,142,C
159,73,143,C
207,75,117,A
158,79,169,C
209,79,126,A
259,74,137,A
273,75,140,A
248,80,132,A
171,76,158,C
187,79,158,C
164,76,149,C
192,79,152,C
199,74,166,C
192,75,152,C
262,74,124,A
159,75,142,C
250,73,119,A
263,74,106,A
268,72,102,A
169,81,105,B
158,82,119,B
196,90,136,B
152,79,148,C
186,80,165,C
160,88,120,B
151,88,100,B
151,86,107,B
181,78,142,C
197,78,160,C
269,76,123,A
233,78,111,A
167,90,131,B
163,73,155,C
200,73,165,C
230,71,137,A
200,90,113,B
190,76,143,C
157,79,162,C
200,77,145,C
188,78,161,C
163,71,169,C
273,74,121,A
299,75,130,A
159,84,109,B
163,87,100,B
159,74,162,C
153,72,164,C
159,81,111,B
185,77,159,C
187,78,155,C
258,73,139,A
267,72,113,A
150,90,140,B
154,83,115,B
189,77,162,C
159,71,141,C
166,80,128,B
198,75,169,C
154,75,154,C
167,83,106,B
150,70,146,C
184,71,153,C
247,72,110,A
192,87,135,B
166,71,161,C
177,72,154,C
280,72,107,A
156,87,130,B
185,83,124,B
158,75,153,C
158,77,168,C
289,77,110,A
199,77,151,C
158,70,146,C
195,73,157,C
160,74,169,C
165,71,154,C
177,76,148,C
200,80,105,A
182,81,106,B
171,70,140,C
159,80,159,C
177,85,140,B
170,73,149,C
176,73,166,C
261,74,100,A
220,74,116,A
175,82,100,B
173,81,130,B
191,84,115,B
169,73,155,C
290,76,106,A
159,80,126,B
197,85,137,B
171,72,148,C
172,74,167,C
155,72,157,C
195,76,142,C
155,77,143,C
200,72,140,A
175,74,140,C
150,74,162,C
196,90,131,B
181,70,143,C
191,75,156,C
291,75,116,A
222,71,100,A
174,90,125,B
161,80,102,B
196,76,169,C
162,77,160,C
191,74,145,C
199,70,158,C
198,71,158,C
151,86,140,B
164,88,140,B
163,79,153,C
183,79,159,C
172,74,153,C
157,74,153,C
236,72,139,A
280,72,138,A
164,88,127,B
160,82,127,B
200,84,124,B
162,83,127,B
181,77,148,C
156,71,147,C
179,71,167,C
242,70,137,A
204,74,127,A
165,86,132,B
189,80,134,B
162,83,117,B
195,88,113,B
176,76,153,C
247,71,126,A
289,70,125,A
188,80,129,B
151,82,107,B
150,80,147,C
171,72,151,C
155,76,140,C
188,80,155,C
242,79,107,A
183,80,106,B
191,88,120,B
167,72,157,C
168,72,156,C
152,77,155,C
214,72,127,A
164,80,117,B
198,84,119,B
285,77,125,A
241,70,139,A
181,79,144,C
238,72,111,A
234,71,125,A
248,71,124,A
297,78,105,A
159,81,114,B
159,81,102,B
163,79,140,C
178,74,162,C
180,78,149,C
197,73,147,C
200,80,123,A
204,76,113,A
282,70,122,A
161,90,113,B
178,82,106,B
191,78,150,C
203,77,118,A
278,79,119,A
215,78,118,A
191,73,154,C
182,79,147,C
153,77,167,C
276,75,130,A
252,70,108,A
186,80,124,B
198,74,167,C
225,76,133,A
243,72,111,A
289,79,103,A
164,82,137,B
187,74,144,C
188,75,148,C
162,79,151,C
205,77,125,A
282,75,129,A
289,77,119,A
174,86,140,B
156,82,118,B
166,77,148,C
251,71,120,A
260,79,113,A
151,89,135,B
185,87,124,B
176,76,154,C
170,73,168,C
184,75,153,C
267,79,113,A
179,76,169,C
159,71,165,C
171,75,157,C
200,82,115,B
184,83,101,B
169,88,139,B
164,78,158,C
162,76,154,C
164,72,150,C
199,73,167,C
263,75,130,A
187,88,140,B
192,74,166,C
158,79,156,C
247,72,125,A
174,89,114,B
159,90,103,B
184,80,126,B
152,76,140,C
154,74,141,C
164,75,156,C
185,73,169,C
207,72,104,A
282,76,112,A
285,73,124,A
162,82,109,B
171,82,106,B
188,79,163,C
244,73,121,A
294,79,135,A
240,80,115,A
163,73,161,C
193,80,153,C
283,74,111,A
171,87,140,B
152,71,163,C
181,79,148,C
298,71,138,A
295,77,115,A
279,73,128,A
270,70,115,A
159,90,116,B
170,75,167,C
224,77,100,A
294,80,129,A
278,78,139,A
176,84,139,B
200,71,154,C
182,72,163,C
174,73,143,C
181,70,161,C
179,80,151,C
159,77,145,C
277,76,110,A
175,83,104,B
188,79,143,C
160,72,140,C
235,72,123,A
296,79,136,A
172,80,108,B
197,88,111,B
157,73,141,C
184,78,148,C
206,73,106,A
240,80,103,A
152,87,132,B
157,81,114,B
191,74,144,C
196,83,137,B
190,74,153,C
173,80,147,C
160,73,151,C
203,78,129,A
288,75,116,A
166,90,127,B
263,80,102,A
157,80,125,B
194,85,116,B
192,72,146,C
181,80,147,C
165,72,159,C
295,75,118,A
166,83,125,B
163,80,137,B
189,80,110,B
161,90,127,B
193,80,167,C
158,78,155,C
191,76,168,C
159,73,144,C
295,77,100,A
221,79,112,A
269,74,120,A
150,85,136,B
178,76,167,C
197,75,155,C
219,78,108,A
193,88,132,B
166,83,109,B
157,77,146,C
260,73,137,A
210,78,139,A
253,74,109,A
161,74,154,C
265,78,123,A
189,84,121,B
163,75,156,C
183,71,143,C
278,74,123,A
253,73,116,A
276,70,130,A
179,82,126,B
172,88,110,B
292,72,110,A
261,73,123,A
193,88,106,B
189,78,141,C
253,72,108,A
285,72,120,A
228,79,102,A
187,80,138,B
168,87,120,B
170,84,120,B
153,78,160,C
190,77,151,C
274,73,121,A
292,71,134,A
269,72,107,A
182,80,123,B
185,83,112,B
173,74,165,C
241,79,127,A
163,84,137,B
175,82,110,B
150,87,117,B
160,81,100,B
202,79,113,A
271,71,100,A
219,76,101,A
157,83,123,B
182,83,137,B
168,79,154,C
186,80,163,C
191,75,150,C
197,88,102,B
195,83,124,B
169,86,120,B
174,78,163,C
184,71,148,C
173,75,148,C
191,75,144,C
187,82,126,B
187,89,140,B
192,79,164,C
198,73,148,C
285,76,123,A
261,78,101,A
212,76,106,A
165,82,120,B
198,80,117,B
159,70,166,C
181,71,168,C
190,77,166,C
196,88,111,B
194,88,134,B
154,72,168,C
204,76,102,A
184,85,121,B
175,70,165,C
158,71,154,C
160,76,160,C
247,73,124,A
177,78,148,C
160,76,142,C
190,74,159,C
182,78,163,C
246,74,118,A
162,88,113,B
174,87,131,B
218,77,108,A
290,72,126,A
159,74,145,C
152,72,141,C
195,78,144,C
159,78,140,C
187,70,141,C
175,74,143,C
234,77,137,A
284,78,108,A
292,79,127,A
177,80,113,B
164,79,141,C
165,80,160,C
150,74,142,C
233,76,113,A
219,80,130,A
266,79,140,A
210,77,116,A
198,82,134,B
179,77,143,C
196,90,113,B
159,80,141,C
265,70,129,A
150,82,110,B
176,89,114,B
193,84,126,B
180,77,154,C
173,74,164,C
158,80,140,C
297,74,115,A
168,82,107,B
191,80,109,B
165,86,140,B
170,84,126,B
156,74,150,C
209,76,127,A
245,70,109,A
190,88,119,B
173,86,134,B
173,70,162,C
179,76,145,C
162,71,141,C
236,73,100,A
171,86,124,B
181,75,160,C
216,80,109,A
189,83,115,B
186,72,168,C
154,73,144,C
203,78,123,A
150,86,124,B
182,80,109,B
184,87,121,B
162,76,167,C
163,80,165,C
152,70,142,C
209,79,116,A
290,79,119,A
275,78,111,A
173,81,100,B
185,72,143,C
184,78,146,C
158,71,155,C
185,80,150,C
162,77,160,C
199,71,158,C
190,79,147,C
264,79,109,A
240,77,138,A
186,81,100,B
182,89,106,B
156,73,169,C
167,73,149,C
164,77,152,C
190,72,166,C
158,78,140,C
185,71,150,C
265,75,103,A
294,71,126,A
262,78,126,A
182,81,129,B
168,86,140,B
271,80,125,A
243,70,121,A
171,84,125,B
163,80,155,C
152,79,163,C
188,77,148,C
202,71,121,A
193,86,102,B
160,82,109,B
162,72,142,C
169,70,151,C
194,72,156,C
218,74,116,A
205,73,109,A
186,80,135,B
156,87,120,B
184,73,167,C
184,76,155,C
278,73,128,A
161,80,129,B
187,75,145,C
186,79,141,C
187,76,149,C
195,73,158,C
275,73,131,A
259,73,120,A
191,85,121,B
165,87,125,B
159,84,135,B
168,83,119,B
158,90,134,B
158,88,136,B
170,85,138,B
160,80,145,C
277,73,132,A
198,82,126,B
198,74,156,C
197,77,166,C
207,72,136,A
175,86,119,B
165,89,134,B
183,74,159,C
198,73,146,C
160,77,156,C
202,74,101,A
221,71,121,A
293,80,107,A
182,86,134,B
164,83,112,B
192,83,101,B
190,78,146,C
160,78,162,C
192,77,153,C
176,70,157,C
228,73,119,A
198,72,149,C
170,73,163,C
278,70,122,A
296,72,127,A
236,78,139,A
193,83,130,B
159,87,123,B
178,89,115,B
197,70,165,C
166,71,152,C
200,80,107,B
195,83,122,B
178,74,143,C
172,70,162,C
260,73,120,A
176,82,106,B
189,80,150,C
198,80,154,C
200,70,140,C
282,75,126,A
172,84,110,B
183,79,140,C
173,71,152,C
177,84,105,B
178,80,145,C
188,80,152,C
198,88,124,B
188,88,124,B
168,71,162,C
181,72,149,C
192,80,143,C
159,72,157,C
200,74,158,C
174,74,167,C
253,72,116,A
163,82,110,B
198,88,104,B
160,82,128,B
175,72,165,C
183,84,112,B
153,90,110,B
163,84,137,B
190,78,150,C
207,75,118,A
266,71,119,A
165,71,149,C
287,80,121,A
266,75,104,A
269,80,101,A
211,79,116,A
265,80,128,A
151,88,104,B
196,71,158,C
153,77,159,C
163,77,156,C
198,78,142,C
159,85,140,B
165,70,158,C
191,80,148,C
188,80,166,C
152,75,148,C
179,73,151,C
273,72,132,A
162,85,124,B
161,89,115,B
162,90,102,B
176,77,152,C
171,76,147,C
177,73,161,C
166,81,120,B
150,79,149,C
228,75,123,A
154,80,126,B
174,85,115,B
183,90,104,B
192,85,135,B
224,73,128,A
217,71,137,A
273,70,138,A
299,73,115,A
159,83,137,B
172,85,107,B
188,73,161,C
165,74,155,C
291,73,139,A
198,74,163,C
162,77,154,C
160,78,170,C
234,70,130,A
243,78,131,A
242,70,109,A
241,72,125,A
173,88,105,B
154,81,134,B
168,74,145,C
225,77,138,A
260,77,139,A
250,77,125,A
187,81,123,B
152,88,123,B
195,82,135,B
167,90,126,B
186,74,150,C
153,76,163,C
200,75,165,C
262,75,103,A
172,83,100,B
161,74,143,C
160,70,163,C
190,72,168,C
280,70,136,A
299,70,133,A
201,76,112,A
237,77,136,A
196,86,126,B
185,80,166,C
186,72,160,C
297,78,126,A
267,72,100,A
172,85,116,B
175,83,105,B
181,74,140,C
178,86,135,B
153,81,106,B
181,73,160,C
193,70,162,C
171,75,153,C
163,74,156,C
200,77,156,C
285,71,122,A
219,70,112,A
176,80,137,B
156,83,119,B
151,84,118,B
172,80,111,B
150,76,150,C
179,75,151,C
286,78,104,A
228,74,139,A
202,73,119,A
236,73,132,A
228,75,119,A
195,85,136,B
181,87,108,B
171,83,134,B
166,83,122,B
187,85,110,B
163,80,140,B
154,84,128,B
199,81,107,B
160,82,109,B
289,70,101,A
161,74,151,C
222,75,129,A
177,83,120,B
153,85,112,B
176,75,158,C
218,73,140,A
206,76,126,A
198,73,158,C
152,71,145,C
161,72,156,C
174,73,148,C
195,70,156,C
284,74,121,A
200,80,133,B
153,80,100,B
199,72,152,C
182,78,164,C
164,79,169,C
170,86,126,B
161,70,150,C
154,77,154,C
157,80,144,C
173,80,148,C
178,87,104,B
153,81,102,B
196,90,128,B
195,70,168,C
180,78,158,C
201,74,123,A
186,83,115,B
185,83,112,B
150,71,150,C
176,74,146,C
261,75,133,A
296,75,136,A
156,83,102,B
167,82,103,B
156,73,163,C
162,79,149,C
156,77,168,C
171,81,117,B
155,85,137,B
171,85,113,B
162,78,163,C
155,79,141,C
167,77,162,C
190,82,112,B
164,88,108,B
163,72,141,C
154,79,152,C
180,73,164,C
174,70,155,C
214,80,140,A
249,77,103,A
169,71,150,C
170,72,140,C
157,84,135,B
189,72,157,C
239,79,115,A
283,72,139,A
173,77,148,C
155,76,169,C
198,90,104,B
150,88,137,B
178,72,168,C
164,73,145,C
174,75,160,C
158,77,169,C
177,76,168,C
256,78,101,A
197,89,132,B
174,81,115,B
182,85,107,B
161,73,167,C
189,80,166,C
292,71,120,A
294,79,102,A
225,76,140,A
180,81,124,B
197,89,105,B
175,77,163,C
198,71,143,C
171,78,146,C
198,72,150,C
176,71,147,C
183,73,147,C
240,80,114,A
188,87,126,B
200,77,159,C
188,82,132,B
200,77,162,C
272,74,116,A
273,73,114,A
191,74,165,C
188,71,152,C
155,77,155,C
267,77,119,A
169,87,119,B
175,70,142,C
189,78,149,C
164,89,110,B
190,79,154,C
188,80,145,C
243,70,118,A
291,73,111,A
199,85,114,B
163,84,101,B
152,72,164,C
170,77,154,C
188,73,157,C
197,79,168,C
187,85,133,B
182,70,166,C
193,79,165,C
265,75,138,A
200,80,144,C
232,80,126,A
160,90,139,B
150,82,138,B
196,89,103,B
200,73,147,C
172,71,146,C
151,72,154,C
199,73,154,C
165,71,162,C
273,80,112,A
195,87,138,B
176,77,167,C
166,78,144,C
187,74,168,C
240,76,133,A
172,83,134,B
179,72,165,C
156,80,150,C
292,77,107,A
194,83,113,B
199,74,145,C
180,75,156,C
210,71,120,A
202,79,106,A
182,90,140,B
195,88,128,B
176,89,138,B
154,76,150,C
176,76,142,C
204,77,119,A
244,77,109,A
176,86,100,B
189,77,152,C
199,71,146,C
196,76,146,C
229,72,105,A
249,78,103,A
300,79,135,A
167,85,112,B
159,89,109,B
152,71,144,C
194,75,140,C
274,73,126,A
185,80,113,B
173,76,151,C
156,79,168,C
188,74,157,C
170,80,155,C
152,75,160,C
299,71,129,A
167,73,141,C
217,72,130,A
167,84,112,B
176,84,138,B
182,78,155,C
177,80,167,C
166,77,166,C
159,78,161,C
263,77,100,A
253,71,121,A
182,80,134,B
174,79,142,C
178,80,164,C
174,79,165,C
168,79,145,C
245,74,135,A
168,71,165,C
279,75,118,A
254,75,105,A
169,83,111,B
185,76,151,C
198,71,148,C
188,71,148,C
162,73,160,C
267,73,111,A
217,76,108,A
169,83,113,B
159,81,128,B
164,87,105,B
180,86,106,B
179,76,149,C
187,76,159,C
150,70,151,C
230,76,124,A
245,74,111,A
183,86,107,B
159,80,137,B
191,70,154,C
291,71,140,A
251,79,106,A
165,78,170,C
195,78,148,C
151,72,158,C
192,89,108,B
195,90,120,B
155,88,123,B
170,89,128,B
157,75,163,C
165,74,142,C
166,79,157,C
280,80,123,A
171,71,165,C
273,74,107,A
222,80,135,A
166,84,120,B
155,78,149,C
165,73,168,C
224,71,121,A
278,74,110,A
197,86,107,B
157,74,162,C
197,77,151,C
173,71,147,C
241,80,139,A
252,80,132,A
169,76,166,C
177,70,152,C
198,74,163,C
191,70,140,C
162,76,157,C
250,77,111,A
158,88,114,B
196,74,169,C
199,71,159,C
155,70,170,C
209,74,130,A
254,72,137,A
170,83,132,B
156,82,110,B
151,75,160,C
170,76,156,C
214,75,126,A
196,87,122,B
200,88,126,B
153,80,141,C
163,71,140,C
194,78,140,C
201,70,128,A
288,71,102,A
203,80,134,A
170,88,106,B
175,73,141,C
199,74,166,C
167,79,150,C
296,70,112,A
202,75,119,A
195,81,114,B
177,88,115,B
157,72,153,C
275,76,136,A
268,78,113,A
249,73,137,A
152,83,114,B
260,74,100,A
225,80,115,A
191,81,104,B
154,72,145,C
158,76,168,C
229,76,139,A
161,80,131,B
160,85,104,B
171,80,108,B
181,70,166,C
277,74,104,A
171,82,129,B
184,88,139,B
156,82,112,B
166,81,120,B
182,83,122,B
178,83,140,B
245,77,103,A
174,82,100,B
282,71,106,A
273,76,131,A
185,86,138,B
161,88,121,B
222,80,128,A
168,84,115,B
164,77,147,C
179,79,157,C
196,78,165,C
296,72,125,A
220,74,103,A
249,75,112,A
159,78,164,C
190,78,163,C
182,72,170,C
197,70,163,C
176,71,146,C
236,80,113,A
196,83,112,B
181,82,113,B
164,81,136,B
167,70,149,C
158,73,166,C
300,76,135,A
194,89,139,B
162,80,117,B
163,72,159,C
153,76,168,C
169,75,158,C
166,70,161,C
194,73,140,C
202,71,126,A
210,75,126,A
187,81,133,B
193,85,131,B
181,72,141,C
169,80,169,C
297,78,137,A
154,82,110,B
154,83,121,B
192,80,147,C
169,80,151,C
160,71,148,C
201,71,139,A
229,76,106,A
236,74,137,A
300,78,121,A
196,87,128,B
199,81,100,B
178,86,140,B
157,88,124,B
196,70,146,C
154,71,162,C
158,85,114,B
153,83,100,B
159,78,164,C
165,72,165,C
167,70,159,C
191,78,168,C
155,85,116,B
190,90,122,B
194,83,100,B
181,78,144,C
200,73,150,C
233,75,111,A
169,70,147,C
200,77,156,C
289,79,102,A
185,89,128,B
157,87,135,B
188,83,101,B
183,71,168,C
195,77,153,C
187,72,150,C
150,80,113,B
194,85,105,B
200,76,159,C
196,77,141,C
219,70,111,A
285,72,138,A
163,88,101,B
178,90,139,B
196,85,122,B
170,84,122,B
196,73,162,C
163,71,144,C
172,76,170,C
176,78,157,C
223,78,107,A
256,80,101,A
296,73,121,A
152,86,140,B
174,89,133,B
183,83,114,B
191,71,151,C
185,73,160,C
179,70,142,C
227,73,105,A
159,82,106,B
180,89,101,B
185,79,164,C
200,77,159,C
179,70,155,C
278,78,100,A
247,76,107,A
169,85,126,B
157,70,164,C
197,71,160,C
183,71,161,C
178,73,165,C
176,70,163,C
274,71,106,A
186,80,103,B
198,81,140,B
187,86,131,B
155,70,163,C
190,75,169,C
150,70,169,C
252,73,112,A
190,73,145,C
291,77,108,A
154,90,138,B
192,74,147,C
218,74,120,A
232,71,138,A
188,89,112,B
171,73,157,C
190,72,154,C
275,70,122,A
264,74,121,A
186,74,165,C
196,74,170,C
271,70,138,A
152,87,112,B
187,76,140,C
221,76,124,A
241,73,124,A
161,82,136,B
154,80,112,B
170,90,118,B
189,89,123,B
175,78,140,C
185,79,165,C
260,76,137,A
232,78,107,A
164,87,112,B
152,89,137,B
175,84,126,B
155,86,140,B
155,76,151,C
199,73,143,C
163,79,157,C
165,77,166,C
197,75,151,C
214,78,134,A
296,77,120,A
254,79,102,A
158,83,108,B
187,84,110,B
165,74,158,C
281,80,137,A
264,71,118,A
165,80,105,B
200,77,148,C
197,72,163,C
233,78,139,A
187,83,107,B
158,73,155,C
158,88,136,B
188,83,113,B
200,80,119,B
160,73,170,C
170,80,169,C
155,72,166,C
180,76,143,C
289,79,116,A
178,74,144,C
199,78,165,C
179,79,140,C
298,72,114,A
165,80,121,B
188,81,117,B
172,85,123,B
163,71,167,C
289,73,122,A
233,77,117,A
239,73,105,A
177,86,103,B
159,85,132,B
173,85,107,B
195,80,160,C
163,70,151,C
183,85,133,B
165,73,147,C
166,80,157,C
296,80,136,A
298,79,102,A
219,72,122,A
157,73,170,C
163,74,142,C
160,72,166,C
186,70,164,C
237,80,120,A
204,71,122,A
212,74,133,A
193,80,128,B
165,70,162,C
182,75,159,C
178,77,147,C
184,77,153,C
262,75,108,A
162,71,141,C
188,78,156,C
253,74,121,A
192,88,133,B
169,86,128,B
297,80,105,A
212,78,100,A
269,80,126,A
164,84,112,B
188,89,115,B
171,90,110,B
199,85,122,B
173,72,149,C
164,79,153,C
253,74,117,A
196,74,162,C
177,73,167,C
175,75,164,C
173,78,164,C
270,71,126,A
200,81,104,B
182,87,101,B
172,80,147,C
173,89,122,B
168,88,110,B
180,81,116,B
225,77,124,A
256,71,120,A
232,77,136,A
189,71,161,C
169,70,141,C
184,72,152,C
241,79,131,A
183,90,103,B
161,78,156,C
156,73,146,C
193,81,104,B
235,77,134,A
165,80,147,C
183,80,162,C
239,78,111,A
197,72,165,C
228,71,109,A
278,71,132,A
261,80,140,A
166,81,135,B
197,87,131,B
180,83,104,B
192,76,161,C
179,77,170,C
226,80,123,A
201,71,102,A
193,88,110,B
151,87,103,B
160,73,148,C
192,78,144,C
166,70,160,C
260,78,106,A
166,80,130,B
168,75,162,C
163,90,116,B
151,74,163,C
199,80,137,B
197,70,169,C
172,72,143,C
151,73,157,C
284,80,111,A
178,72,142,C
187,74,154,C
254,78,140,A
175,74,169,C
175,74,155,C
299,75,131,A
189,88,116,B
168,72,147,C
155,71,156,C
150,81,130,B
170,84,134,B
196,85,118,B
169,71,144,C
178,71,163,C
298,76,100,A
162,83,137,B
175,84,125,B
168,74,163,C
176,79,153,C
184,74,167,C
180,75,160,C
182,76,155,C
163,77,162,C
264,71,103,A
213,73,115,A
162,88,108,B
183,72,163,C
158,71,152,C
172,82,128,B
182,82,133,B
178,74,150,C
183,80,152,C
175,86,121,B
182,77,144,C
176,80,152,C
196,72,152,C
195,76,168,C
185,73,166,C
243,72,130,A
243,73,110,A
193,85,105,B
158,89,119,B
170,76,158,C
184,74,150,C
183,84,123,B
150,85,113,B
171,71,165,C
295,78,108,A
184,89,139,B
168,88,131,B
173,88,140,B
193,78,168,C
195,77,142,C
186,75,164,C
220,70,132,A
198,90,135,B
190,83,138,B
174,73,151,C
152,81,102,B
160,75,154,C
187,77,157,C
174,78,162,C
187,90,114,B
156,90,110,B
195,87,126,B
157,73,150,C
227,79,101,A
159,83,138,B
151,87,133,B
154,84,108,B
199,82,124,B
171,74,150,C
244,74,135,A
220,80,110,A
189,81,118,B
153,80,132,B
169,74,168,C
168,76,155,C
169,74,160,C
187,75,145,C
243,79,110,A
200,77,140,C
159,80,143,C
264,78,123,A
207,76,126,A
228,72,103,A
192,88,122,B
181,72,144,C
153,75,152,C
155,86,140,B
178,83,123,B
253,73,137,A
227,78,131,A
163,89,138,B
188,84,136,B
156,86,123,B
167,78,140,C
180,74,157,C
157,78,149,C
158,78,150,C
162,75,159,C
272,77,120,A
257,76,138,A
175,90,106,B
155,77,168,C
198,76,158,C
155,75,142,C
194,77,141,C
242,79,113,A
282,72,135,A
187,80,113,B
176,73,142,C
273,80,119,A
235,80,127,A
263,76,118,A
214,77,135,A
181,81,129,B
153,88,113,B
189,80,131,B
157,73,161,C
186,76,167,C
174,74,160,C
171,90,100,B
184,77,157,C
163,77,141,C
228,77,103,A
232,73,115,A
165,88,119,B
178,80,138,B
151,89,119,B
154,76,169,C
174,73,144,C
209,70,110,A
236,78,130,A
239,75,131,A
195,80,162,C
192,76,161,C
285,80,110,A
195,89,139,B
175,75,164,C
174,72,157,C
243,74,116,A
263,80,127,A
156,85,105,B
169,74,166,C
157,76,157,C
204,79,135,A
190,80,106,B
162,88,107,B
171,71,157,C
194,79,157,C
285,79,100,A
213,73,117,A
176,81,116,B
175,74,165,C
157,70,160,C
181,77,169,C
180,79,150,C
274,70,118,A
184,89,116,B
178,83,116,B
188,80,119,B
173,75,162,C
215,78,105,A
223,77,135,A
288,77,121,A
168,88,126,B
161,81,111,B
182,89,103,B
198,80,167,C
187,79,168,C
288,77,118,A
195,89,113,B
155,90,133,B
167,83,138,B
170,73,162,C
281,75,122,A
235,72,132,A
166,81,132,B
153,78,148,C
209,72,106,A
244,76,118,A
184,70,145,C
178,74,140,C
297,74,110,A
280,79,126,A
158,86,122,B
175,70,151,C
279,77,128,A
214,79,104,A
279,76,100,A
201,78,107,A
182,79,140,C
171,70,156,C
244,72,128,A
151,88,115,B
150,82,123,B
152,80,137,B
189,74,169,C
195,75,167,C
220,75,125,A
176,86,129,B
195,80,138,B
170,89,129,B
187,77,154,C
179,74,167,C
194,80,140,C
262,79,133,A
162,81,106,B
152,88,119,B
176,80,140,B
177,71,156,C
179,70,161,C
150,70,149,C
193,72,168,C
175,80,157,C
158,80,123,B
151,85,114,B
153,79,165,C
154,78,150,C
196,70,159,C
186,75,149,C
150,70,151,C
299,72,105,A
216,72,102,A
180,84,105,B
173,74,145,C
182,79,143,C
178,79,152,C
171,73,145,C
215,76,127,A
195,75,166,C
196,77,154,C
197,70,160,C
242,77,107,A
247,73,137,A
190,82,129,B
152,70,161,C
174,73,168,C
188,71,146,C
169,76,148,C
162,75,144,C
202,77,112,A
257,75,123,A
153,82,126,B
150,76,156,C
254,80,124,A
165,79,167,C
152,74,153,C
189,71,152,C
174,80,150,C
231,72,106,A
168,88,140,B
162,76,166,C
171,74,160,C
154,75,160,C
296,78,117,A
294,71,109,A
192,90,126,B
167,80,105,B
151,85,135,B
180,78,162,C
187,75,168,C
275,79,134,A
297,74,132,A
179,75,150,C
150,86,114,B
173,88,114,B
181,80,160,C
187,80,164,C
173,78,160,C
185,70,169,C
174,79,162,C
175,73,158,C
197,70,148,C
196,71,151,C
231,74,133,A
152,82,107,B
191,79,144,C
182,74,150,C
200,70,109,A
185,80,129,B
179,70,157,C
178,76,170,C
171,80,149,C
151,71,157,C
210,79,136,A
288,70,135,A
233,80,116,A
150,84,117,B
156,81,115,B
179,82,102,B
187,75,161,C
239,77,127,A
274,71,127,A
300,75,114,A
197,72,146,C
168,70,143,C
254,74,118,A
200,82,114,B
156,88,109,B
180,76,157,C
179,77,156,C
188,76,168,C
152,80,148,C
179,80,168,C
248,70,137,A
277,78,127,A
299,75,135,A
155,83,131,B
194,75,157,C
154,86,115,B
238,76,115,A
160,78,148,C
168,88,110,B
169,74,163,C
281,77,129,A
172,85,112,B
183,90,130,B
153,72,144,C
179,73,170,C
172,72,163,C
152,77,146,C
155,74,162,C
186,72,140,C
165,71,142,C
189,77,152,C
165,78,150,C
257,78,113,A
269,77,100,A
194,75,145,C
228,76,115,A
191,81,102,B
183,89,112,B
168,80,143,C
193,77,158,C
178,73,156,C
159,90,103,B
189,81,104,B
170,86,138,B
159,80,159,C
250,77,108,A
268,71,100,A
163,87,134,B
167,75,140,C
297,71,107,A
158,88,127,B
175,70,142,C
169,74,143,C
177,77,149,C
206,73,133,A
201,70,108,A
181,90,107,B
194,70,168,C
170,77,167,C
191,80,164,C
298,79,121,A
180,76,155,C
158,76,142,C
215,71,131,A
182,82,100,B
169,89,127,B
151,89,127,B
183,80,168,C
160,75,150,C
155,75,154,C
275,79,138,A
153,74,161,C
165,76,159,C
248,78,117,A
151,86,138,B
175,80,154,C
160,75,145,C
160,87,115,B
171,70,168,C
173,78,147,C
274,79,136,A
203,72,133,A
186,80,138,B
196,77,168,C
156,78,160,C
181,71,165,C
240,78,135,A
161,83,138,B
248,77,138,A
216,76,115,A
230,71,133,A
191,78,151,C
175,82,113,B
182,86,136,B
173,90,137,B
153,77,154,C
153,70,141,C
178,77,142,C
280,77,127,A
159,81,126,B
169,90,106,B
199,85,115,B
198,88,135,B
172,80,155,C
198,80,141,C
181,83,129,B
198,70,166,C
160,70,158,C
171,79,151,C
192,76,151,C
280,72,129,A
213,70,116,A
218,73,140,A
251,77,130,A
154,85,103,B
260,70,101,A
193,84,117,B
155,84,109,B
173,88,113,B
158,73,144,C
286,73,112,A
267,71,134,A
165,81,125,B
171,73,167,C
179,75,170,C
167,79,142,C
172,70,162,C
193,86,111,B
159,78,149,C
166,79,169,C
165,76,141,C
155,73,141,C
152,78,156,C
218,76,119,A
250,70,122,A
254,74,114,A
188,75,170,C
183,79,155,C
232,80,125,A
183,82,110,B
192,84,116,B
165,71,168,C
184,75,143,C
235,77,127,A
224,75,114,A
271,72,105,A
157,80,155,C
170,73,146,C
215,78,117,A
247,76,137,A
182,88,109,B
198,82,135,B
197,71,161,C
186,73,141,C
185,71,154,C
211,72,119,A
292,80,135,A
152,80,100,B
176,70,141,C
277,75,119,A
169,88,124,B
170,89,113,B
163,72,151,C
166,78,152,C
153,78,147,C
176,72,140,C
199,80,118,B
172,83,125,B
171,73,144,C
195,78,169,C
200,70,141,C
234,79,112,A
163,86,101,B
192,72,168,C
153,80,141,C
197,70,162,C
192,75,151,C
195,80,144,C
219,77,129,A
281,74,124,A
247,73,106,A
187,81,109,B
171,88,111,B
199,74,148,C
189,73,160,C
159,88,136,B
195,84,108,B
170,77,146,C
178,77,150,C
161,80,146,C
155,78,154,C
167,70,148,C
188,80,160,C
177,79,168,C
196,77,166,C
206,77,103,A
170,90,116,B
194,75,144,C
153,76,144,C
185,72,147,C
150,90,122,B
154,79,142,C
282,78,125,A
211,75,106,A
152,86,116,B
167,85,123,B
187,79,157,C
179,80,144,C
158,79,157,C
194,73,165,C
166,76,144,C
187,83,124,B
152,86,132,B
181,80,106,B
186,82,113,B
187,80,170,C
169,74,162,C
171,75,154,C
193,78,142,C
298,77,130,A
194,86,139,B
172,81,108,B
195,81,122,B
169,73,158,C
163,73,157,C
175,75,146,C
214,77,135,A
158,80,124,B
159,80,146,C
199,71,162,C
221,75,115,A
287,71,115,A
187,83,107,B
178,80,152,C
187,70,143,C
176,76,169,C
236,77,117,A
238,73,122,A
253,73,136,A
194,90,129,B
187,76,141,C
167,72,148,C
177,75,144,C
162,80,145,C
162,71,150,C
233,70,132,A
230,73,138,A
151,86,115,B
190,73,140,C
212,78,121,A
169,81,126,B
199,80,101,B
180,82,113,B
155,71,154,C
225,74,116,A
210,72,138,A
185,84,132,B
166,84,135,B
152,85,113,B
188,85,125,B
165,70,170,C
254,70,139,A
298,79,122,A
186,80,133,B
174,78,165,C
172,70,141,C
239,74,139,A
258,71,127,A
293,77,138,A
248,71,104,A
182,83,114,B
187,76,168,C
207,79,117,A
242,70,107,A
280,80,116,A
276,77,140,A
182,88,135,B
175,78,155,C
248,75,124,A
158,79,167,C
291,72,129,A
188,90,136,B
151,81,133,B
194,70,160,C
182,73,167,C
280,78,122,A
296,73,100,A
150,73,142,C
191,75,148,C
185,72,163,C
184,74,155,C
221,77,126,A
245,75,133,A
233,72,118,A
170,86,135,B
190,76,143,C
201,79,102,A
202,74,104,A
178,81,130,B
172,89,122,B
157,77,157,C
181,78,152,C
255,70,114,A
225,70,134,A
200,72,168,C
199,74,161,C
178,76,143,C
211,70,135,A
196,83,127,B
174,75,155,C
198,74,156,C
276,80,139,A
297,73,100,A
257,74,108,A
262,70,113,A
179,72,153,C
165,72,140,C
270,70,116,A
220,72,118,A
280,71,104,A
206,78,106,A
200,86,128,B
171,87,120,B
167,83,128,B
170,79,140,C
256,80,120,A
178,76,157,C
158,71,148,C
213,76,109,A
186,85,101,B
190,78,150,C
186,76,166,C
262,77,114,A
300,79,134,A
187,89,135,B
195,80,144,C
178,71,150,C
155,72,162,C
157,86,108,B
177,88,122,B
174,72,161,C
154,70,158,C
157,75,155,C
179,83,101,B
157,86,139,B
183,80,153,C
192,74,144,C
151,71,155,C
153,76,168,C
177,75,169,C
166,74,164,C
261,75,112,A
164,86,120,B
171,89,135,B
178,89,129,B
180,86,140,B
155,87,133,B
180,74,153,C
176,78,155,C
184,75,160,C
158,79,159,C
199,74,165,C
192,75,164,C
233,70,106,A
275,73,100,A
211,71,115,A
154,88,119,B
193,73,156,C
173,72,159,C
192,75,143,C
217,79,133,A
160,71,160,C
256,76,140,A
245,70,115,A
221,73,100,A
296,75,140,A
196,76,146,C
159,70,142,C
177,90,132,B
158,88,111,B
180,79,162,C
231,73,138,A
150,90,135,B
150,88,117,B
181,81,137,B
165,72,148,C
186,73,154,C
192,74,158,C
189,80,145,C
279,70,105,A
273,74,111,A
166,85,126,B
170,88,111,B
196,80,111,B
192,80,161,C
191,74,141,C
177,72,156,C
287,77,123,A
235,73,128,A
171,82,119,B
175,74,161,C
187,73,142,C
164,78,157,C
193,75,142,C
171,81,106,B
178,81,140,B
196,84,101,B
180,75,148,C
166,78,143,C
152,70,162,C
280,71,112,A
189,74,142,C
179,79,152,C
165,75,155,C
197,74,157,C
290,72,104,A
272,80,130,A
196,84,116,B
152,81,125,B
174,73,160,C
267,73,135,A
236,72,109,A
195,76,142,C
283,74,126,A
162,87,109,B
170,82,108,B
178,83,108,B
195,82,120,B
151,87,116,B
193,74,148,C
181,72,151,C
195,88,106,B
176,86,133,B
173,83,137,B
150,89,138,B
153,71,158,C
193,77,156,C
176,79,168,C
154,72,158,C
281,79,101,A
150,80,150,C
206,74,119,A
273,72,119,A
200,84,132,B
153,88,131,B
150,87,121,B
194,88,104,B
188,76,144,C
184,85,128,B
190,82,136,B
189,90,133,B
192,90,114,B
165,84,106,B
175,79,158,C
165,74,146,C
178,77,165,C
187,71,155,C
212,72,127,A
185,76,165,C
187,73,150,C
168,76,162,C
189,73,162,C
181,80,138,B
167,72,147,C
193,78,168,C
152,70,164,C
189,80,151,C
185,79,155,C
193,82,127,B
170,90,120,B
183,85,132,B
171,78,142,C
167,80,147,C
169,74,160,C
164,78,142,C
150,74,152,C
239,74,109,A
233,78,117,A
184,73,154,C
162,79,154,C
201,70,138,A
294,73,116,A
268,80,127,A
163,85,139,B
176,86,119,B
190,77,161,C
151,73,144,C
298,80,137,A
231,79,139,A
156,87,137,B
152,88,101,B
170,89,120,B
156,86,103,B
166,77,160,C
193,80,161,C
296,76,101,A
151,82,125,B
181,89,119,B
234,72,134,A
284,73,100,A
165,80,116,B
169,81,131,B
169,73,158,C
183,73,145,C
178,80,154,C
177,78,151,C
178,73,156,C
299,79,130,A
237,78,103,A
234,78,108,A
275,75,113,A
155,72,140,C
160,71,142,C
168,75,162,C
217,78,132,A
179,80,157,C
187,77,151,C
286,76,133,A
176,83,108,B
174,80,140,C
176,74,158,C
179,75,163,C
165,79,163,C
284,78,128,A
227,71,100,A
202,80,124,A
260,70,114,A
183,82,104,B
175,74,162,C
224,74,102,A
164,88,119,B
174,74,170,C
184,71,147,C
160,76,169,C
155,71,161,C
189,79,167,C
170,88,127,B
160,82,108,B
153,82,133,B
231,70,135,A
179,80,168,C
193,74,150,C
218,79,103,A
266,72,101,A
191,82,140,B
157,87,136,B
178,90,103,B
176,85,106,B
160,78,157,C
296,74,101,A
237,74,105,A
185,82,107,B
151,70,164,C
168,74,165,C
292,75,122,A
233,72,109,A
199,89,132,B
170,89,120,B
209,78,118,A
237,75,139,A
212,70,132,A
179,75,151,C
275,72,107,A
196,88,137,B
187,77,165,C
158,75,162,C
160,72,144,C
169,76,166,C
247,70,118,A
157,85,137,B
184,78,163,C
272,77,139,A
233,80,103,A
160,88,110,B
158,72,158,C
159,77,141,C
177,70,150,C
170,73,144,C
219,80,128,A
163,87,115,B
191,89,117,B
166,85,120,B
200,88,123,B
200,76,116,A
240,78,137,A
238,73,119,A
245,74,106,A
172,81,118,B
155,88,123,B
151,81,100,B
155,78,141,C
177,79,151,C
272,70,102,A
198,80,100,B
184,70,147,C
191,80,141,C
175,79,159,C
292,76,106,A
284,71,138,A
160,76,154,C
173,77,153,C
291,71,127,A
212,77,119,A
189,73,155,C
197,78,142,C
245,77,109,A
297,73,127,A
172,80,122,B
174,73,149,C
290,75,134,A
183,89,111,B
181,82,139,B
164,79,141,C
179,72,148,C
189,79,142,C
161,70,170,C
195,71,162,C
248,76,133,A
200,84,128,B
190,76,146,C
174,77,154,C
187,73,149,C
173,76,142,C
163,72,140,C
179,80,141,C
276,70,125,A
275,71,132,A
177,86,118,B
172,79,156,C
177,70,142,C
182,82,133,B
173,77,159,C
154,76,152,C
172,80,142,C
234,80,107,A
177,81,111,B
195,86,107,B
177,88,118,B
289,77,124,A
298,79,139,A
182,84,138,B
152,86,127,B
153,77,166,C
221,73,102,A
187,85,133,B
187,83,115,B
165,81,114,B
168,78,160,C
180,80,154,C
173,78,164,C
174,76,159,C
228,74,129,A
269,73,110,A
168,86,120,B
180,86,116,B
196,86,110,B
200,80,170,C
163,73,149,C
188,78,163,C
247,76,128,A
253,80,140,A
260,77,132,A
157,80,119,B
156,85,122,B
174,79,145,C
193,82,137,B
156,88,132,B
176,77,144,C
192,79,152,C
173,80,114,B
193,79,170,C
204,76,137,A
286,74,130,A
157,84,137,B
187,84,139,B
175,84,109,B
156,90,114,B
162,75,156,C
178,70,163,C
257,79,126,A
238,78,118,A
287,73,129,A
164,80,142,C
193,76,169,C
169,72,151,C
231,80,105,A
218,71,124,A
179,81,127,B
168,90,116,B
155,84,129,B
186,81,129,B
150,75,145,C
251,75,133,A
210,76,108,A
173,90,104,B
202,78,138,A
218,76,113,A
255,75,106,A
159,85,135,B
194,75,158,C
175,79,149,C
155,79,143,C
160,76,147,C
188,70,154,C
184,70,142,C
210,75,126,A
162,84,124,B
196,83,116,B
168,86,130,B
165,71,142,C
203,76,133,A
248,71,113,A
212,72,138,A
289,73,114,A
257,80,131,A
154,80,161,C
187,77,142,C
212,73,132,A
284,73,104,A
172,80,100,B
184,81,130,B
168,82,107,B
188,70,156,C
186,76,155,C
224,78,115,A
208,74,122,A
273,73,120,A
223,72,112,A
193,90,130,B
178,77,140,C
267,80,103,A
262,72,121,A
205,71,135,A
153,85,121,B
161,82,123,B
175,86,126,B
188,86,131,B
151,80,149,C
161,71,144,C
174,74,156,C
198,72,161,C
191,71,158,C
192,77,149,C
200,75,159,C
168,70,151,C
170,80,170,C
212,77,106,A
288,79,121,A
179,89,106,B
190,79,143,C
150,70,168,C
173,77,167,C
275,70,139,A
174,87,136,B
186,87,131,B
195,89,123,B
168,70,151,C
191,72,156,C
163,80,146,C
270,73,130,A
286,71,137,A
258,74,109,A
158,83,129,B
190,86,109,B
172,71,163,C
150,72,166,C
197,72,150,C
284,75,135,A
199,80,122,B
186,87,135,B
190,80,158,C
170,76,146,C
296,74,117,A
151,71,164,C
186,74,153,C
178,80,140,B
180,72,159,C
184,72,163,C
152,79,148,C
169,71,144,C
161,72,143,C
158,73,153,C
165,86,111,B
196,86,113,B
173,83,115,B
192,73,162,C
197,74,161,C
195,75,161,C
200,74,149,C
178,90,106,B
169,90,121,B
175,77,145,C
191,71,158,C
200,77,170,C
158,83,110,B
200,89,120,B
177,70,166,C
151,72,168,C
213,77,112,A
286,78,137,A
210,80,113,A
286,80,104,A
184,84,104,B
156,83,107,B
161,74,146,C
246,75,127,A
176,86,133,B
193,80,144,C
151,80,136,B
164,74,163,C
188,75,148,C
198,80,149,C
299,79,102,A
229,77,100,A
249,77,133,A
167,89,105,B
200,87,121,B
163,85,122,B
154,78,162,C
184,74,167,C
159,78,141,C
235,80,118,A
189,83,120,B
195,77,150,C
185,71,170,C
165,78,169,C
252,73,132,A
260,79,133,A
162,71,170,C
298,74,132,A
300,77,100,A
226,71,120,A
169,82,117,B
167,81,115,B
190,78,164,C
163,79,159,C
267,75,123,A
175,87,105,B
159,70,157,C
283,76,103,A
271,80,115,A
185,86,138,B
190,87,105,B
181,78,168,C
257,80,122,A
176,83,135,B
198,89,104,B
175,85,119,B
185,89,119,B
179,80,143,C
151,74,170,C
155,88,140,B
162,82,125,B
174,89,121,B
191,80,140,B
196,71,166,C
151,76,162,C
169,79,161,C
183,71,145,C
251,74,127,A
263,78,114,A
226,71,127,A
297,72,137,A
184,85,126,B
152,79,160,C
199,78,166,C
171,76,142,C
298,70,114,A
254,79,105,A
288,77,101,A
195,86,109,B
151,74,145,C
153,71,150,C
199,72,153,C
161,74,146,C
174,80,158,C
201,77,100,A
156,87,132,B
191,79,170,C
198,76,145,C
151,79,144,C
196,75,149,C
212,75,107,A
205,76,105,A
175,83,138,B
187,76,160,C
171,74,168,C
182,77,164,C
198,74,144,C
150,76,164,C
259,75,112,A
229,78,119,A
151,86,135,B
156,80,154,C
181,77,155,C
265,71,104,A
217,76,108,A
279,76,137,A
213,79,125,A
248,73,134,A
277,70,122,A
275,78,140,A
230,78,126,A
201,77,112,A
182,83,114,B
176,86,100,B
179,79,141,C
161,80,126,B
198,78,155,C
195,74,154,C
161,71,146,C
194,71,146,C
167,70,166,C
199,88,133,B
153,78,164,C
155,78,162,C
195,77,141,C
166,72,143,C
271,74,112,A
181,71,153,C
195,74,165,C
200,75,170,C
154,76,160,C
242,71,138,A
275,75,112,A
158,81,131,B
197,85,125,B
176,80,146,C
180,75,166,C
285,74,138,A
158,88,104,B
180,80,126,B
166,90,124,B
156,89,120,B
159,89,138,B
152,82,119,B
189,72,161,C
171,70,147,C
177,78,149,C
236,75,132,A
292,72,136,A
157,89,104,B
224,80,103,A
277,76,110,A
213,70,125,A
155,84,136,B
174,85,100,B
184,78,160,C
158,74,157,C
182,79,155,C
192,78,161,C
170,75,142,C
248,79,130,A
263,71,109,A
167,80,105,B
196,80,169,C
166,74,152,C
293,75,139,A
222,71,131,A
173,87,119,B
182,74,142,C
254,70,110,A
291,76,137,A
171,90,121,B
188,79,157,C
160,70,163,C
208,78,127,A
283,77,106,A
179,82,122,B
152,73,143,C
157,77,167,C
170,71,161,C
163,74,158,C
170,78,153,C
249,75,115,A
246,73,138,A
186,81,133,B
250,74,126,A
217,73,124,A
184,83,115,B
165,89,131,B
166,70,157,C
186,80,145,C
189,80,155,C
199,74,157,C
179,88,105,B
166,73,159,C
183,75,146,C
191,78,147,C
178,76,151,C
262,79,130,A
224,80,123,A
267,70,126,A
165,86,131,B
194,73,168,C
162,80,157,C
257,72,111,A
265,74,136,A
195,90,116,B
153,81,100,B
166,72,165,C
152,78,144,C
157,79,156,C
173,89,134,B
195,84,107,B
160,77,154,C
183,70,164,C
181,71,168,C
190,90,108,B
176,70,151,C
276,72,107,A
243,79,114,A
197,88,131,B
162,71,146,C
245,74,130,A
185,81,109,B
153,84,105,B
166,82,102,B
185,88,120,B
164,70,167,C
180,73,162,C
190,73,161,C
219,76,114,A
268,77,118,A
155,86,140,B
155,83,140,B
170,70,155,C
163,78,164,C
151,83,116,B
186,75,166,C
181,74,162,C
220,73,115,A
156,85,132,B
189,78,165,C
160,80,104,B
191,81,130,B
214,75,122,A
258,71,118,A
194,80,103,B
197,72,144,C
171,73,141,C
166,73,167,C
170,79,161,C
210,79,140,A
287,78,133,A
218,76,140,A
290,75,137,A
162,84,120,B
194,83,138,B
157,86,114,B
299,70,104,A
167,88,134,B
153,90,128,B
181,82,110,B
182,70,145,C
223,71,105,A
217,71,110,A
181,88,140,B
158,80,135,B
187,78,164,C
183,72,164,C
185,74,169,C
171,70,165,C
238,72,109,A
290,70,117,A
175,90,130,B
196,87,131,B
174,78,164,C
163,71,168,C
162,77,159,C
155,72,146,C
197,79,154,C
174,75,166,C
196,80,167,C
193,78,153,C
156,79,125,D
175,77,121,D
181,73,128,D
200,80,134,D
177,71,136,D
170,77,127,D
178,76,129,D
183,80,123,D
191,77,121,D
175,71,140,D
162,71,124,D
179,79,136,D
167,71,133,D
178,74,127,D
167,80,126,D
191,78,121,D
188,71,135,D
168,75,127,D
161,70,139,D
152,75,140,D
193,72,132,D
175,76,136,D
183,72,130,D
193,80,121,D
153,72,140,D
189,75,139,D
190,73,123,D
192,75,126,D
154,80,130,D
179,76,129,D
159,73,130,D
156,74,134,D
177,79,121,D
197,71,123,D
168,78,139,D
196,79,126,D
197,71,126,D
178,79,123,D
151,72,132,D
167,71,125,D
155,77,135,D
152,70,121,D
177,78,137,D
193,74,137,D
158,73,135,D
172,79,132,D
168,78,123,D
151,74,121,D
176,80,133,D
178,70,140,D
182,72,121,D
152,76,133,D
161,70,135,D
154,78,126,D
172,75,140,D
165,73,134,D
177,70,138,D
159,71,136,D
190,78,123,D
159,75,134,D
191,76,130,D
179,76,140,D
196,78,139,D
163,73,126,D
198,70,140,D
150,74,140,D
157,79,122,D
172,70,138,D
182,72,133,D
193,74,128,D
193,70,134,D
163,80,121,D
152,77,121,D
177,70,133,D
161,79,124,D
167,78,127,D
188,70,120,D
195,71,126,D
155,79,140,D
164,75,139,D
178,73,131,D
187,79,126,D
151,70,140,D
163,79,132,D
157,75,138,D
182,73,123,D
193,77,120,D
166,80,132,D
189,76,140,D
172,73,127,D
190,79,135,D
179,71,128,D
199,77,135,D
196,76,126,D
178,72,121,D
184,74,137,D
183,76,128,D
164,80,123,D
156,72,124,D
189,73,128,D
198,75,136,D
179,72,135,D
197,72,139,D
190,78,132,D
157,76,135,D
182,72,131,D
186,74,131,D
165,75,139,D
173,70,130,D
200,78,130,D
153,70,131,D
187,77,121,D
189,79,127,D
182,70,129,D
180,79,122,D
175,80,123,D
200,70,130,D
170,70,139,D
165,72,131,D
162,74,124,D
189,79,132,D
200,74,137,D
162,74,134,D
182,72,136,D
192,70,136,D
179,77,120,D
178,76,140,D
156,78,130,D
168,76,122,D
186,77,134,D
184,79,123,D
171,73,138,D
163,76,126,D
158,72,122,D
152,70,120,D
189,71,140,D
163,78,133,D
174,72,124,D
167,75,135,D
172,73,138,D
175,78,131,D
183,79,136,D
150,73,138,D
197,77,130,D
161,79,132,D
184,78,127,D
165,80,126,D
154,70,129,D
200,78,132,D
186,70,129,D
153,74,136,D
189,77,127,D
165,71,135,D
162,73,133,D
155,72,134,D
194,70,122,D
192,76,130,D
154,78,132,D
154,72,133,D
172,77,136,D
174,75,126,D
168,70,129,D
181,80,138,D
158,75,125,D
161,70,135,D
180,70,139,D
195,76,139,D
172,74,140,D
159,80,133,D
152,80,125,D
180,73,132,D
171,75,138,D
178,76,120,D
200,77,133,D
152,78,137,D
165,72,133,D
189,80,136,D
175,78,132,D
153,73,122,D
181,74,125,D
177,73,130,D
159,79,130,D
177,74,140,D
154,72,133,D
168,72,133,D
164,78,136,D
171,70,124,D
174,79,127,D
155,70,123,D
185,75,133,D
180,75,135,D
194,79,120,D
178,74,122,D
171,77,126,D
150,78,132,D
165,75,128,D
184,74,129,D
179,74,134,D
170,74,140,D
198,71,126,D
183,71,124,D
200,71,125,D
151,80,127,D
172,73,135,D
162,75,131,D
166,71,130,D
164,77,127,D
167,72,136,D
173,80,123,D
186,80,122,D
155,73,129,D
150,70,138,D
195,72,124,D
168,79,139,D
174,72,132,D
174,70,127,D
150,76,127,D
195,74,136,D
194,73,136,D
181,79,121,D
185,72,140,D
192,73,140,D
166,70,135,D
182,77,134,D
195,75,138,D
172,76,133,D
197,74,130,D
175,71,139,D
180,78,127,D
168,70,138,D
183,76,127,D
160,77,121,D
196,76,122,D
156,72,140,D
190,70,120,D
195,80,135,D
200,73,129,D
160,76,137,D
182,77,123,D
172,80,121,D
179,78,124,D
200,79,120,D
199,71,134,D
174,79,129,D
157,73,137,D
163,79,120,D
175,77,134,D
183,73,132,D
191,70,139,D
177,76,133,D
169,76,125,D
179,71,126,D
171,74,131,D
160,72,135,D
153,80,140,D
171,70,128,D
157,80,139,D
197,76,123,D
181,74,131,D
177,73,129,D
178,73,140,D
171,70,133,D
160,72,125,D
161,72,124,D
192,76,139,D
162,80,127,D
177,74,138,D
157,76,137,D
173,78,125,D
200,71,138,D
161,79,129,D
168,72,140,D
159,77,127,D
158,73,140,D
174,75,131,D
179,72,130,D
179,71,124,D
194,77,136,D
170,80,122,D
164,75,135,D
161,78,127,D
178,80,136,D
200,70,121,D
156,75,126,D
188,73,120,D
173,77,136,D
194,80,136,D
188,75,136,D
178,74,137,D
190,72,127,D
178,79,132,D
162,71,134,D
185,71,129,D
164,78,133,D
190,73,128,D
177,71,140,D
158,77,120,D
175,74,123,D
165,78,134,D
179,74,121,D
193,73,123,D
170,80,120,D
155,71,127,D
166,78,122,D
161,74,132,D
184,71,121,D
184,74,129,D
152,78,127,D
171,78,129,D
185,72,122,D
162,76,128,D
163,75,139,D
171,74,138,D
162,77,122,D
163,70,135,D
195,71,138,D
200,80,126,D
195,70,138,D
163,73,124,D
199,76,132,D
181,77,122,D
175,73,131,D
166,73,124,D
183,80,135,D
190,77,138,D
195,80,136,D
151,73,124,D
181,79,122,D
173,70,127,D
163,72,130,D
156,70,135,D
186,72,123,D
169,75,120,D
176,71,128,D
194,71,137,D
195,71,123,D
151,80,136,D
159,77,123,D
156,76,140,D
177,78,133,D
150,73,133,D
150,72,136,D
199,80,138,D
175,74,137,D
159,70,123,D
175,74,122,D
153,79,129,D
176,70,125,D
182,71,138,D
184,71,123,D
161,71,132,D
184,72,130,D
159,72,140,D
172,79,125,D
182,74,131,D
178,73,127,D
186,72,131,D
173,71,137,D
158,80,121,D
166,70,140,D
175,78,137,D
188,75,134,D
173,79,130,D
183,71,140,D
163,79,122,D
169,75,120,D
168,75,135,D
169,80,129,D
194,73,127,D
169,70,135,D
199,77,128,D
180,75,135,D
192,77,128,D
179,77,123,D
179,80,122,D
176,75,132,D
167,74,125,D
195,73,138,D
180,75,135,D
163,74,126,D
174,73,138,D
193,74,129,D
173,71,133,D
151,71,124,D
192,73,127,D
150,77,134,D
196,75,122,D
155,80,134,D
153,73,136,D
160,74,126,D
181,75,136,D
200,78,133,D
151,78,139,D
170,80,129,D
198,80,124,D
187,70,133,D
159,71,137,D
195,75,131,D
182,79,126,D
196,78,136,D
186,70,138,D
186,76,138,D
182,75,133,D
162,77,132,D
157,77,133,D
188,73,120,D
195,70,133,D
188,71,127,D
153,79,135,D
168,80,138,D
175,79,123,D
184,74,124,D
175,70,122,D
171,70,135,D
182,80,122,D
194,77,138,D
169,76,129,D
158,78,133,D
157,70,132,D
161,73,134,D
189,70,123,D
154,72,135,D
156,79,129,D
175,71,122,D
200,73,129,D
191,74,126,D
177,71,133,D
189,70,139,D
185,76,136,D
172,79,136,D
191,80,126,D
164,72,131,D
185,75,124,D
188,70,129,D
150,78,125,D
188,70,127,D
175,74,120,D
198,73,139,D
172,76,124,D
196,74,123,D
184,79,127,D
183,78,133,D
156,71,129,D
172,77,129,D
152,71,129,D
156,71,123,D
167,73,129,D
172,76,138,D
155,75,135,D
177,80,129,D
159,80,133,D
171,70,120,D
180,72,130,D
191,71,129,D
174,71,136,D
174,72,126,D
171,74,127,D
163,73,135,D
193,80,126,D
199,77,140,D
190,74,120,D
175,73,133,D
158,74,138,D
182,72,127,D
197,76,122,D
158,73,137,D
150,71,139,D
194,77,134,D
160,70,126,D
197,80,126,D
195,75,134,D
183,80,131,D
162,76,126,D
158,80,130,D
182,70,136,D
158,77,137,D
164,74,123,D
184,73,133,D
155,79,123,D
184,79,134,D
155,73,125,D
186,73,122,D
179,80,137,D
168,74,133,D
160,70,135,D
155,76,133,D
165,75,132,D
199,77,133,D
190,77,131,D
156,72,130,D
150,79,134,D
169,77,130,D
197,78,136,D
181,71,136,D
183,79,133,D
183,76,135,D
179,74,131,D
169,76,136,D
187,71,138,D
156,74,140,D
178,80,126,D
162,73,122,D
161,74,140,D
200,78,131,D
167,77,127,D
159,74,132,D
177,74,135,D
173,75,127,D
193,76,139,D
196,71,122,D
200,80,140,D
190,73,120,D
193,80,131,D
188,80,120,D
185,75,126,D
199,71,136,D
150,71,132,D
176,73,127,D
155,72,139,D
184,74,125,D
185,79,135,D
159,79,138,D
160,79,128,D
168,73,139,D
169,76,120,D
190,72,130,D
193,72,126,D
158,71,130,D
163,74,124,D
187,75,136,D
166,76,137,D
189,74,135,D
158,74,137,D
178,72,131,D
187,71,136,D
168,70,136,D
174,70,121,D
187,77,133,D
181,72,139,D
157,79,135,D
199,76,126,D
181,70,122,D
153,70,126,D
161,78,125,D
187,75,135,D
164,72,128,D
162,77,132,D
157,71,127,D
154,77,131,D
168,74,139,D
188,79,128,D
177,70,127,D
163,71,133,D
192,74,124,D
157,72,131,D
193,71,132,D
199,72,131,D
163,75,123,D
167,74,129,D
154,78,139,D
180,73,135,D
194,79,122,D
164,72,120,D
181,75,126,D
181,74,122,D
154,75,133,D
151,79,133,D
192,77,126,D
170,74,124,D
177,76,121,D
177,76,129,D
169,77,120,D
199,71,140,D
185,79,128,D
164,79,126,D
150,71,126,D
155,75,135,D
159,79,127,D
189,76,121,D
190,78,138,D
163,74,132,D
150,71,124,D
162,71,133,D
183,79,139,D
153,76,134,D
151,76,129,D
159,73,135,D
160,72,136,D
199,78,121,D
193,72,136,D
171,80,129,D
162,79,129,D
157,70,133,D
179,73,133,D
156,77,140,D
159,77,121,D
196,80,133,D
191,75,135,D
162,75,124,D
197,71,139,D
154,75,129,D
192,70,133,D
179,74,130,D
198,73,134,D
187,79,120,D
177,77,139,D
184,72,138,D
152,78,132,D
182,73,128,D
161,77,125,D
160,72,121,D
169,77,125,D
172,70,125,D
199,73,130,D
179,70,133,D
180,80,134,D
196,78,124,D
191,71,127,D
184,79,136,D
177,77,129,D
150,76,132,D
161,78,120,D
152,74,129,D
170,70,136,D
187,73,128,D
198,79,126,D
190,80,133,D
194,70,124,D
195,80,123,D
186,79,136,D
162,75,137,D
193,80,125,D
175,77,136,D
177,73,124,D
189,74,139,D
187,80,140,D
157,76,125,D
200,72,121,D
184,78,122,D
151,75,137,D
200,76,122,D
151,77,129,D
174,74,123,D
159,75,135,D
176,79,140,D
191,79,140,D
156,78,126,D
183,76,126,D
189,74,122,D
176,73,129,D
198,77,120,D
173,78,140,D
168,74,127,D
154,73,123,D
182,73,137,D
186,74,133,D
173,74,130,D
179,75,127,D
193,73,129,D
172,71,131,D
195,77,140,D
169,79,134,D
186,72,132,D
183,73,139,D
157,71,138,D
164,70,124,D
151,80,123,D
196,79,120,D
195,70,127,D
179,73,133,D
199,80,128,D
169,72,134,D
189,72,139,D
183,70,120,D
188,72,127,D
151,80,128,D
165,78,133,D
156,77,126,D
200,77,132,D
172,80,120,D
184,78,125,D
169,79,129,D
183,75,120,D
183,72,137,D
158,75,139,D
162,72,133,D
185,79,139,D
157,77,135,D
196,79,140,D
156,71,140,D
166,70,130,D
195,72,127,D
165,77,124,D
154,76,136,D
191,77,140,D
159,78,132,D
199,79,129,D
177,78,121,D
163,70,121,D
194,80,134,D
199,73,128,D
179,74,129,D
199,70,128,D
152,80,122,D
195,71,138,D
194,76,131,D
188,72,124,D
187,73,125,D
176,73,129,D
176,77,123,D
171,77,120,D
154,80,136,D
190,71,131,D
160,80,140,D
193,76,123,D
175,79,135,D
160,76,139,D
165,71,125,D
175,80,131,D
187,74,123,D
164,80,132,D
194,73,133,D
171,76,122,D
191,78,140,D
181,71,127,D
163,71,134,D
176,78,126,D
161,72,138,D
196,71,124,D
172,71,140,D
193,76,121,D
175,74,127,D
150,70,139,D
188,72,126,D
163,78,122,D
187,76,124,D
167,80,128,D
192,70,140,D
173,77,140,D
176,70,134,D
150,80,122,D
183,78,128,D
150,74,125,D
181,75,130,D
163,79,123,D
180,74,134,D
169,79,127,D
197,77,139,D
191,78,137,D
184,76,129,D
174,70,131,D
184,74,131,D
173,73,124,D
180,75,132,D
188,70,131,D
197,77,132,D
160,78,137,D
151,70,125,D
171,79,127,D
167,77,128,D
163,78,138,D
171,80,127,D
168,71,129,D
170,79,138,D
163,74,123,D
166,75,128,D
195,74,129,D
199,80,125,D
167,72,126,D
158,79,136,D
190,74,134,D
179,74,140,D
171,76,126,D
161,72,130,D
179,80,129,D
179,74,135,D
187,75,124,D
199,79,129,D
182,73,124,D
157,77,122,D
161,77,135,D
157,74,129,D
191,78,126,D
172,77,129,D
196,80,125,D
157,72,134,D
164,79,130,D
154,74,128,D
192,78,136,D
196,80,136,D
150,75,132,D
166,79,126,D
174,78,124,D
198,70,135,D
151,79,132,D
162,72,136,D
193,79,135,D
176,75,138,D
184,75,130,D
199,78,128,D
161,75,133,D
198,76,130,D
199,74,138,D
165,79,123,D
172,70,125,D
162,80,130,D
181,80,125,D
153,72,127,D
175,74,133,D
170,72,121,D
153,72,139,D
167,80,139,D
164,77,135,D
197,72,133,D
181,79,131,D
168,73,136,D
194,74,132,D
150,79,139,D
187,80,132,D
158,76,123,D
153,79,127,D
173,79,130,D
150,76,127,D
194,75,135,D
192,71,125,D
156,72,139,D
197,77,139,D
150,74,125,D
193,74,128,D
157,80,125,D
156,74,120,D
193,75,127,D
160,76,120,D
154,79,129,D
186,73,139,D
182,70,138,D
170,74,126,D
169,80,133,D
160,77,127,D
150,71,138,D
174,70,135,D
168,76,130,D
167,77,127,D
160,72,138,D
153,72,132,D
150,72,125,D
196,79,121,D
158,71,122,D
170,80,123,D
175,80,128,D
176,74,123,D
162,72,123,D
151,72,129,D
158,79,121,D
160,72,122,D
154,73,128,D
164,71,139,D
200,73,139,D
199,73,128,D
197,70,137,D
190,77,135,D
194,70,135,D
187,74,132,D
161,74,130,D
158,75,133,D
198,70,124,D
168,74,128,D
163,78,129,D
187,71,127,D
159,70,122,D
170,76,127,D
189,70,140,D
158,77,133,D
162,78,134,D
151,71,129,D
187,76,131,D
161,75,134,D
162,70,137,D
194,73,122,D
158,80,135,D
165,77,121,D
179,76,136,D
184,74,131,D
156,73,132,D
188,79,125,D
174,79,124,D
200,72,123,D
158,77,138,D
189,77,137,D
194,79,125,D
186,76,140,D
158,70,139,D
179,71,126,D
152,70,138,D
172,77,124,D
196,76,134,D
194,79,131,D
162,70,127,D
170,80,120,D
153,76,136,D
181,75,127,D
166,78,126,D
171,79,127,D
181,75,139,D
173,74,139,D
178,74,137,D
181,79,131,D
181,78,134,D
161,78,137,D
169,70,134,D
185,75,135,D
158,75,129,D
189,80,127,D
177,72,134,D
187,77,137,D
198,72,131,D
169,74,121,D
196,80,126,D
185,78,138,D
171,74,125,D
187,72,132,D
184,71,124,D
160,76,135,D
168,78,139,D
199,78,129,D
170,72,126,D
170,72,123,D
199,74,133,D
170,72,125,D
165,77,120,D
170,77,120,D
169,74,124,D
194,70,126,D
150,80,125,D
194,78,123,D
155,80,120,D
169,76,131,D
174,80,120,D
186,76,140,D
179,73,122,D
181,80,122,D
153,73,138,D
194,74,134,D
178,80,139,D
167,77,127,D
180,77,126,D
181,75,121,D
187,80,129,D
192,73,131,D
194,76,121,D
160,80,120,D
196,74,133,D
168,77,134,D
156,78,137,D
180,77,128,D
196,77,131,D
166,76,124,D
163,72,136,D
186,70,122,D
167,75,138,D
196,80,125,D
160,71,124,D
168,70,133,D
174,75,127,D
182,72,123,D
167,77,125,D
197,79,128,D
166,76,133,D
178,74,131,D
192,73,138,D
177,73,129,D
160,72,139,D
199,75,138,D
193,70,137,D
192,80,137,D
184,73,125,D
199,75,127,D
180,71,124,D
199,76,138,D
154,71,121,D
160,72,135,D
197,74,127,D
193,75,136,D
170,73,134,D
174,80,127,D
167,75,134,D
200,75,125,D
152,71,129,D
174,71,137,D
176,74,133,D
153,75,134,D
190,71,127,D
189,72,126,D
155,72,125,D
194,76,135,D
162,72,129,D
187,70,125,D
152,80,132,D
151,73,125,D
189,78,134,D
156,71,123,D
197,75,120,D
194,77,127,D
191,77,125,D
176,70,129,D
159,77,128,D
180,72,121,D
195,70,125,D
160,76,120,D
169,77,127,D
200,70,138,D
172,70,124,D
159,74,133,D
170,73,135,D
178,76,128,D
183,80,138,D
182,75,135,D
188,70,129,D
177,78,128,D
155,73,135,D
172,72,121,D
156,72,137,D
168,73,121,D
196,78,121,D
168,80,127,D
195,73,133,D
171,76,124,D
165,70,131,D
193,74,126,D
162,80,134,D
171,79,126,D
184,73,133,D
198,78,130,D
169,79,120,D
183,79,135,D
161,79,130,D
168,70,139,D
160,70,131,D
181,74,137,D
158,78,140,D
194,71,139,D
180,71,135,D
182,80,126,D
159,75,121,D
164,75,130,D
167,80,135,D
181,79,133,D
181,79,131,D
193,75,140,D
160,80,136,D
181,74,129,D
156,72,139,D
186,75,120,D
166,71,135,D
173,73,121,D
173,76,122,D
162,73,139,D
165,71,136,D
183,75,124,D
155,71,139,D
177,78,135,D
162,72,139,D
173,76,121,D
158,80,139,D
184,71,139,D
162,76,120,D
185,77,126,D
167,72,139,D
177,74,134,D
177,70,123,D
160,77,137,D
199,80,129,D
154,71,135,D
157,74,135,D
175,78,127,D
180,77,137,D
184,75,138,D
185,74,131,D
168,70,122,D
197,80,121,D
167,72,129,D
182,71,132,D
193,72,127,D
162,73,129,D
198,80,123,D
180,78,125,D
166,70,122,D
193,77,132,D
168,70,129,D
163,76,133,D
189,74,134,D
154,71,130,D
159,74,134,D
179,78,127,D
195,75,125,D
154,74,130,D
164,78,129,D
189,74,137,D
186,72,134,D
153,76,132,D
173,70,139,D
162,71,131,D
193,79,122,D
183,80,120,D
174,79,126,D
188,76,140,D
174,70,140,D
153,78,138,D
182,80,136,D
160,79,126,D
157,70,121,D
153,70,136,D
165,78,120,D
163,74,125,D
193,74,139,D
150,76,137,D
187,77,131,D
152,77,122,D
180,76,123,D
170,76,139,D
190,70,138,D
196,75,140,D
185,78,124,D
187,71,132,D
194,78,137,D
155,78,131,D
156,75,123,D
200,76,135,D
152,76,131,D
162,74,125,D
190,73,120,D
190,74,129,D
168,71,137,D
165,77,129,D
157,73,123,D
187,79,121,D
184,79,120,D
197,73,137,D
175,79,125,D
192,73,126,D
182,80,138,D
161,74,123,D
166,75,130,D
161,70,122,D
185,72,132,D
159,77,120,D
183,78,120,D
185,71,137,D
194,70,131,D
157,78,133,D
160,73,138,D
158,77,139,D
190,78,139,D
183,70,132,D
178,78,140,D
190,74,134,D
187,72,127,D
162,73,128,D
159,71,125,D
187,78,126,D
178,70,134,D
186,78,128,D
151,77,127,D
192,76,138,D
187,77,132,D
154,71,124,D
167,77,134,D
192,71,131,D
185,72,134,D
167,75,120,D
157,71,124,D
183,75,121,D
188,74,128,D
150,71,133,D
184,79,127,D
178,70,140,D
199,76,123,D
172,70,126,D
185,79,126,D
162,71,138,D
179,78,136,D
196,75,129,D
169,80,126,D
175,80,134,D
153,72,140,D
187,78,121,D
178,72,138,D
185,74,139,D
171,70,124,D
157,79,120,D
184,72,137,D
178,79,139,D
177,76,124,D
196,71,125,D
160,70,125,D
193,76,125,D
153,76,136,D
196,80,134,D
180,71,121,D
162,70,136,D
189,70,131,D
170,73,124,D
200,80,133,D
153,75,123,D
152,79,130,D
151,77,131,D
169,80,139,D
187,72,121,D
195,72,140,D
179,74,124,D
184,80,128,D
198,74,121,D
150,70,137,D
183,70,130,D
199,79,139,D
153,75,135,D
155,75,126,D
160,71,124,D
189,73,131,D
178,78,122,D
150,73,139,D
180,79,138,D
187,79,123,D
179,73,125,D
187,80,134,D
195,74,123,D
165,78,139,D
179,72,132,D
200,78,129,D
200,72,133,D
200,76,132,D
176,73,121,D
192,72,125,D
150,79,132,D
198,77,120,D
181,79,137,D
176,75,121,D
153,71,128,D
175,79,131,D
171,72,137,D
198,78,139,D
193,74,135,D
183,71,124,D
190,79,122,D
198,79,128,D
158,70,129,D
164,72,132,D
170,78,132,D
181,78,121,D
175,80,139,D
162,77,126,D
187,71,136,D
199,80,139,D
160,78,121,D
197,80,136,D
199,80,122,D
174,70,125,D
166,74,139,D
169,80,127,D
199,72,126,D
183,75,134,D
158,74,134,D
165,75,138,D
197,70,123,D
156,72,127,D
185,70,131,D
159,71,135,D
160,72,127,D
194,75,121,D
180,77,135,D
175,74,124,D
184,80,121,D
196,75,130,D
154,72,127,D
166,74,136,D
194,70,133,D
155,74,137,D
189,77,129,D
163,80,130,D
165,78,137,D
169,73,129,D
191,71,127,D
170,78,132,D
188,76,125,D
164,74,120,D
179,72,131,D
168,79,130,D
155,75,130,D
189,70,125,D
153,79,137,D
186,72,132,D
183,78,131,D
168,70,125,D
151,74,122,D
161,77,137,D
195,73,133,D
163,77,140,D
153,75,120,D
199,73,125,D
158,80,138,D
197,75,139,D
194,75,127,D
157,71,129,D
161,71,122,D
175,77,135,D
175,79,134,D
160,70,130,D
197,70,140,D
161,72,139,D
192,75,136,D
200,78,132,D
172,72,133,D
197,72,140,D
180,73,137,D
172,70,134,D
167,74,124,D
153,70,130,D
170,76,125,D
156,79,126,D
156,79,129,D
189,75,136,D
172,73,137,D
154,77,124,D
199,77,139,D
157,71,126,D
175,79,133,D
162,79,133,D
172,70,123,D
198,70,131,D
155,74,121,D
163,79,133,D
166,75,136,D
193,73,123,D
173,73,135,D
194,78,121,D
169,72,133,D
195,75,129,D
165,72,133,D
160,77,124,D
162,72,128,D
188,76,134,D
170,72,129,D
152,75,132,D
179,78,136,D
181,74,128,D
160,70,132,D
198,73,134,D
177,79,122,D
196,72,129,D
155,74,121,D
184,72,138,D
164,74,137,D
152,75,133,D
150,75,137,D
194,75,121,D
160,78,128,D
158,77,125,D
174,79,140,D
198,70,135,D
152,74,129,D
199,71,123,D
181,73,126,D
181,72,136,D
174,77,133,D
169,71,122,D
172,71,120,D
183,70,131,D
162,70,140,D
177,72,137,D
176,72,125,D
156,70,130,D
195,80,121,D
191,76,134,D
179,79,135,D
173,79,134,D
157,75,132,D
173,78,139,D
183,73,136,D
180,71,135,D
172,77,134,D
170,70,125,D
188,74,135,D
183,78,123,D
200,74,121,D
166,70,122,D
150,73,140,D
171,76,133,D
184,80,131,D
189,73,138,D
196,71,129,D
160,78,124,D
179,73,136,D
187,77,128,D
182,71,120,D
185,75,136,D
180,74,122,D
163,76,138,D
168,75,138,D
175,80,135,D
152,75,121,D
151,76,131,D
154,79,130,D
164,77,123,D
179,75,134,D
168,73,123,D
160,72,134,D
157,73,130,D
176,73,121,D
196,77,136,D
191,72,121,D
173,77,130,D
159,80,135,D
168,76,135,D
170,80,135,D
198,72,122,D
175,72,139,D
169,73,136,D
154,74,129,D
151,79,137,D
170,76,129,D
160,74,122,D
194,79,130,D
194,78,131,D
181,73,134,D
174,76,126,D
187,80,138,D
155,79,138,D
161,75,140,D
200,78,124,D
168,76,126,D
173,79,121,D
159,75,138,D
195,73,137,D
200,74,132,D
180,72,124,D
197,74,122,D
179,78,139,D
191,80,140,D
176,72,137,D
175,78,136,D
180,71,131,D
152,76,127,D
166,80,138,D
174,80,134,D
152,75,136,D
155,76,131,D
200,80,130,D
187,73,131,D
185,70,133,D
198,74,128,D
187,73,135,D
171,79,135,D
182,72,128,D
167,78,123,D
156,72,131,D
187,75,130,D
189,72,123,D
171,77,135,D
154,71,127,D
153,76,132,D
176,77,134,D
166,76,123,D
187,72,122,D
183,78,139,D
161,76,121,D
152,77,126,D
154,79,130,D
171,80,128,D
152,79,129,D
151,72,133,D
159,70,132,D
188,76,129,D
169,80,132,D
152,74,135,D
177,78,122,D
155,71,140,D
157,75,125,D
172,72,127,D
162,76,138,D
153,71,120,D
174,75,131,D
181,74,129,D
154,73,123,D
192,70,131,D
162,74,133,D
199,70,134,D
188,73,124,D
187,74,124,D
154,73,121,D
176,80,126,D
157,71,123,D
190,75,129,D
191,77,120,D
182,77,139,D
156,70,136,D
179,73,131,D
190,80,138,D
190,76,121,D
177,73,132,D
176,75,131,D
151,78,132,D
152,76,134,D
164,71,133,D
193,76,130,D
155,75,134,D
152,80,121,D
188,74,124,D
171,73,131,D
177,77,125,D
156,78,137,D
152,70,130,D
177,73,120,D
161,77,126,D
196,76,132,D
189,77,128,D
173,76,134,D
151,75,130,D
158,77,132,D
178,80,122,D
177,79,123,D
154,76,134,D
195,72,122,D
186,77,123,D
195,70,140,D
169,80,136,D
197,76,129,D
158,80,125,D
192,76,129,D
151,79,125,D
185,75,127,D
195,71,124,D
167,79,139,D
164,78,140,D
170,70,121,D
185,72,129,D
168,71,135,D
180,72,122,D
179,71,136,D
168,71,128,D
191,75,138,D
161,73,136,D
155,72,127,D
160,78,129,D
162,72,122,D
177,79,128,D
177,72,129,D
182,79,139,D
170,80,132,D
194,72,138,D
174,72,124,D
157,73,136,D
162,74,138,D
177,71,121,D
185,80,132,D
186,77,130,D
174,76,124,D
151,80,137,D
156,73,135,D
173,76,122,D
175,77,126,D
175,71,133,D
157,79,139,D
174,76,131,D
175,80,132,D
161,73,140,D
154,76,135,D
195,72,133,D
195,75,127,D
158,73,140,D
188,78,128,D
162,77,130,D
195,70,132,D
185,70,126,D
176,80,127,D
170,75,137,D
156,72,122,D
159,75,130,D
179,76,135,D
162,75,120,D
170,72,134,D
186,80,139,D
159,77,130,D
192,74,125,D
170,74,134,D
184,79,140,D
153,77,124,D
179,77,138,D
158,70,132,D
168,74,133,D
157,80,139,D
185,70,124,D
179,74,127,D
159,76,122,D
191,76,128,D
162,76,123,D
166,77,137,D
171,77,124,D
183,72,133,D
172,78,120,D
160,78,134,D
162,77,123,D
176,70,131,D
192,75,136,D
150,80,136,D
154,77,139,D
173,74,139,D
179,74,123,D
160,73,121,D
152,76,128,D
190,79,125,D
159,73,127,D
183,80,137,D
188,70,125,D
200,71,138,D
176,77,128,D
182,76,132,D
163,77,131,D
195,71,134,D
165,76,129,D
198,79,128,D
150,76,127,D
158,76,128,D
153,71,134,D
193,71,121,D
174,80,130,D
176,80,131,D
151,79,124,D
173,80,121,D
192,77,136,D
174,74,139,D
200,74,128,D
150,73,137,D
155,73,132,D
188,79,132,D
195,79,137,D
189,80,138,D
197,76,139,D
154,80,127,D
174,77,130,D
196,71,132,D
150,77,126,D
175,79,137,D
157,71,134,D
187,76,139,D
169,76,124,D
200,78,129,D
181,79,139,D
151,79,137,D
157,80,124,D
191,76,126,D
185,78,134,D
169,71,138,D
164,78,138,D
163,75,122,D
169,75,140,D
173,78,140,D
190,72,125,D
181,80,136,D
181,77,120,D
163,78,140,D
176,70,131,D
180,77,122,D
158,71,120,D
172,76,134,D
155,80,130,D
167,73,122,D
165,76,140,D
176,72,123,D
191,71,124,D
175,70,128,D
165,79,132,D
153,75,131,D
192,76,130,D
197,71,138,D
180,76,132,D
169,70,132,D
197,80,129,D
165,78,122,D
187,80,121,D
196,79,125,D
184,71,128,D
172,75,133,D
184,80,122,D
163,75,138,D
154,76,120,D
189,70,132,D
191,75,120,D
166,72,138,D
151,77,139,D
198,77,126,D
177,79,123,D
199,80,136,D
197,72,140,D
171,75,137,D
153,74,127,D
159,78,132,D
190,71,136,D
195,74,126,D
160,76,132,D
188,76,131,D
183,73,130,D
151,80,125,D
175,75,138,D
150,78,124,D
179,77,134,D
151,74,130,D
155,76,136,D
163,76,123,D
152,76,140,D
194,80,130,D
156,73,140,D
185,76,133,D
193,71,122,D
199,73,121,D
166,76,129,D
181,79,130,D
154,72,122,D
162,71,128,D
159,74,140,D
190,71,128,D
191,70,140,D
185,79,121,D
168,75,120,D
174,72,133,D
156,79,139,D
173,71,136,D
181,75,125,D
199,72,124,D
186,79,127,D
188,72,133,D
172,74,122,D
154,80,136,D
180,72,132,D
168,79,138,D
176,78,130,D
194,75,121,D
191,71,134,D
176,77,139,D
164,79,136,D
193,73,132,D
170,80,130,D
191,73,133,D
160,78,137,D
181,72,123,D
194,73,136,D
179,76,140,D
177,72,120,D
172,73,120,D
187,77,136,D
184,75,132,D
162,70,129,D
184,74,140,D
194,78,136,D
183,75,121,D
199,75,134,D
199,74,139,D
154,75,133,D
168,73,121,D
177,73,135,D
153,76,130,D
200,75,135,D
161,74,132,D
198,80,129,D
166,74,133,D
160,76,140,D
198,80,120,D
158,75,120,D
150,71,129,D
165,78,128,D
157,79,129,D
178,80,128,D
196,80,135,D
172,77,129,D
173,71,123,D
176,73,121,D
187,72,120,D
178,77,136,D
172,79,123,D
176,75,126,D
154,75,139,D
176,74,139,D
184,79,132,D
175,80,136,D
175,75,120,D
151,75,121,D
172,77,128,D
152,72,122,D
150,73,126,D
166,71,134,D
164,74,132,D
196,78,128,D
198,79,121,D
175,75,126,D
196,75,120,D
186,70,140,D
191,75,129,D
179,80,138,D
198,70,129,D
186,76,138,D
192,72,137,D
184,70,140,D
159,79,124,D
189,77,131,D
194,72,126,D
184,77,138,D
160,71,132,D
183,74,124,D
154,71,123,D
197,78,133,D
181,78,126,D
197,77,125,D
196,78,126,D
154,70,126,D
151,72,126,D
197,73,131,D
193,76,131,D
175,75,134,D
178,70,140,D
190,72,131,D
179,79,131,D
182,75,120,D
184,79,120,D
180,78,135,D
171,78,122,D
152,72,132,D
186,76,124,D
197,79,129,D
166,75,124,D
180,74,130,D
179,72,135,D
191,70,122,D
199,78,139,D
200,80,139,D
170,74,134,D
199,79,129,D
169,72,120,D
172,74,128,D
176,77,126,D
182,76,121,D
196,72,122,D
152,78,124,D
163,80,140,D
193,74,127,D
183,76,129,D
161,78,121,D
156,77,136,D
171,76,132,D
198,72,132,D
196,76,132,D
164,80,122,D
151,70,132,D
178,75,123,D
154,71,135,D
159,77,134,D
183,76,136,D
175,77,120,D
155,80,127,D
169,78,121,D
198,75,127,D
155,78,140,D
179,75,135,D
185,76,120,D
197,77,135,D
195,71,134,D
186,77,139,D
199,75,125,D
195,75,127,D
195,74,125,D
193,79,129,D
154,79,123,D
172,74,122,D
171,76,132,D
197,73,137,D
196,70,127,D
151,79,127,D
184,75,124,D
186,80,138,D
190,71,126,D
185,78,124,D
160,77,130,D
191,74,132,D
163,70,124,D
176,80,139,D
181,78,120,D
164,76,124,D
153,73,121,D
163,79,127,D
175,80,139,D
189,73,137,D
194,71,138,D
160,76,133,D
154,79,122,D
191,78,139,D
197,79,121,D
175,73,133,D
167,73,139,D
182,78,133,D
165,75,133,D
194,75,135,D
157,78,129,D
173,76,134,D
171,78,132,D
189,75,140,D
200,76,121,D
195,78,123,D
176,79,120,D
174,77,133,D
192,78,131,D
194,77,123,D
194,78,126,D
195,76,123,D
172,72,140,D
180,72,135,D
184,79,130,D
157,78,127,D
172,75,125,D
170,76,124,D
154,75,120,D
158,77,138,D
184,77,139,D
182,80,131,D
152,77,135,D
161,74,134,D
186,71,134,D
150,73,139,D
178,72,137,D
191,70,139,D
170,73,128,D
173,71,140,D
190,80,126,D
152,79,127,D
152,72,128,D
158,70,125,D
156,80,133,D
153,72,129,D
188,76,125,D
166,72,139,D
159,77,121,D
159,79,120,D
170,78,139,D
191,79,122,D
152,71,140,D
170,78,135,D
155,70,128,D
191,71,120,D
182,77,132,D
185,74,136,D
162,80,134,D
177,73,134,D
187,71,134,D
165,72,137,D
159,75,131,D
167,79,122,D
165,73,130,D
196,73,129,D
178,71,138,D
180,76,139,D
195,74,129,D
157,70,122,D
163,71,130,D
191,76,136,D
188,76,137,D
185,75,122,D
169,71,130,D
192,72,138,D
186,80,121,D
198,70,126,D
177,78,128,D
170,74,132,D
155,75,130,D
171,74,122,D
185,70,121,D
174,78,134,D
177,76,138,D
168,74,125,D
176,77,125,D
176,78,123,D
172,79,137,D
174,72,132,D
166,75,131,D
197,70,133,D
192,78,135,D
182,70,140,D
193,76,137,D
159,77,136,D
188,76,140,D
192,74,130,D
198,76,122,D
164,75,135,D
