EEG,Heart,Label
2.77,74,A
2.75,70,A
1.66,89,B
1.8,84,B
3.11,75,C
2.37,73,A
3.25,80,C
2.41,70,A
1.96,89,B
1.23,89,B
1.78,86,B
3.38,70,C
3.59,77,C
1.13,90,B
1.76,90,B
1.76,87,B
1.76,84,B
3.54,75,C
2.36,70,A
2.31,71,A
1.89,88,B
3.15,79,C
2.95,80,A
2.38,73,A
2.19,77,A
2.74,77,A
2.07,76,A
2.1,76,A
3.01,78,C
3.81,76,C
2.46,75,A
2.9,78,A
2.91,77,A
1.92,90,B
1.26,88,B
1.15,89,B
3.35,78,C
3.0,80,C
3.94,72,C
2.09,73,A
2.24,72,A
2.77,76,A
1.76,86,B
1.48,80,B
1.48,89,B
1.33,86,B
3.8,78,C
3.91,75,C
3.4,76,C
2.19,72,A
1.87,83,B
1.12,89,B
1.72,89,B
1.86,84,B
1.05,83,B
1.94,82,B
3.46,76,C
3.54,73,C
3.41,74,C
3.76,78,C
3.6,76,C
3.68,73,C
2.26,76,A
3.92,75,C
2.6,75,A
2.46,71,A
1.53,89,B
3.9,80,C
3.19,73,C
2.71,78,A
1.15,87,B
1.86,81,B
3.91,73,C
3.3,70,C
3.23,75,C
1.3,88,B
3.93,70,C
3.13,78,C
2.46,79,A
1.02,80,B
1.34,87,B
1.22,88,B
1.14,87,B
1.91,81,B
3.86,74,C
3.61,70,C
1.5,87,B
1.33,90,B
1.89,81,B
1.06,80,B
3.56,75,C
3.85,75,C
3.07,77,C
2.0,85,B
3.33,79,C
3.88,79,C
3.33,80,C
2.44,74,A
1.29,86,B
3.65,72,C
2.22,73,A
2.71,70,A
1.07,80,B
3.97,74,C
3.84,70,C
2.45,79,A
2.27,73,A
1.9,85,B
1.94,90,B
3.63,73,C
3.18,75,C
2.49,73,A
2.22,73,A
2.36,73,A
2.56,70,A
1.8,87,B
1.09,87,B
1.82,85,B
3.8,73,C
3.99,79,C
3.34,72,C
2.71,74,A
1.55,90,B
1.58,82,B
3.89,70,C
2.83,75,A
1.84,87,B
1.11,83,B
1.79,87,B
1.17,81,B
3.34,80,C
3.77,80,C
3.21,73,C
3.18,71,C
2.67,73,A
2.9,80,A
2.06,80,A
2.54,72,A
1.16,84,B
1.14,87,B
1.22,83,B
3.35,75,C
3.34,72,C
2.25,80,A
2.8,71,A
1.47,88,B
3.17,75,C
3.11,78,C
2.41,75,A
1.12,81,B
3.86,72,C
3.9,74,C
3.95,76,C
3.46,75,C
2.46,74,A
1.11,83,B
1.12,84,B
3.48,75,C
2.88,79,A
2.04,77,A
2.63,75,A
3.96,74,C
3.55,73,C
2.21,70,A
1.38,81,B
1.33,81,B
3.05,80,C
3.78,72,C
2.72,74,A
3.89,80,C
3.57,70,C
3.72,71,C
3.79,70,C
3.91,70,C
2.5,76,A
2.91,74,A
1.5,85,B
3.65,70,C
3.98,74,C
3.83,76,C
2.67,74,A
3.51,74,C
3.89,75,C
2.16,74,A
2.89,73,A
2.15,80,A
3.88,72,C
3.39,75,C
2.63,78,A
2.53,77,A
1.81,82,B
1.42,83,B
3.11,70,C
2.51,70,A
2.25,73,A
2.29,73,A
2.36,73,A
1.29,84,B
3.29,80,C
3.96,75,C
3.28,75,C
3.27,74,C
3.15,70,C
2.09,77,A
2.95,71,A
1.49,80,B
3.48,80,C
3.21,71,C
2.06,78,A
2.68,80,A
3.06,75,C
3.93,74,C
2.43,71,A
1.62,82,B
1.38,89,B
3.84,70,C
1.06,80,B
1.76,89,B
1.41,82,B
3.43,73,C
2.32,78,A
3.5,72,C
1.04,82,B
1.82,90,B
1.64,88,B
3.26,73,C
3.68,72,C
3.26,76,C
1.04,86,B
1.79,84,B
3.32,76,C
3.08,73,C
2.89,73,A
1.93,85,B
3.18,78,C
3.49,78,C
2.88,76,A
2.45,74,A
2.74,80,A
1.88,89,B
1.79,86,B
3.05,70,C
3.13,76,C
3.08,78,C
1.98,82,B
3.07,80,C
3.02,79,C
2.54,70,A
1.95,81,B
3.46,76,C
2.81,79,A
2.25,76,A
2.77,77,A
3.04,77,C
3.8,70,C
3.05,78,C
2.38,78,A
2.26,70,A
1.48,81,B
2.11,80,A
2.58,79,A
2.77,78,A
1.88,85,B
1.13,80,B
3.99,76,C
3.05,73,C
3.96,72,C
1.68,86,B
1.98,87,B
3.21,79,C
3.49,76,C
3.12,77,C
3.84,76,C
1.31,87,B
3.95,73,C
3.6,79,C
3.78,74,C
2.02,80,A
1.61,90,B
1.71,80,B
1.91,90,B
3.18,76,C
2.73,75,A
2.35,71,A
2.24,78,A
3.94,79,C
2.83,79,A
2.66,70,A
1.97,82,B
3.39,80,C
3.07,75,C
3.71,72,C
2.03,70,A
2.96,73,A
1.46,80,B
1.46,87,B
1.94,84,B
3.6,79,C
3.39,72,C
3.2,75,C
2.18,77,A
1.2,82,B
1.14,84,B
1.65,85,B
1.58,83,B
3.57,76,C
3.87,80,C
3.28,80,C
2.56,74,A
2.01,72,A
1.38,84,B
1.71,86,B
3.98,75,C
3.4,78,C
3.44,72,C
4.0,70,C
2.94,72,A
1.9,88,B
1.73,81,B
3.51,72,C
3.62,80,C
3.27,79,C
2.11,74,A
1.83,87,B
1.37,89,B
1.64,89,B
1.81,85,B
3.04,75,C
3.68,73,C
2.19,79,A
1.23,84,B
3.96,72,C
3.58,80,C
3.17,76,C
2.41,79,A
1.07,83,B
1.63,86,B
1.2,81,B
3.1,75,C
3.81,71,C
3.92,77,C
2.79,79,A
1.36,84,B
1.6,90,B
3.64,76,C
3.27,70,C
2.88,72,A
2.94,74,A
3.73,80,C
3.78,70,C
2.97,74,A
2.25,77,A
1.2,82,B
3.21,74,C
3.82,77,C
3.72,72,C
3.36,76,C
3.13,74,C
3.81,76,C
2.95,80,A
2.3,72,A
1.16,82,B
1.21,88,B
3.86,73,C
4.0,74,C
3.84,70,C
3.21,76,C
3.29,79,C
2.47,78,A
2.8,80,A
1.43,88,B
1.96,90,B
3.95,72,C
2.49,80,A
1.88,89,B
3.36,80,C
3.92,70,C
3.62,73,C
2.02,73,A
2.21,80,A
2.56,78,A
3.12,70,C
3.43,77,C
3.03,71,C
3.93,76,C
3.06,74,C
2.63,80,A
2.84,78,A
1.17,81,B
3.26,76,C
3.01,70,C
3.16,71,C
3.05,78,C
3.54,72,C
3.56,75,C
3.54,73,C
2.7,77,A
2.97,78,A
1.32,85,B
3.3,78,C
3.53,75,C
3.01,70,C
2.46,73,A
2.92,72,A
3.47,74,C
3.12,71,C
3.71,79,C
1.97,82,B
1.04,87,B
1.95,82,B
1.46,83,B
3.82,76,C
3.98,79,C
2.29,78,A
2.52,75,A
3.93,79,C
1.37,83,B
1.11,84,B
1.94,80,B
1.03,88,B
3.84,80,C
3.8,80,C
3.8,70,C
3.56,74,C
1.68,83,B
3.1,71,C
3.98,72,C
3.8,74,C
2.46,74,A
2.33,78,A
1.12,89,B
1.09,86,B
1.32,84,B
1.34,89,B
1.78,82,B
1.32,90,B
3.56,71,C
3.96,76,C
2.67,76,A
2.2,75,A
2.87,77,A
1.58,83,B
3.92,77,C
1.54,85,B
1.27,89,B
3.5,77,C
3.0,79,C
2.13,71,A
1.0,90,B
1.24,84,B
3.72,80,C
1.33,85,B
3.07,73,C
3.6,79,C
3.2,76,C
1.01,81,B
1.78,88,B
1.74,88,B
3.89,75,C
3.18,77,C
1.58,81,B
1.95,88,B
3.17,70,C
2.39,75,A
1.26,83,B
3.84,76,C
2.97,75,A
2.28,80,A
2.59,79,A
1.31,80,B
1.53,86,B
3.48,76,C
3.08,71,C
2.19,76,A
3.46,75,C
1.42,84,B
3.65,72,C
3.72,74,C
3.25,75,C
2.69,70,A
1.96,86,B
1.95,82,B
3.62,70,C
1.59,89,B
1.19,82,B
1.11,90,B
2.54,71,A
1.42,85,B
1.16,82,B
3.08,71,C
3.02,79,C
3.35,70,C
2.72,72,A
3.32,80,C
3.24,74,C
2.46,80,A
1.59,89,B
1.22,86,B
3.36,75,C
2.73,80,A
2.59,80,A
1.35,88,B
3.39,71,C
3.42,71,C
3.0,76,C
1.37,84,B
3.75,72,C
3.39,78,C
2.04,80,A
1.22,90,B
1.99,90,B
3.56,70,C
3.73,76,C
2.45,74,A
3.48,72,C
1.02,84,B
1.3,87,B
3.22,78,C
3.78,78,C
3.2,80,C
2.84,71,A
3.91,79,C
3.6,78,C
2.93,75,A
3.37,77,C
1.76,80,B
1.01,89,B
3.13,74,C
3.88,77,C
3.59,75,C
2.64,71,A
2.67,71,A
1.3,87,B
1.9,82,B
1.11,81,B
1.84,86,B
3.86,79,C
3.54,77,C
3.65,70,C
3.32,71,C
2.94,79,A
2.01,75,A
1.13,85,B
3.93,79,C
3.31,75,C
3.39,70,C
3.1,78,C
2.92,72,A
2.03,80,A
2.48,76,A
1.52,80,B
1.99,84,B
3.19,72,C
3.66,77,C
2.61,70,A
3.09,77,C
3.66,80,C
3.24,80,C
1.57,85,B
1.96,90,B
3.55,76,C
1.28,80,B
1.19,82,B
3.32,72,C
3.32,75,C
1.12,87,B
1.44,84,B
3.14,77,C
3.51,76,C
3.9,74,C
3.03,74,C
3.79,74,C
2.09,72,A
2.07,72,A
2.54,77,A
3.82,70,C
3.58,76,C
3.33,73,C
3.1,72,C
2.79,77,A
2.81,74,A
2.41,74,A
1.71,83,B
1.79,90,B
3.43,74,C
1.84,84,B
1.34,90,B
1.74,85,B
1.32,80,B
3.03,70,C
2.9,77,A
2.63,80,A
2.48,78,A
3.26,75,C
3.81,71,C
3.12,74,C
3.03,71,C
2.63,72,A
2.83,74,A
1.56,87,B
1.52,87,B
1.56,83,B
3.72,80,C
3.76,79,C
3.41,73,C
1.06,88,B
3.64,78,C
3.14,72,C
3.09,70,C
3.88,73,C
2.58,74,A
1.22,81,B
3.77,76,C
3.59,70,C
3.28,79,C
3.41,71,C
3.66,77,C
1.5,85,B
3.76,80,C
3.52,78,C
3.95,71,C
2.98,70,A
3.07,77,C
3.14,72,C
1.87,90,B
3.24,77,C
2.29,72,A
2.09,72,A
3.41,70,C
3.99,76,C
3.39,74,C
1.88,83,B
1.64,88,B
3.43,71,C
2.38,79,A
2.15,73,A
2.21,73,A
1.62,86,B
2.87,77,A
2.63,80,A
1.28,86,B
3.77,70,C
2.74,75,A
2.35,77,A
1.21,85,B
1.28,82,B
1.76,90,B
1.96,83,B
3.27,70,C
3.12,79,C
3.12,74,C
2.71,74,A
2.63,77,A
1.22,81,B
3.97,77,C
3.4,76,C
2.86,73,A
2.2,70,A
2.56,75,A
2.17,70,A
3.18,76,C
3.11,75,C
2.95,73,A
3.19,73,C
3.55,75,C
3.53,70,C
3.16,74,C
2.53,70,A
1.92,82,B
3.74,77,C
3.5,80,C
3.9,75,C
1.34,89,B
1.17,89,B
3.38,72,C
3.6,76,C
3.95,80,C
2.22,73,A
1.81,84,B
1.54,82,B
1.13,86,B
1.61,85,B
1.18,85,B
3.04,78,C
3.45,77,C
2.63,77,A
2.17,78,A
2.62,71,A
1.93,82,B
3.58,74,C
2.07,72,A
2.09,80,A
2.83,75,A
2.38,77,A
1.94,88,B
3.17,77,C
2.58,76,A
2.31,75,A
1.22,90,B
2.35,78,A
1.48,87,B
3.84,74,C
3.5,80,C
3.23,74,C
3.03,77,C
2.87,72,A
2.39,79,A
1.43,83,B
2.14,72,A
2.29,77,A
2.38,75,A
2.86,76,A
1.78,81,B
1.21,88,B
1.81,87,B
1.36,84,B
3.12,72,C
3.23,76,C
1.7,87,B
3.84,74,C
2.69,79,A
1.43,81,B
3.76,80,C
3.73,76,C
3.04,73,C
3.75,76,C
2.11,75,A
3.52,78,C
2.57,77,A
2.79,76,A
1.91,89,B
3.39,78,C
3.53,75,C
3.44,75,C
1.18,89,B
3.61,79,C
3.93,72,C
3.06,78,C
1.91,88,B
3.52,74,C
3.58,72,C
1.25,83,B
2.83,73,A
2.21,72,A
1.04,81,B
1.48,89,B
3.91,79,C
2.24,79,A
1.81,84,B
3.05,77,C
3.64,73,C
1.53,88,B
1.54,80,B
2.73,73,A
2.61,70,A
2.27,78,A
2.12,77,A
1.26,81,B
3.66,79,C
1.96,86,B
3.24,79,C
3.47,75,C
1.8,84,B
1.02,88,B
1.47,86,B
1.49,87,B
1.41,89,B
3.2,72,C
3.55,75,C
2.06,71,A
2.87,74,A
1.38,87,B
3.05,77,C
3.01,75,C
2.53,70,A
1.88,82,B
3.25,77,C
3.58,76,C
2.54,72,A
2.05,73,A
3.68,70,C
2.75,72,A
2.83,79,A
2.44,78,A
2.94,71,A
1.44,87,B
1.22,90,B
3.41,74,C
2.78,76,A
1.31,87,B
1.19,88,B
3.0,79,C
2.26,79,A
2.67,78,A
1.26,82,B
1.42,88,B
3.01,70,C
3.23,74,C
2.75,74,A
2.53,77,A
2.44,75,A
1.8,83,B
1.37,82,B
3.41,78,C
3.53,70,C
3.45,71,C
3.66,75,C
3.76,75,C
2.66,77,A
3.53,72,C
3.53,72,C
2.37,71,A
2.99,74,A
1.1,88,B
3.48,78,C
3.96,73,C
3.59,70,C
2.89,72,A
1.54,84,B
1.45,89,B
1.82,84,B
1.98,81,B
3.7,73,C
3.88,70,C
2.09,79,A
3.51,70,C
3.05,79,C
3.85,80,C
2.63,73,A
2.81,72,A
2.55,72,A
3.59,74,C
3.28,75,C
2.28,79,A
3.93,72,C
3.38,76,C
2.23,74,A
2.44,70,A
1.98,83,B
2.71,76,A
2.71,79,A
1.44,82,B
1.49,83,B
3.21,77,C
3.82,72,C
2.35,80,A
1.75,89,B
3.02,71,C
3.59,79,C
3.77,70,C
1.12,82,B
1.36,90,B
1.25,80,B
2.16,75,A
2.89,74,A
1.38,89,B
3.64,72,C
3.5,70,C
2.11,70,A
2.57,77,A
2.25,70,A
3.24,79,C
3.3,78,C
1.26,89,B
3.98,77,C
1.23,87,B
3.7,73,C
3.46,77,C
3.67,74,C
3.88,77,C
3.07,71,C
2.52,76,A
2.17,70,A
1.77,80,B
3.31,70,C
3.46,73,C
3.4,72,C
2.18,75,A
1.99,89,B
3.82,70,C
3.1,71,C
3.34,76,C
3.97,72,C
1.93,87,B
1.2,84,B
1.33,85,B
3.56,78,C
2.83,80,A
2.16,70,A
2.57,72,A
2.69,79,A
1.63,80,B
3.42,77,C
3.65,79,C
3.0,70,A
1.48,80,B
1.71,81,B
1.56,82,B
3.03,72,C
3.91,80,C
3.56,77,C
2.76,80,A
2.18,70,A
1.91,80,B
3.84,74,C
3.18,75,C
3.32,79,C
1.95,89,B
1.08,83,B
3.77,73,C
2.97,77,A
2.75,77,A
2.33,70,A
1.17,86,B
3.65,78,C
3.39,80,C
2.54,75,A
2.47,76,A
2.73,76,A
3.9,80,C
3.97,79,C
3.53,72,C
2.5,77,A
1.81,90,B
3.25,79,C
3.44,79,C
3.45,71,C
1.07,82,B
1.68,82,B
3.39,77,C
3.41,75,C
1.42,84,B
1.13,90,B
1.75,88,B
1.3,87,B
3.83,76,C
2.63,70,A
3.32,70,C
3.26,74,C
3.58,72,C
3.17,72,C
3.64,75,C
2.82,71,A
2.76,80,A
2.48,80,A
1.92,88,B
1.2,86,B
3.25,74,C
3.46,70,C
3.27,74,C
2.39,76,A
1.84,90,B
1.66,84,B
3.72,74,C
3.58,74,C
3.4,80,C
3.69,74,C
2.55,75,A
2.23,75,A
2.1,78,A
1.92,84,B
3.59,80,C
3.49,73,C
3.29,73,C
2.91,77,A
2.01,76,A
1.84,81,B
1.47,80,B
1.43,87,B
1.06,84,B
3.5,74,C
3.82,71,C
4.0,72,C
1.46,89,B
1.95,90,B
3.7,73,C
3.79,78,C
3.63,80,C
2.89,80,A
2.76,77,A
1.14,89,B
3.37,71,C
3.07,76,C
3.47,75,C
3.77,72,C
3.13,71,C
2.78,74,A
2.5,78,A
2.34,74,A
1.26,82,B
3.49,76,C
3.01,70,C
2.54,72,A
1.43,82,B
2.51,73,A
2.56,79,A
2.84,79,A
2.97,78,A
2.21,80,A
1.21,86,B
1.29,81,B
1.32,80,B
3.69,80,C
3.63,71,C
3.06,78,C
3.72,72,C
1.82,86,B
2.19,78,A
1.68,82,B
1.2,84,B
3.55,71,C
3.48,78,C
2.78,80,A
1.81,81,B
1.68,82,B
3.75,71,C
3.4,77,C
1.73,83,B
1.79,87,B
3.96,74,C
2.13,76,A
2.19,72,A
2.95,71,A
3.19,72,C
3.48,71,C
2.94,72,A
2.02,70,A
3.93,76,C
3.18,79,C
3.93,71,C
2.9,75,A
3.45,73,C
3.38,79,C
2.85,72,A
2.82,73,A
1.21,81,B
1.4,80,B
1.83,82,B
2.26,71,A
2.34,74,A
1.96,82,B
3.95,77,C
3.41,71,C
2.49,78,A
3.36,77,C
2.18,73,A
1.63,84,B
3.09,76,C
3.53,78,C
2.24,75,A
2.93,72,A
2.88,74,A
1.17,81,B
2.84,80,A
2.07,78,A
3.38,77,C
3.11,70,C
3.9,75,C
2.4,78,A
2.9,77,A
2.34,71,A
2.52,71,A
1.44,85,B
3.87,72,C
2.78,74,A
1.85,86,B
1.54,82,B
3.67,72,C
3.58,79,C
2.56,79,A
2.66,77,A
2.62,71,A
2.47,75,A
1.43,87,B
3.56,72,C
3.79,71,C
2.08,74,A
2.15,76,A
2.64,75,A
2.57,76,A
2.47,76,A
1.6,81,B
1.79,84,B
3.48,75,C
3.37,77,C
3.22,72,C
2.29,72,A
3.62,70,C
1.36,90,B
1.26,86,B
3.44,70,C
3.99,80,C
3.99,75,C
2.29,70,A
2.85,74,A
2.25,71,A
1.0,83,B
1.93,81,B
1.03,83,B
3.7,70,C
3.88,80,C
3.56,78,C
2.88,72,A
2.73,79,A
2.03,79,A
2.21,75,A
2.52,77,A
3.06,71,C
3.61,75,C
2.69,73,A
2.81,80,A
1.41,85,B
1.02,81,B
1.17,85,B
1.43,84,B
3.81,80,C
3.33,76,C
2.31,71,A
2.79,73,A
2.48,75,A
2.34,73,A
2.9,80,A
1.61,86,B
3.45,73,C
3.58,70,C
2.1,74,A
2.31,76,A
2.01,74,A
1.6,84,B
3.24,73,C
3.79,72,C
2.1,80,A
2.14,79,A
1.64,83,B
3.87,78,C
2.7,75,A
3.38,73,C
3.9,77,C
2.14,73,A
2.81,72,A
2.05,71,A
2.2,79,A
1.22,84,B
3.93,73,C
2.23,78,A
1.36,82,B
3.18,71,C
2.36,72,A
2.02,70,A
2.83,70,A
2.78,70,A
2.68,72,A
2.56,78,A
2.99,70,A
2.24,73,A
1.89,88,B
3.73,78,C
3.32,79,C
3.46,78,C
3.59,71,C
2.61,74,A
3.24,78,C
3.68,80,C
3.0,79,A
1.32,90,B
3.45,79,C
3.99,74,C
2.37,76,A
2.58,77,A
2.42,76,A
2.21,77,A
1.84,88,B
1.72,82,B
2.44,73,A
2.17,77,A
2.74,78,A
2.24,73,A
1.71,89,B
3.74,79,C
3.43,71,C
3.59,77,C
2.43,74,A
1.63,85,B
1.31,80,B
1.76,85,B
1.44,87,B
3.45,72,C
1.8,88,B
3.51,73,C
3.09,70,C
3.03,79,C
2.07,77,A
3.61,73,C
1.14,86,B
3.88,77,C
2.78,72,A
2.09,71,A
2.19,77,A
1.47,80,B
3.89,74,C
3.67,78,C
2.03,80,A
2.04,76,A
1.47,82,B
1.23,88,B
3.43,71,C
3.32,74,C
3.99,75,C
2.06,75,A
2.55,71,A
2.67,80,A
2.96,72,A
2.22,78,A
2.85,77,A
1.74,86,B
3.36,76,C
2.96,71,A
3.5,70,C
3.71,73,C
3.9,72,C
3.33,72,C
1.53,86,B
1.95,87,B
3.48,74,C
3.17,71,C
2.1,74,A
2.31,73,A
1.92,82,B
3.79,75,C
3.15,73,C
2.19,80,A
2.19,74,A
1.11,86,B
3.84,74,C
3.55,80,C
2.63,76,A
2.37,75,A
1.76,89,B
1.06,83,B
3.7,71,C
2.86,78,A
1.02,83,B
3.75,78,C
2.27,71,A
1.32,86,B
3.96,80,C
3.12,72,C
2.65,74,A
1.75,80,B
1.0,83,B
1.1,83,B
2.0,82,B
3.51,80,C
2.49,80,A
3.22,76,C
3.57,74,C
2.8,77,A
2.27,74,A
1.79,83,B
1.57,82,B
3.09,75,C
1.59,88,B
1.08,90,B
1.77,80,B
1.49,86,B
1.49,86,B
1.78,87,B
1.37,90,B
3.74,70,C
3.11,72,C
3.96,77,C
2.78,75,A
1.18,86,B
3.56,76,C
2.89,78,A
2.65,72,A
2.21,74,A
2.28,76,A
2.92,72,A
1.79,90,B
3.47,76,C
3.51,75,C
3.9,75,C
1.88,80,B
3.61,73,C
3.02,72,C
3.93,80,C
3.42,74,C
2.05,72,A
2.21,73,A
1.35,87,B
1.72,85,B
3.94,71,C
2.98,72,A
1.3,90,B
3.75,73,C
2.54,78,A
2.92,74,A
2.18,79,A
1.78,83,B
1.71,86,B
1.28,82,B
1.24,89,B
1.4,82,B
1.79,88,B
1.11,88,B
3.21,80,C
2.67,76,A
2.07,70,A
2.88,73,A
1.11,89,B
3.99,74,C
3.24,80,C
3.52,77,C
1.26,83,B
1.12,85,B
3.42,73,C
3.82,73,C
3.17,78,C
2.86,74,A
1.7,84,B
3.91,78,C
3.35,77,C
2.34,71,A
2.9,77,A
1.61,82,B
2.24,78,A
2.6,73,A
1.56,82,B
3.17,75,C
3.41,72,C
3.44,74,C
3.34,75,C
2.6,72,A
2.27,75,A
3.9,78,C
2.33,77,A
1.26,82,B
1.42,85,B
1.22,88,B
3.05,70,C
3.45,78,C
2.28,80,A
1.94,84,B
1.02,88,B
2.55,80,A
2.25,70,A
2.3,70,A
1.82,85,B
2.23,75,A
2.33,73,A
2.94,70,A
3.36,71,C
3.59,78,C
2.1,77,A
1.2,88,B
1.85,80,B
3.8,70,C
3.64,78,C
3.22,76,C
3.23,77,C
3.34,70,C
2.65,70,A
1.09,82,B
1.69,90,B
3.5,78,C
2.7,73,A
3.11,77,C
3.65,77,C
3.81,74,C
1.85,89,B
1.15,89,B
1.67,87,B
3.83,79,C
3.01,79,C
2.49,72,A
2.53,77,A
1.45,89,B
3.93,71,C
3.61,76,C
3.93,77,C
3.25,76,C
2.87,74,A
2.95,70,A
1.54,82,B
1.05,83,B
1.64,88,B
1.12,90,B
3.71,71,C
3.66,76,C
3.17,74,C
3.11,70,C
3.24,73,C
2.48,79,A
1.69,87,B
1.32,88,B
3.71,72,C
3.09,79,C
3.02,72,C
3.02,76,C
2.61,73,A
3.03,72,C
2.4,76,A
2.45,76,A
2.56,80,A
2.61,80,A
1.79,86,B
2.88,75,A
3.21,80,C
3.87,79,C
2.87,76,A
3.32,78,C
2.59,79,A
2.39,73,A
2.67,72,A
1.18,80,B
1.1,90,B
3.24,78,C
3.75,73,C
3.07,73,C
2.19,80,A
2.02,73,A
2.83,74,A
3.45,70,C
3.34,74,C
3.13,70,C
2.49,72,A
1.42,90,B
2.81,75,A
1.62,83,B
2.87,74,A
2.2,77,A
1.05,82,B
3.61,73,C
3.59,80,C
3.03,73,C
3.57,76,C
2.76,78,A
1.17,88,B
3.01,79,C
3.88,70,C
3.29,70,C
3.47,77,C
2.53,77,A
1.22,90,B
1.44,89,B
2.54,80,A
2.37,75,A
2.27,72,A
2.02,73,A
1.01,81,B
1.77,90,B
3.08,74,C
3.4,74,C
3.67,74,C
3.31,79,C
2.1,72,A
1.01,90,B
1.44,88,B
1.91,83,B
3.85,80,C
3.75,70,C
2.36,78,A
1.11,83,B
3.05,79,C
3.27,70,C
1.14,85,B
3.31,77,C
3.49,74,C
1.2,85,B
3.92,77,C
3.05,75,C
3.05,76,C
2.63,80,A
1.89,87,B
1.67,82,B
2.42,78,A
2.03,79,A
3.09,71,C
3.97,79,C
3.8,74,C
3.44,79,C
2.72,77,A
3.11,72,C
3.02,79,C
2.29,71,A
2.44,74,A
2.72,78,A
2.88,77,A
3.21,77,C
1.15,90,B
1.07,86,B
1.34,81,B
1.09,86,B
1.73,85,B
3.8,74,C
2.22,71,A
1.16,85,B
1.06,88,B
1.19,87,B
3.44,72,C
3.66,80,C
3.74,71,C
2.6,71,A
2.19,73,A
2.2,76,A
1.92,84,B
3.86,76,C
3.42,76,C
3.54,72,C
3.16,80,C
2.07,76,A
1.52,85,B
1.76,82,B
3.86,73,C
3.94,74,C
3.78,73,C
2.39,77,A
2.49,70,A
3.59,78,C
2.69,73,A
3.34,77,C
3.07,71,C
3.88,74,C
3.6,72,C
3.65,70,C
3.9,76,C
2.27,74,A
2.25,71,A
1.22,87,B
3.93,73,C
1.08,90,B
3.05,80,C
3.7,72,C
3.22,70,C
2.1,80,A
2.91,79,A
2.71,72,A
1.88,87,B
3.05,70,C
2.38,75,A
1.86,87,B
3.72,71,C
3.28,74,C
2.7,71,A
1.39,84,B
1.69,84,B
3.53,74,C
3.4,75,C
2.16,71,A
1.43,89,B
1.55,81,B
3.28,70,C
3.17,71,C
2.93,72,A
2.99,73,A
1.47,86,B
1.04,80,B
1.44,81,B
3.61,73,C
2.51,75,A
2.08,70,A
3.64,70,C
3.21,72,C
3.04,73,C
2.93,78,A
2.16,76,A
2.3,76,A
1.4,88,B
3.73,71,C
3.7,74,C
3.05,72,C
3.63,78,C
3.48,70,C
3.63,79,C
2.82,78,A
2.03,77,A
2.38,74,A
2.63,75,A
3.7,72,C
3.34,71,C
2.56,76,A
1.52,90,B
1.84,87,B
3.63,77,C
3.95,75,C
2.93,80,A
2.65,78,A
1.93,83,B
3.18,79,C
1.8,87,B
1.99,81,B
3.8,79,C
3.68,77,C
3.14,75,C
2.24,76,A
2.58,76,A
1.88,81,B
1.09,81,B
3.09,72,C
3.99,75,C
3.54,75,C
3.56,72,C
2.56,75,A
2.71,70,A
1.92,88,B
1.31,82,B
2.44,76,A
2.47,80,A
2.51,76,A
1.56,88,B
1.84,85,B
1.72,83,B
3.38,75,C
2.55,70,A
3.48,76,C
3.87,72,C
2.22,78,A
2.12,79,A
1.94,90,B
1.57,85,B
1.96,83,B
1.04,89,B
3.22,78,C
3.5,71,C
2.37,75,A
2.16,72,A
2.84,80,A
2.26,75,A
1.32,85,B
3.67,79,C
2.21,77,A
2.63,77,A
2.01,76,A
3.45,76,C
2.3,77,A
2.14,76,A
3.28,77,C
3.17,73,C
2.79,78,A
2.57,71,A
2.0,89,B
1.81,88,B
3.86,76,C
2.68,75,A
2.75,72,A
1.26,87,B
3.69,70,C
3.99,80,C
2.29,76,A
2.03,72,A
2.79,76,A
2.85,77,A
1.99,89,B
1.04,83,B
3.02,78,C
3.85,70,C
2.0,83,B
1.9,82,B
3.21,72,C
3.64,80,C
3.89,71,C
3.81,73,C
2.27,72,A
1.53,86,B
1.19,84,B
3.85,78,C
3.1,74,C
3.21,72,C
3.19,74,C
1.3,85,B
1.18,90,B
1.1,81,B
1.67,85,B
2.02,73,A
1.45,82,B
1.78,83,B
1.4,80,B
3.95,75,C
3.14,77,C
3.23,72,C
2.95,72,A
1.41,87,B
1.54,86,B
1.42,88,B
3.14,76,C
2.15,72,A
2.33,75,A
1.93,82,B
1.92,85,B
3.69,73,C
2.36,74,A
3.04,71,C
3.88,74,C
3.56,74,C
2.13,77,A
2.28,70,A
3.78,72,C
3.16,80,C
3.05,75,C
2.84,72,A
1.56,90,B
1.87,80,B
3.32,74,C
2.7,77,A
1.68,85,B
1.68,88,B
2.4,70,A
3.7,79,C
3.35,70,C
1.52,86,B
2.13,76,A
1.33,88,B
1.3,84,B
3.06,76,C
2.3,80,A
2.12,72,A
2.48,72,A
1.58,83,B
1.45,83,B
3.94,79,C
2.81,70,A
2.86,80,A
2.69,73,A
1.18,80,B
3.45,75,C
2.25,73,A
2.89,70,A
2.08,75,A
1.91,85,B
1.34,83,B
1.37,84,B
3.84,72,C
3.39,76,C
2.66,71,A
2.32,75,A
2.15,73,A
1.65,85,B
1.31,83,B
1.22,84,B
3.66,71,C
3.73,76,C
3.1,78,C
3.12,70,C
2.99,76,A
2.11,70,A
3.0,79,C
3.69,74,C
1.21,82,B
1.73,90,B
1.31,81,B
3.0,72,C
2.13,73,A
2.95,78,A
1.16,84,B
1.92,83,B
3.1,78,C
2.94,78,A
2.89,74,A
3.09,77,C
1.77,87,B
1.4,87,B
1.7,83,B
3.44,76,C
2.02,71,A
1.12,80,B
3.18,78,C
2.14,78,A
2.2,76,A
1.18,83,B
1.47,88,B
3.93,72,C
2.27,75,A
2.5,74,A
2.7,70,A
2.64,80,A
1.27,80,B
1.49,84,B
3.7,80,C
2.13,79,A
3.94,73,C
2.7,80,A
1.52,85,B
3.12,75,C
3.15,77,C
3.17,77,C
1.27,80,B
1.83,87,B
3.45,71,C
2.29,75,A
2.54,74,A
2.81,72,A
2.96,79,A
1.96,89,B
3.19,75,C
3.92,70,C
3.9,70,C
2.24,74,A
2.79,77,A
1.87,82,B
3.26,76,C
3.82,79,C
3.68,71,C
1.84,81,B
3.32,78,C
3.41,79,C
2.04,73,A
2.44,79,A
3.0,74,A
2.51,79,A
1.34,80,B
1.8,82,B
3.6,75,C
3.26,80,C
1.5,80,B
1.04,84,B
3.37,79,C
3.4,73,C
1.52,90,B
1.6,82,B
3.99,76,C
1.44,89,B
1.41,82,B
3.22,72,C
3.63,78,C
1.12,82,B
1.2,88,B
2.64,72,A
2.99,70,A
3.49,70,C
3.62,72,C
1.2,86,B
1.04,80,B
1.08,80,B
3.23,78,C
2.16,80,A
1.98,87,B
3.16,76,C
3.78,79,C
3.79,79,C
2.07,71,A
2.01,79,A
3.66,80,C
3.6,78,C
3.49,74,C
3.73,76,C
1.5,85,B
1.68,86,B
3.45,74,C
3.18,79,C
2.74,70,A
2.34,73,A
1.31,89,B
3.11,72,C
1.66,85,B
3.38,79,C
3.4,77,C
3.41,70,C
3.47,75,C
2.38,74,A
2.1,79,A
2.69,79,A
2.81,72,A
1.48,87,B
1.24,81,B
3.47,71,C
2.25,72,A
1.63,84,B
3.59,70,C
3.35,75,C
3.97,77,C
2.56,74,A
2.91,73,A
3.61,79,C
3.54,78,C
3.74,78,C
3.56,73,C
1.74,89,B
1.02,83,B
3.36,75,C
3.46,79,C
3.01,80,C
2.07,74,A
1.32,90,B
1.24,88,B
1.86,88,B
3.64,70,C
3.05,80,C
3.88,80,C
3.57,74,C
2.66,77,A
2.48,74,A
1.33,80,B
1.48,86,B
1.84,85,B
3.75,78,C
2.85,72,A
2.41,76,A
2.59,74,A
1.55,85,B
3.82,70,C
3.41,77,C
3.75,72,C
2.1,72,A
1.19,88,B
3.49,72,C
2.64,74,A
1.22,87,B
1.04,82,B
3.14,78,C
1.1,81,B
1.57,87,B
3.75,72,C
3.43,78,C
3.89,74,C
1.85,84,B
2.8,73,A
1.19,89,B
1.2,86,B
3.85,73,C
2.1,77,A
2.73,77,A
3.87,77,C
3.49,78,C
3.93,78,C
2.51,78,A
2.27,78,A
2.5,74,A
3.59,75,C
2.69,72,A
1.35,81,B
3.19,74,C
3.94,72,C
3.81,73,C
3.99,73,C
3.29,80,C
2.69,70,A
2.21,79,A
3.71,71,C
3.89,79,C
2.18,74,A
1.31,83,B
1.21,89,B
2.63,70,A
2.57,72,A
2.54,78,A
2.39,72,A
2.44,78,A
1.34,85,B
1.8,89,B
1.54,82,B
2.97,80,A
1.33,83,B
1.96,81,B
1.73,83,B
1.33,86,B
1.35,90,B
2.07,76,A
2.25,70,A
2.48,78,A
2.54,77,A
1.44,80,B
3.97,80,C
2.32,72,A
1.82,80,B
1.73,88,B
1.69,80,B
3.51,71,C
3.21,74,C
1.88,89,B
1.16,86,B
3.17,80,C
3.02,77,C
3.02,73,C
3.36,80,C
3.08,70,C
2.18,71,A
2.83,70,A
1.56,82,B
1.88,89,B
3.2,71,C
3.15,78,C
2.06,73,A
2.95,78,A
1.98,87,B
3.4,78,C
3.65,77,C
3.04,74,C
3.74,74,C
3.68,78,C
3.34,80,C
3.51,80,C
3.85,76,C
1.16,83,B
1.1,81,B
3.4,75,C
3.48,79,C
2.76,76,A
2.1,74,A
3.68,80,C
3.03,76,C
1.67,84,B
1.72,82,B
1.2,81,B
3.45,80,C
3.0,77,C
1.4,82,B
1.2,84,B
3.82,76,C
3.99,75,C
3.04,71,C
2.21,76,A
3.01,76,C
3.34,74,C
2.73,72,A
1.75,81,B
1.16,90,B
1.84,87,B
3.24,75,C
3.33,71,C
3.7,79,C
2.85,79,A
1.29,83,B
3.88,73,C
3.52,79,C
2.96,76,A
2.5,79,A
1.51,84,B
3.09,80,C
3.22,73,C
3.01,76,C
3.34,73,C
2.6,70,A
2.88,70,A
1.23,87,B
1.55,83,B
1.51,82,B
4.0,70,C
3.43,76,C
3.02,72,C
2.05,76,A
1.94,81,B
3.79,77,C
3.29,78,C
3.47,79,C
2.96,70,A
1.43,87,B
1.11,86,B
1.59,87,B
1.47,83,B
3.79,75,C
3.65,78,C
2.56,71,A
2.12,79,A
1.85,84,B
3.11,78,C
3.09,74,C
2.24,72,A
2.07,78,A
1.18,84,B
3.66,74,C
3.23,74,C
3.66,72,C
3.43,75,C
3.73,75,C
2.96,74,A
2.74,71,A
2.96,79,A
3.2,72,C
2.34,70,A
2.34,72,A
1.69,90,B
1.32,81,B
2.87,80,A
2.48,77,A
1.14,90,B
1.49,85,B
1.29,81,B
1.9,82,B
1.04,86,B
3.88,72,C
2.02,75,A
2.7,73,A
2.06,76,A
1.34,81,B
2.22,73,A
2.5,73,A
2.17,76,A
1.32,85,B
3.25,76,C
4.0,79,C
2.03,73,A
2.42,76,A
2.64,73,A
1.21,82,B
3.42,75,C
3.99,72,C
3.3,78,C
2.39,80,A
2.77,75,A
2.15,79,A
3.36,74,C
3.58,77,C
3.99,76,C
1.51,90,B
2.95,75,A
2.95,73,A
3.89,71,C
3.15,80,C
3.57,73,C
3.71,77,C
2.45,72,A
1.56,81,B
3.99,72,C
3.12,79,C
3.84,78,C
2.51,79,A
1.99,85,B
3.84,75,C
3.55,77,C
3.51,72,C
2.73,70,A
1.64,86,B
3.08,71,C
3.02,77,C
2.81,71,A
2.21,77,A
2.63,79,A
2.55,79,A
1.19,86,B
1.26,85,B
1.2,87,B
1.76,87,B
3.14,76,C
3.71,79,C
3.49,71,C
3.65,79,C
3.95,73,C
2.84,74,A
1.38,86,B
3.43,77,C
2.02,78,A
1.8,87,B
3.26,72,C
2.85,77,A
3.74,71,C
2.83,78,A
2.19,75,A
2.24,74,A
1.4,86,B
1.85,81,B
3.32,78,C
3.12,71,C
1.79,87,B
1.74,81,B
1.88,82,B
3.52,71,C
3.8,76,C
3.01,71,C
3.76,80,C
3.14,71,C
3.37,73,C
2.06,75,A
2.45,79,A
2.73,76,A
2.17,71,A
3.46,76,C
3.3,70,C
2.9,77,A
2.16,72,A
3.51,72,C
2.88,71,A
3.99,79,C
3.99,73,C
3.29,74,C
2.09,80,A
1.15,90,B
3.86,78,C
2.53,71,A
2.31,76,A
1.68,86,B
1.89,88,B
3.12,71,C
3.31,77,C
3.86,76,C
2.37,72,A
2.26,70,A
1.92,86,B
1.08,82,B
3.5,79,C
3.36,77,C
3.89,79,C
3.05,76,C
3.79,71,C
3.65,78,C
2.57,79,A
2.69,70,A
2.39,72,A
1.78,85,B
3.65,72,C
2.66,73,A
2.16,70,A
2.16,80,A
1.59,86,B
3.27,74,C
3.65,75,C
2.89,70,A
1.41,82,B
1.9,81,B
1.98,87,B
3.47,77,C
3.31,80,C
2.45,73,A
3.64,70,C
3.99,72,C
3.81,74,C
3.63,77,C
3.99,79,C
1.32,83,B
2.89,73,A
1.07,85,B
1.32,85,B
3.16,78,C
3.72,79,C
3.73,75,C
3.02,74,C
2.2,70,A
3.06,73,C
2.94,78,A
1.06,89,B
1.82,83,B
3.24,77,C
3.95,77,C
3.41,73,C
2.87,78,A
2.97,70,A
2.46,78,A
1.54,87,B
1.35,84,B
3.06,77,C
3.15,80,C
2.63,78,A
2.41,70,A
1.18,90,B
1.38,83,B
3.05,73,C
3.38,73,C
3.68,75,C
2.11,74,A
2.98,75,A
1.48,89,B
3.12,79,C
3.99,72,C
2.75,76,A
2.1,80,A
2.72,75,A
2.3,72,A
1.06,89,B
1.5,85,B
1.38,85,B
3.77,79,C
3.7,75,C
2.42,75,A
2.88,74,A
2.1,79,A
1.4,89,B
1.85,90,B
1.11,81,B
1.34,85,B
3.65,79,C
3.89,76,C
2.31,70,A
1.52,84,B
3.21,70,C
2.22,71,A
2.86,79,A
1.35,87,B
1.29,80,B
3.9,74,C
3.01,73,C
3.87,73,C
3.27,79,C
3.11,77,C
3.75,76,C
3.46,72,C
2.97,79,A
3.71,77,C
3.12,79,C
3.88,80,C
1.32,85,B
3.78,71,C
1.95,89,B
1.89,89,B
1.91,88,B
1.52,84,B
3.86,73,C
3.77,75,C
3.4,73,C
3.15,72,C
3.59,74,C
2.1,75,A
1.02,81,B
2.76,79,A
1.78,90,B
1.85,86,B
3.05,70,C
3.74,72,C
2.63,72,A
3.17,80,C
3.27,73,C
3.95,71,C
3.1,70,C
3.78,74,C
3.69,76,C
1.25,87,B
3.89,73,C
2.91,72,A
1.39,87,B
3.24,75,C
3.06,79,C
3.15,74,C
3.21,74,C
1.05,90,B
3.48,79,C
2.13,80,A
2.37,75,A
3.65,80,C
1.28,83,B
3.31,70,C
3.48,71,C
3.2,77,C
1.84,86,B
1.98,90,B
3.27,75,C
3.03,78,C
2.73,80,A
1.82,82,B
3.15,78,C
3.41,78,C
3.41,73,C
3.32,77,C
3.2,72,C
3.15,75,C
2.84,73,A
1.19,83,B
3.69,80,C
3.21,74,C
2.3,76,A
1.82,86,B
1.14,86,B
1.85,89,B
3.86,76,C
2.19,72,A
2.11,79,A
2.16,76,A
2.11,77,A
1.49,84,B
3.64,75,C
3.44,76,C
3.15,72,C
1.21,90,B
1.42,80,B
3.37,71,C
3.55,74,C
3.97,70,C
2.84,78,A
1.9,90,B
3.09,80,C
2.46,79,A
1.35,90,B
3.13,79,C
3.85,75,C
3.61,76,C
2.17,72,A
1.34,84,B
1.91,80,B
1.81,89,B
1.62,87,B
1.34,85,B
2.75,70,A
2.97,74,A
1.08,83,B
1.98,88,B
3.29,77,C
2.34,77,A
2.38,76,A
2.11,78,A
1.52,85,B
1.75,84,B
2.07,72,A
2.24,78,A
1.83,89,B
1.31,87,B
3.51,72,C
3.7,77,C
3.93,74,C
2.37,74,A
2.26,80,A
2.39,73,A
3.18,74,C
3.6,74,C
1.33,81,B
1.7,82,B
3.62,80,C
3.78,75,C
2.19,74,A
1.9,82,B
3.2,79,C
3.07,77,C
2.94,78,A
1.38,87,B
1.14,82,B
3.64,71,C
3.09,75,C
2.72,74,A
1.88,84,B
3.75,72,C
3.48,73,C
3.67,75,C
3.35,77,C
1.35,85,B
3.05,74,C
2.3,72,A
1.53,84,B
1.45,87,B
3.42,71,C
3.76,73,C
3.6,72,C
2.84,74,A
1.56,87,B
1.3,83,B
3.56,73,C
3.29,73,C
2.85,74,A
3.02,79,C
1.14,87,B
1.32,84,B
3.74,73,C
3.95,73,C
3.07,70,C
3.17,75,C
3.21,74,C
2.93,76,A
2.63,73,A
1.71,83,B
1.27,80,B
1.76,84,B
1.55,83,B
3.75,71,C
2.03,71,A
2.55,71,A
1.9,80,B
1.35,82,B
1.28,84,B
3.61,70,C
3.71,73,C
3.53,79,C
3.88,70,C
2.77,80,A
1.89,87,B
1.07,90,B
1.72,80,B
3.21,71,C
2.98,79,A
2.7,73,A
1.37,87,B
1.48,88,B
1.86,83,B
3.21,77,C
2.65,71,A
2.95,75,A
2.31,72,A
1.51,89,B
1.33,90,B
1.88,87,B
3.36,80,C
3.64,77,C
1.8,89,B
1.02,89,B
1.53,82,B
2.14,73,A
1.93,80,B
1.23,88,B
1.64,82,B
3.34,70,C
3.35,76,C
3.87,72,C
3.4,72,C
2.39,80,A
1.48,89,B
1.74,86,B
3.56,78,C
2.03,72,A
2.69,74,A
2.98,77,A
2.97,77,A
2.05,75,A
1.19,82,B
1.98,82,B
1.26,86,B
3.2,75,C
3.06,80,C
3.25,78,C
2.52,79,A
2.86,77,A
2.15,72,A
2.52,71,A
3.88,70,C
1.8,85,B
3.86,80,C
3.32,78,C
3.43,71,C
1.99,81,B
1.83,86,B
3.41,71,C
3.98,79,C
3.84,73,C
2.82,79,A
2.09,76,A
2.85,77,A
3.98,72,C
3.23,72,C
1.42,80,B
3.54,70,C
3.78,77,C
3.2,75,C
1.99,88,B
3.96,72,C
3.28,73,C
3.11,70,C
3.1,76,C
2.34,70,A
1.84,80,B
1.4,90,B
1.48,83,B
1.39,81,B
1.85,83,B
1.61,85,B
2.73,71,A
2.73,74,A
2.8,73,A
1.29,85,B
1.65,80,B
1.49,89,B
3.26,75,C
2.0,85,B
1.77,86,B
3.04,74,C
3.9,78,C
3.82,80,C
3.98,78,C
3.99,76,C
2.92,73,A
1.85,82,B
1.28,84,B
3.02,77,C
2.08,71,A
3.12,72,C
3.25,77,C
3.67,76,C
2.35,77,A
1.58,88,B
2.98,70,A
1.13,88,B
3.0,72,C
3.29,71,C
2.19,80,A
1.33,90,B
1.55,90,B
3.7,72,C
3.93,72,C
3.07,72,C
2.28,77,A
2.61,74,A
2.21,78,A
3.71,70,C
3.17,77,C
1.99,86,B
1.85,90,B
1.35,86,B
3.54,78,C
3.99,74,C
3.66,80,C
3.87,70,C
3.9,77,C
2.55,78,A
2.26,70,A
2.74,75,A
3.7,71,C
3.72,72,C
3.2,73,C
3.15,71,C
3.43,71,C
2.9,77,A
3.66,79,C
3.6,70,C
3.61,74,C
3.81,79,C
3.5,77,C
1.71,88,B
3.67,71,C
3.44,74,C
3.75,77,C
3.55,74,C
3.29,78,C
3.59,77,C
3.16,70,C
1.44,89,B
3.94,73,C
2.29,77,A
2.96,74,A
2.15,79,A
3.05,78,C
3.35,74,C
3.04,76,C
2.36,77,A
3.5,79,C
3.28,71,C
3.02,79,C
2.86,70,A
1.07,89,B
3.6,80,C
2.16,73,A
1.07,82,B
1.58,81,B
1.75,83,B
1.8,82,B
1.92,85,B
3.64,79,C
1.13,90,B
3.57,76,C
3.46,77,C
3.84,70,C
3.03,76,C
1.41,87,B
1.7,88,B
3.72,77,C
3.05,79,C
2.43,74,A
1.81,90,B
1.83,89,B
1.04,81,B
3.66,74,C
3.28,75,C
2.38,73,A
2.02,75,A
2.44,77,A
2.44,76,A
2.27,71,A
2.07,80,A
1.36,89,B
1.73,84,B
3.03,80,C
3.88,79,C
2.23,72,A
2.06,74,A
1.86,81,B
1.66,83,B
3.36,70,C
2.8,72,A
2.27,80,A
2.58,80,A
2.62,74,A
1.12,86,B
3.36,75,C
3.12,72,C
2.98,77,A
2.64,76,A
2.43,79,A
2.43,72,A
1.53,90,B
1.68,83,B
3.8,78,C
3.3,74,C
3.39,78,C
3.55,76,C
3.29,75,C
2.18,73,A
1.45,86,B
3.65,73,C
2.22,71,A
3.0,70,A
2.56,74,A
2.27,78,A
2.46,77,A
1.13,87,B
2.39,72,A
2.67,76,A
2.21,78,A
1.31,84,B
1.22,81,B
1.7,81,B
1.56,86,B
3.49,78,C
3.34,77,C
2.23,75,A
2.81,79,A
2.76,70,A
3.51,71,C
3.3,77,C
1.92,81,B
3.63,71,C
3.29,73,C
2.2,72,A
1.8,88,B
1.79,86,B
1.19,89,B
1.63,87,B
1.18,87,B
1.13,90,B
3.44,71,C
3.36,75,C
3.37,79,C
3.65,73,C
2.35,79,A
2.58,75,A
1.65,84,B
3.19,72,C
3.75,70,C
2.5,70,A
3.07,79,C
2.5,77,A
1.34,83,B
1.67,84,B
1.6,89,B
3.62,70,C
3.36,75,C
2.94,79,A
2.01,75,A
2.26,79,A
1.99,89,B
1.46,87,B
3.68,79,C
3.12,79,C
3.39,75,C
2.82,79,A
3.84,79,C
1.87,89,B
3.92,75,C
3.96,78,C
3.13,74,C
2.86,71,A
1.48,86,B
1.45,80,B
3.67,75,C
3.66,72,C
2.29,72,A
1.17,88,B
3.18,75,C
3.01,77,C
2.42,74,A
2.36,73,A
3.55,79,C
2.07,77,A
1.48,84,B
1.64,80,B
3.11,72,C
2.6,77,A
1.97,83,B
2.98,70,A
1.89,85,B
1.83,84,B
3.87,71,C
3.09,79,C
3.42,79,C
2.79,73,A
2.57,80,A
3.6,70,C
2.22,79,A
2.16,70,A
1.85,90,B
1.86,86,B
1.98,88,B
1.23,82,B
3.09,78,C
3.28,70,C
2.62,70,A
2.24,72,A
3.93,72,C
2.67,71,A
2.03,79,A
1.17,82,B
1.99,82,B
3.68,74,C
3.38,76,C
3.69,75,C
2.68,70,A
2.75,78,A
1.57,82,B
3.93,72,C
2.09,72,A
2.06,72,A
1.11,90,B
1.1,83,B
1.41,83,B
2.61,71,A
2.4,70,A
2.73,76,A
1.65,86,B
1.62,84,B
3.24,78,C
4.0,71,C
3.78,70,C
3.34,72,C
3.51,70,C
3.15,71,C
2.33,76,A
1.58,90,B
1.84,87,B
3.38,74,C
2.36,71,A
1.94,82,B
1.1,86,B
3.14,77,C
3.59,78,C
3.7,73,C
3.61,77,C
2.48,76,A
2.15,78,A
2.87,75,A
2.95,77,A
2.93,70,A
1.82,84,B
3.67,79,C
3.17,74,C
3.38,74,C
2.82,70,A
2.39,78,A
1.63,85,B
1.03,84,B
1.88,83,B
1.74,89,B
1.25,81,B
3.19,79,C
3.08,75,C
2.36,75,A
1.99,83,B
2.0,81,B
3.8,76,C
3.55,80,C
1.32,86,B
3.82,79,C
3.93,75,C
3.75,73,C
2.01,72,A
2.74,73,A
2.93,76,A
2.08,71,A
2.23,79,A
3.57,72,C
2.13,73,A
2.38,80,A
2.49,79,A
1.95,86,B
1.28,87,B
3.91,70,C
3.52,72,C
3.8,79,C
1.95,83,B
1.64,86,B
1.15,85,B
3.23,78,C
3.17,79,C
3.89,72,C
3.31,78,C
1.36,81,B
2.67,75,A
2.88,71,A
2.09,76,A
1.11,80,B
3.22,70,C
3.99,78,C
1.61,81,B
1.09,82,B
1.84,82,B
3.16,78,C
1.54,90,B
3.66,70,C
2.6,75,A
2.51,80,A
1.23,84,B
1.09,83,B
3.72,73,C
1.8,82,B
3.44,70,C
1.64,90,B
1.36,84,B
3.22,72,C
3.59,70,C
1.82,89,B
1.5,87,B
3.95,72,C
3.28,79,C
3.77,72,C
3.57,79,C
2.87,77,A
1.29,85,B
1.59,87,B
3.97,77,C
3.91,75,C
2.35,74,A
2.09,70,A
1.7,81,B
3.26,76,C
3.05,80,C
2.39,71,A
2.02,72,A
2.9,72,A
1.1,85,B
1.24,84,B
1.19,82,B
3.99,79,C
3.72,73,C
3.26,73,C
2.17,70,A
2.93,73,A
1.11,88,B
1.57,83,B
1.19,82,B
3.33,72,C
3.6,77,C
3.01,75,C
2.71,70,A
2.33,77,A
2.78,76,A
3.25,77,C
3.11,75,C
2.66,72,A
2.02,74,A
2.02,72,A
2.62,78,A
1.81,81,B
3.42,76,C
3.89,74,C
3.61,72,C
3.82,80,C
3.71,75,C
2.77,75,A
1.45,80,B
1.5,88,B
1.52,89,B
1.95,80,B
1.07,80,B
3.98,75,C
3.54,71,C
3.93,75,C
3.55,79,C
2.51,74,A
3.29,73,C
3.22,80,C
3.16,75,C
2.24,75,A
3.12,71,C
2.82,73,A
2.53,78,A
2.4,77,A
2.04,72,A
2.23,78,A
2.36,73,A
1.34,86,B
3.28,80,C
3.3,71,C
2.75,77,A
1.76,89,B
3.86,80,C
3.67,70,C
1.24,82,B
1.17,83,B
3.08,79,C
3.79,71,C
2.59,78,A
1.12,84,B
1.51,85,B
3.22,72,C
3.59,75,C
3.55,79,C
3.96,74,C
1.45,81,B
1.75,85,B
3.58,79,C
3.84,77,C
1.83,80,B
2.43,72,A
3.02,74,C
3.8,78,C
2.06,71,A
2.3,75,A
2.36,79,A
2.61,70,A
1.61,87,B
1.94,85,B
1.49,87,B
1.65,90,B
3.17,78,C
3.66,73,C
3.05,75,C
3.36,73,C
3.1,74,C
2.86,73,A
1.45,90,B
1.39,88,B
1.42,90,B
1.78,89,B
3.09,80,C
3.37,70,C
3.36,79,C
1.91,84,B
3.89,79,C
3.4,70,C
2.24,70,A
1.65,85,B
1.52,90,B
1.34,84,B
3.76,74,C
3.93,72,C
2.54,71,A
2.32,75,A
1.44,83,B
1.04,85,B
1.87,81,B
1.17,85,B
3.25,73,C
3.78,80,C
2.15,72,A
2.44,71,A
2.69,79,A
1.9,84,B
1.2,86,B
3.77,73,C
3.51,80,C
3.99,79,C
3.49,78,C
2.76,71,A
2.84,80,A
1.88,86,B
2.29,71,A
1.64,90,B
1.2,87,B
1.07,84,B
1.08,86,B
3.03,71,C
3.32,72,C
3.74,76,C
2.51,78,A
2.01,70,A
2.69,74,A
1.98,82,B
3.87,71,C
2.59,79,A
2.99,78,A
1.77,83,B
3.52,78,C
3.47,77,C
3.7,79,C
2.74,79,A
2.13,75,A
3.14,80,C
3.34,71,C
2.04,72,A
2.51,80,A
2.46,73,A
1.88,84,B
3.42,73,C
3.58,77,C
3.43,78,C
3.45,73,C
3.42,79,C
3.6,74,C
2.57,70,A
2.01,74,A
1.27,89,B
1.27,86,B
1.25,86,B
3.82,77,C
3.68,80,C
2.27,73,A
2.15,80,A
2.82,72,A
3.18,73,C
2.92,79,A
1.52,82,B
3.28,74,C
2.24,80,A
2.31,79,A
2.28,79,A
1.35,82,B
3.26,78,C
3.21,70,C
1.49,83,B
3.18,75,C
3.34,76,C
3.84,77,C
3.56,74,C
2.01,77,A
1.23,83,B
1.22,89,B
3.37,70,C
3.47,78,C
3.06,72,C
2.09,73,A
1.89,90,B
1.89,82,B
1.51,84,B
2.9,77,A
1.64,90,B
3.01,74,C
3.25,77,C
3.27,75,C
3.91,79,C
1.22,85,B
1.35,80,B
1.11,81,B
1.4,85,B
3.24,76,C
3.26,80,C
3.72,77,C
3.22,73,C
2.87,73,A
2.43,73,A
1.85,89,B
1.05,80,B
3.67,76,C
3.29,79,C
3.07,71,C
2.99,76,A
2.64,78,A
1.33,87,B
3.67,78,C
2.84,71,A
1.76,80,B
3.52,76,C
2.28,77,A
2.74,77,A
1.42,81,B
1.57,81,B
1.1,84,B
3.94,79,C
2.36,77,A
2.63,70,A
2.72,79,A
1.73,87,B
1.81,85,B
1.55,86,B
3.86,79,C
3.49,76,C
1.6,87,B
1.2,84,B
3.45,74,C
3.27,80,C
3.76,72,C
3.51,80,C
1.9,88,B
1.43,85,B
3.76,80,C
2.44,72,A
1.58,84,B
3.08,71,C
2.32,80,A
2.04,72,A
3.8,80,C
3.71,75,C
3.62,73,C
1.21,90,B
1.48,87,B
1.6,83,B
2.97,70,A
1.53,90,B
3.8,75,C
3.81,78,C
3.19,80,C
3.24,71,C
3.59,74,C
2.62,74,A
1.97,90,B
3.63,79,C
3.07,78,C
3.81,74,C
2.14,73,A
2.23,70,A
2.76,74,A
1.82,85,B
1.68,82,B
2.56,72,A
2.62,77,A
3.8,78,C
3.22,74,C
3.92,80,C
3.37,72,C
3.45,75,C
1.75,87,B
1.59,90,B
3.35,72,C
3.47,74,C
2.41,72,A
2.37,79,A
2.57,76,A
1.25,80,B
1.84,85,B
3.0,74,C
1.58,84,B
1.45,87,B
3.96,76,C
3.37,74,C
1.5,84,B
3.78,76,C
3.89,72,C
3.84,80,C
3.79,70,C
2.76,73,A
2.61,79,A
2.52,76,A
1.52,90,B
1.58,81,B
1.84,89,B
3.61,73,C
2.72,79,A
2.66,74,A
1.26,80,B
3.6,78,C
3.31,79,C
2.31,74,A
1.78,81,B
1.65,90,B
3.26,78,C
3.51,74,C
3.33,71,C
3.77,79,C
2.61,73,A
1.87,82,B
3.99,71,C
3.42,77,C
2.52,76,A
2.81,73,A
2.98,70,A
1.11,82,B
1.69,84,B
3.52,76,C
3.69,71,C
3.32,80,C
1.71,81,B
3.81,73,C
3.22,71,C
2.36,79,A
1.63,84,B
1.24,84,B
1.08,84,B
3.65,79,C
3.6,79,C
3.0,80,A
2.6,71,A
1.79,87,B
1.86,86,B
2.12,76,A
2.79,78,A
1.64,82,B
1.18,83,B
1.89,84,B
3.36,73,C
3.59,77,C
2.39,75,A
3.42,74,C
2.94,73,A
3.74,71,C
3.76,71,C
2.24,70,A
2.42,80,A
2.82,76,A
1.83,87,B
3.75,75,C
2.41,75,A
2.97,72,A
1.68,86,B
1.31,88,B
1.6,90,B
1.02,90,B
3.75,71,C
3.93,78,C
2.22,75,A
1.41,90,B
2.42,76,A
1.56,90,B
3.3,77,C
3.9,80,C
3.93,76,C
2.18,74,A
1.55,87,B
3.9,74,C
3.13,70,C
2.14,78,A
1.36,86,B
2.84,77,A
1.21,80,B
3.66,72,C
3.54,75,C
3.53,76,C
4.0,73,C
3.24,76,C
3.06,76,C
3.07,79,C
2.37,80,A
1.54,89,B
3.31,79,C
2.18,71,A
2.75,76,A
3.79,74,C
3.61,80,C
3.59,77,C
2.39,72,A
2.04,72,A
3.24,78,C
2.01,76,A
1.17,88,B
1.44,83,B
1.06,82,B
3.96,73,C
3.72,75,C
2.16,79,A
1.84,86,B
1.66,80,B
2.91,80,A
2.83,79,A
1.09,82,B
1.42,90,B
1.65,86,B
3.71,80,C
3.18,80,C
3.92,80,C
2.14,75,A
3.77,79,C
3.41,76,C
2.61,74,A
2.51,72,A
1.64,84,B
3.43,72,C
3.71,74,C
3.64,75,C
3.65,79,C
3.67,78,C
2.93,75,A
1.15,90,B
3.5,74,C
3.05,74,C
3.15,75,C
3.34,76,C
2.92,72,A
1.18,81,B
3.79,76,C
3.7,75,C
1.08,86,B
3.76,75,C
3.71,70,C
2.78,75,A
2.16,74,A
1.06,81,B
3.64,74,C
2.83,79,A
2.69,77,A
1.33,84,B
1.74,80,B
3.87,72,C
3.94,77,C
1.19,82,B
1.95,90,B
1.49,81,B
3.77,78,C
3.59,74,C
3.23,80,C
3.2,79,C
3.16,78,C
2.24,80,A
2.36,71,A
2.27,79,A
1.54,86,B
3.18,74,C
3.8,80,C
3.13,74,C
3.08,80,C
3.28,70,C
1.92,80,B
3.11,72,C
3.13,72,C
2.98,77,A
2.15,70,A
1.29,90,B
3.22,70,C
2.65,79,A
2.99,71,A
1.39,80,B
1.09,89,B
1.71,83,B
3.46,77,C
2.86,74,A
2.67,72,A
2.65,72,A
1.97,89,B
1.85,85,B
1.39,86,B
3.71,76,C
3.52,79,C
3.91,78,C
2.74,75,A
2.98,70,A
2.67,75,A
2.49,76,A
1.59,81,B
3.42,72,C
3.89,71,C
2.07,70,A
2.78,70,A
3.44,75,C
3.4,73,C
2.49,73,A
2.35,80,A
1.61,81,B
3.79,80,C
3.49,78,C
3.74,73,C
2.11,79,A
1.56,88,B
3.52,71,C
3.14,71,C
2.99,79,A
2.52,70,A
1.91,90,B
1.24,89,B
3.88,74,C
1.23,85,B
2.16,75,A
1.75,81,B
1.77,82,B
1.58,83,B
3.44,70,C
3.62,75,C
2.8,80,A
2.64,79,A
1.33,84,B
3.68,76,C
3.4,72,C
3.38,77,C
2.42,76,A
1.1,85,B
1.78,90,B
3.51,72,C
3.62,75,C
2.64,70,A
3.2,80,C
3.55,74,C
2.58,75,A
1.4,80,B
1.96,82,B
1.86,84,B
1.17,83,B
3.65,78,C
3.76,74,C
2.5,74,A
2.19,73,A
2.05,76,A
1.07,83,B
1.47,90,B
1.58,81,B
3.54,80,C
3.91,78,C
3.71,75,C
2.49,78,A
2.65,71,A
1.99,85,B
3.8,78,C
3.55,73,C
3.15,78,C
3.27,70,C
3.18,77,C
1.83,81,B
1.45,86,B
1.88,89,B
1.3,90,B
3.46,77,C
3.37,79,C
3.12,73,C
3.34,78,C
2.93,77,A
1.42,80,B
1.27,89,B
3.96,78,C
2.37,74,A
2.27,79,A
1.91,82,B
1.27,80,B
1.61,90,B
3.87,72,C
2.65,71,A
1.52,81,B
1.61,84,B
3.62,78,C
2.52,72,A
2.28,71,A
3.17,73,C
1.12,87,B
3.62,71,C
3.26,75,C
3.81,71,C
3.17,76,C
3.23,76,C
3.76,76,C
3.71,80,C
2.12,70,A
1.12,86,B
3.3,73,C
3.85,70,C
3.71,77,C
3.83,71,C
3.21,72,C
2.27,74,A
2.01,75,A
1.37,90,B
1.65,89,B
3.5,71,C
3.11,77,C
2.13,80,A
1.24,85,B
1.61,81,B
1.33,80,B
3.44,76,C
1.99,90,B
1.1,84,B
1.34,89,B
3.99,75,C
3.9,77,C
1.55,87,B
1.63,90,B
3.98,74,C
3.2,76,C
3.43,75,C
3.33,79,C
2.12,75,A
2.22,73,A
2.79,78,A
1.77,87,B
1.81,88,B
3.28,80,C
3.01,72,C
3.03,71,C
1.64,84,B
1.69,84,B
1.97,88,B
3.47,74,C
3.46,79,C
2.15,78,A
1.05,85,B
3.14,78,C
2.41,71,A
2.54,71,A
2.19,75,A
1.34,81,B
3.2,72,C
3.46,73,C
3.28,70,C
2.12,76,A
2.09,77,A
2.2,72,A
1.54,90,B
3.26,79,C
3.91,71,C
3.54,76,C
3.98,80,C
3.58,79,C
2.68,78,A
1.16,90,B
3.96,79,C
2.56,75,A
1.8,88,B
3.07,77,C
3.01,70,C
3.5,80,C
1.35,81,B
3.56,73,C
3.66,71,C
3.18,70,C
2.44,70,A
2.02,71,A
2.27,77,A
1.31,84,B
1.69,81,B
1.73,80,B
1.23,82,B
3.75,74,C
3.65,74,C
3.98,79,C
2.21,71,A
2.75,72,A
1.55,90,B
1.84,85,B
3.74,74,C
3.9,70,C
3.68,71,C
3.07,80,C
3.62,79,C
3.73,73,C
2.84,80,A
2.69,73,A
2.57,70,A
1.32,89,B
1.51,83,B
3.83,73,C
2.97,79,A
2.73,76,A
2.72,76,A
1.37,82,B
3.28,77,C
3.88,71,C
2.32,77,A
2.13,76,A
2.85,79,A
1.26,80,B
1.22,89,B
2.97,76,A
3.1,80,C
2.84,75,A
3.25,76,C
3.02,77,C
3.23,74,C
3.94,71,C
2.96,78,A
2.89,80,A
1.51,80,B
3.89,80,C
3.92,72,C
2.79,72,A
3.63,80,C
3.61,77,C
2.68,72,A
1.17,84,B
1.77,83,B
3.31,79,C
3.35,77,C
2.78,76,A
2.82,80,A
1.61,82,B
1.6,87,B
3.66,71,C
3.47,75,C
2.48,71,A
2.59,79,A
1.34,83,B
1.57,81,B
3.18,71,C
4.0,73,C
3.34,74,C
2.15,70,A
2.25,79,A
1.2,90,B
1.23,85,B
1.84,87,B
3.03,75,C
3.02,77,C
2.17,78,A
2.96,73,A
2.09,73,A
1.39,85,B
1.11,88,B
3.3,75,C
3.67,71,C
3.82,72,C
2.07,75,A
2.79,71,A
1.94,87,B
1.01,87,B
1.74,88,B
3.07,75,C
3.47,78,C
2.29,71,A
1.31,86,B
1.72,85,B
1.82,85,B
3.3,74,C
3.65,78,C
3.69,70,C
3.45,76,C
3.64,80,C
3.38,73,C
2.37,75,A
1.74,88,B
1.74,80,B
3.5,79,C
3.35,80,C
3.92,73,C
2.37,79,A
3.51,72,C
3.9,74,C
2.99,75,A
2.71,73,A
1.27,90,B
1.49,83,B
2.58,79,A
1.46,82,B
1.03,85,B
1.68,84,B
1.3,85,B
3.04,78,C
3.66,76,C
2.81,79,A
2.04,70,A
2.32,77,A
1.4,87,B
3.17,79,C
1.09,89,B
1.87,84,B
1.85,83,B
1.64,84,B
3.47,73,C
3.35,77,C
1.32,89,B
3.4,73,C
2.56,72,A
2.55,76,A
1.19,83,B
3.46,75,C
2.31,74,A
1.72,87,B
1.27,82,B
3.67,74,C
3.24,79,C
3.26,72,C
3.83,77,C
2.19,80,A
3.7,77,C
3.08,71,C
1.67,90,B
1.18,85,B
1.71,82,B
3.19,70,C
2.05,74,A
2.64,70,A
2.92,71,A
2.03,78,A
1.15,86,B
1.0,82,B
1.29,84,B
1.44,88,B
3.34,74,C
2.2,75,A
1.94,86,B
1.86,87,B
3.63,80,C
2.66,76,A
1.72,86,B
1.05,80,B
3.12,79,C
3.04,74,C
2.4,72,A
1.42,89,B
1.48,89,B
3.2,77,C
3.3,70,C
3.34,76,C
3.09,74,C
3.14,74,C
1.85,84,B
1.73,87,B
1.94,86,B
3.99,72,C
3.99,80,C
2.77,70,A
1.92,81,B
3.06,71,C
3.51,79,C
2.94,70,A
1.09,89,B
3.68,71,C
3.94,79,C
3.16,76,C
3.75,76,C
3.88,79,C
1.54,90,B
1.19,80,B
3.82,73,C
3.47,72,C
3.42,73,C
2.48,72,A
2.24,70,A
2.16,76,A
1.66,81,B
1.98,83,B
3.46,71,C
3.01,79,C
2.31,76,A
2.93,78,A
1.45,80,B
1.31,86,B
3.98,78,C
3.89,73,C
2.18,77,A
1.07,88,B
1.55,84,B
3.81,79,C
3.96,75,C
3.01,80,C
2.9,79,A
2.09,79,A
2.69,73,A
2.46,75,A
1.73,80,B
3.57,76,C
2.67,70,A
2.06,73,A
2.43,73,A
1.57,86,B
1.67,88,B
3.41,73,C
3.58,72,C
3.84,79,C
3.05,70,C
2.11,73,A
2.06,73,A
1.35,87,B
1.3,88,B
1.32,83,B
1.13,82,B
1.97,88,B
1.92,85,B
1.96,86,B
3.53,79,C
3.85,70,C
3.62,77,C
3.12,70,C
2.33,75,A
2.42,71,A
2.39,80,A
1.2,83,B
1.96,90,B
2.06,70,A
2.62,73,A
2.3,70,A
2.79,76,A
1.86,90,B
1.03,82,B
3.9,77,C
2.87,77,A
2.38,78,A
1.58,89,B
3.32,74,C
1.08,85,B
1.36,85,B
3.38,74,C
3.75,75,C
2.6,73,A
2.96,72,A
2.54,73,A
1.15,90,B
1.71,87,B
3.54,73,C
3.01,76,C
3.37,73,C
2.57,77,A
2.19,76,A
3.77,79,C
3.94,73,C
2.36,74,A
1.79,86,B
1.02,82,B
3.78,71,C
3.68,74,C
3.16,79,C
2.86,78,A
1.94,89,B
1.69,80,B
1.17,81,B
3.66,70,C
3.47,80,C
3.35,77,C
2.89,73,A
2.38,73,A
3.9,70,C
2.46,80,A
2.94,79,A
1.44,81,B
1.96,89,B
3.31,72,C
3.63,79,C
2.57,75,A
2.28,78,A
2.99,77,A
3.95,78,C
2.65,72,A
2.7,70,A
2.79,79,A
1.42,84,B
1.88,88,B
1.21,80,B
3.61,79,C
2.42,71,A
1.07,82,B
3.88,75,C
3.37,76,C
2.0,85,B
1.79,84,B
3.08,70,C
2.71,72,A
2.55,70,A
3.38,70,C
1.59,87,B
1.47,90,B
1.9,88,B
2.02,70,A
2.56,75,A
1.46,85,B
1.7,81,B
3.15,74,C
3.95,75,C
2.33,74,A
1.42,80,B
1.84,84,B
3.67,73,C
3.59,75,C
3.27,73,C
2.71,71,A
2.45,78,A
1.03,87,B
1.35,82,B
3.27,72,C
3.66,80,C
3.44,75,C
3.72,77,C
2.92,73,A
2.38,71,A
2.21,75,A
2.64,79,A
2.8,72,A
1.38,88,B
3.07,71,C
3.61,73,C
3.46,80,C
3.56,73,C
3.16,74,C
3.58,71,C
3.37,75,C
3.94,71,C
2.34,80,A
2.56,70,A
1.71,80,B
3.02,75,C
3.48,75,C
2.2,74,A
2.06,71,A
1.97,85,B
1.75,86,B
3.46,70,C
3.0,72,C
3.28,76,C
2.11,74,A
1.98,90,B
1.26,80,B
2.35,70,A
2.17,75,A
2.99,79,A
1.65,89,B
3.39,71,C
2.84,74,A
2.65,78,A
3.97,75,C
2.08,80,A
1.46,88,B
2.82,75,A
2.47,73,A
1.69,89,B
3.02,78,C
2.34,71,A
1.85,84,B
3.55,70,C
2.92,78,A
3.59,72,C
2.03,74,A
1.4,85,B
3.92,70,C
3.58,75,C
3.35,74,C
3.99,73,C
3.57,73,C
2.75,72,A
1.75,89,B
1.3,85,B
3.34,80,C
3.24,77,C
3.86,78,C
2.01,78,A
1.36,86,B
1.51,84,B
1.31,81,B
3.11,77,C
3.59,75,C
2.93,71,A
2.21,74,A
2.81,76,A
3.58,72,C
2.89,78,A
2.19,72,A
1.03,83,B
1.25,90,B
3.57,76,C
3.83,70,C
3.76,75,C
3.27,71,C
3.14,75,C
2.45,80,A
1.76,87,B
1.67,81,B
1.42,87,B
1.88,85,B
3.74,76,C
3.03,79,C
3.93,74,C
2.97,70,A
1.9,84,B
1.99,87,B
1.17,90,B
2.18,78,A
2.13,75,A
2.92,75,A
2.05,78,A
1.2,86,B
1.15,84,B
3.36,77,C
3.99,71,C
1.22,90,B
2.23,74,A
2.06,79,A
2.12,73,A
1.35,82,B
1.44,87,B
3.55,72,C
3.46,75,C
3.11,70,C
2.38,80,A
1.19,90,B
1.59,87,B
1.48,84,B
2.3,74,A
1.26,88,B
3.11,75,C
3.23,76,C
2.25,73,A
1.8,83,B
1.92,80,B
3.86,76,C
1.22,90,B
3.54,76,C
2.73,73,A
2.33,74,A
1.76,83,B
1.54,90,B
3.26,70,C
3.37,76,C
3.09,77,C
3.04,74,C
3.84,71,C
1.21,82,B
3.46,72,C
3.13,73,C
2.33,77,A
2.53,73,A
2.35,79,A
1.43,80,B
1.31,82,B
1.21,82,B
1.94,83,B
3.16,72,C
3.58,75,C
1.76,88,B
1.97,83,B
3.82,71,C
2.1,76,A
2.2,80,A
3.46,78,C
3.95,75,C
3.21,78,C
3.06,72,C
2.67,79,A
2.83,80,A
2.27,72,A
2.17,80,A
3.93,80,C
1.62,89,B
3.98,78,C
3.85,70,C
2.08,78,A
3.93,80,C
3.84,75,C
2.37,79,A
1.11,85,B
1.87,86,B
1.96,85,B
3.69,75,C
3.33,70,C
3.09,76,C
2.88,77,A
1.76,84,B
3.51,77,C
3.28,79,C
3.37,73,C
3.49,73,C
3.59,76,C
2.57,77,A
2.36,79,A
1.71,84,B
1.18,86,B
1.53,80,B
1.19,89,B
3.14,77,C
3.73,73,C
2.39,75,A
1.48,82,B
3.05,74,C
3.16,79,C
3.07,73,C
3.51,72,C
2.17,79,A
2.1,70,A
2.33,72,A
3.47,75,C
3.29,79,C
3.25,80,C
3.06,75,C
2.17,76,A
2.46,71,A
1.27,88,B
3.69,80,C
1.32,89,B
1.01,87,B
1.74,88,B
3.94,74,C
3.88,79,C
3.22,74,C
2.69,70,A
2.37,72,A
1.84,85,B
3.52,78,C
3.32,71,C
3.79,71,C
1.72,80,B
2.55,78,A
2.11,79,A
1.63,81,B
2.63,78,A
3.65,74,C
3.8,80,C
3.56,75,C
1.05,88,B
3.3,80,C
3.11,74,C
2.61,70,A
1.92,83,B
1.81,85,B
1.26,84,B
3.08,80,C
3.15,72,C
3.6,73,C
3.73,76,C
1.95,88,B
3.31,75,C
3.09,73,C
3.73,79,C
2.31,73,A
2.85,78,A
2.05,78,A
1.07,89,B
1.12,83,B
3.38,80,C
3.65,80,C
1.37,90,B
3.76,76,C
2.2,71,A
2.59,79,A
1.46,84,B
3.58,77,C
3.41,73,C
2.71,77,A
2.17,73,A
1.83,85,B
3.38,70,C
2.21,73,A
2.59,74,A
2.97,71,A
1.53,87,B
1.51,89,B
3.23,76,C
2.53,74,A
2.48,75,A
2.27,76,A
1.56,87,B
1.73,87,B
1.45,89,B
1.92,84,B
1.89,86,B
1.43,89,B
1.98,80,B
3.76,70,C
3.74,71,C
2.36,79,A
2.89,72,A
1.01,85,B
3.62,77,C
3.73,72,C
3.3,80,C
2.6,76,A
1.43,82,B
1.26,83,B
3.1,74,C
3.75,75,C
2.28,72,A
2.82,77,A
1.16,84,B
1.06,87,B
1.92,84,B
3.56,74,C
3.62,78,C
2.21,73,A
1.91,88,B
3.21,70,C
2.73,74,A
2.43,73,A
2.02,77,A
2.38,78,A
1.18,80,B
1.14,87,B
3.81,73,C
3.83,70,C
3.76,77,C
2.48,77,A
2.07,72,A
1.0,82,B
1.86,87,B
2.47,75,A
1.89,84,B
3.7,74,C
3.04,73,C
3.91,72,C
3.41,70,C
1.36,85,B
1.07,89,B
3.53,79,C
1.79,86,B
3.18,76,C
3.01,70,C
2.14,75,A
1.24,90,B
1.44,88,B
1.96,90,B
3.01,71,C
3.53,80,C
3.46,79,C
2.2,77,A
1.77,89,B
1.7,83,B
1.99,86,B
3.58,74,C
3.5,74,C
2.64,75,A
1.72,84,B
1.05,84,B
1.97,87,B
1.08,82,B
2.9,76,A
3.92,78,C
3.42,74,C
3.29,72,C
3.15,75,C
3.04,72,C
3.05,78,C
2.5,71,A
2.89,79,A
2.37,72,A
3.65,72,C
2.82,77,A
1.96,81,B
3.14,73,C
3.28,72,C
3.54,79,C
3.13,74,C
1.21,84,B
3.08,77,C
3.45,72,C
3.88,78,C
3.68,80,C
2.54,71,A
2.15,75,A
2.37,71,A
1.21,87,B
1.26,80,B
3.97,71,C
3.01,71,C
3.93,78,C
2.02,71,A
1.22,87,B
1.34,89,B
2.15,78,A
1.03,85,B
1.59,84,B
3.44,79,C
2.23,78,A
3.76,75,C
3.63,72,C
3.19,71,C
2.97,70,A
3.6,80,C
2.75,72,A
1.56,85,B
1.97,87,B
1.88,80,B
3.07,79,C
3.17,77,C
1.61,82,B
1.1,81,B
3.81,70,C
3.3,70,C
2.4,74,A
2.39,77,A
1.33,90,B
1.43,83,B
1.69,90,B
1.56,88,B
1.35,81,B
3.56,70,C
3.25,70,C
2.07,80,A
1.35,89,B
2.91,71,A
1.32,85,B
3.22,74,C
3.33,80,C
2.38,74,A
1.21,87,B
1.21,81,B
1.56,80,B
3.9,73,C
3.83,78,C
2.51,76,A
2.71,74,A
1.23,85,B
2.44,71,A
1.38,86,B
3.51,75,C
3.44,76,C
2.86,78,A
2.46,80,A
2.06,77,A
1.18,89,B
1.04,88,B
3.95,80,C
3.02,76,C
3.62,80,C
2.59,78,A
3.28,76,C
3.93,74,C
3.96,77,C
3.15,72,C
2.65,76,A
2.26,76,A
2.78,72,A
2.31,73,A
1.4,85,B
3.47,80,C
3.28,79,C
2.19,76,A
2.91,71,A
1.9,90,B
3.76,70,C
3.4,79,C
3.67,74,C
2.01,78,A
1.42,81,B
1.69,82,B
1.28,89,B
3.35,72,C
3.57,77,C
2.32,74,A
2.61,74,A
2.04,71,A
1.85,84,B
1.68,80,B
3.19,77,C
3.45,74,C
2.21,78,A
2.27,73,A
1.12,87,B
1.95,90,B
1.74,85,B
1.23,82,B
3.27,74,C
3.39,72,C
2.51,70,A
2.62,77,A
2.17,71,A
1.69,89,B
3.21,76,C
3.67,72,C
1.95,88,B
1.3,89,B
3.27,75,C
3.86,76,C
3.19,78,C
3.19,70,C
2.16,79,A
2.7,71,A
1.03,87,B
3.68,76,C
1.61,89,B
1.97,84,B
1.81,89,B
1.68,80,B
3.95,71,C
1.17,87,B
3.84,80,C
3.74,71,C
3.49,78,C
3.5,70,C
2.31,71,A
3.22,71,C
3.82,80,C
3.89,70,C
2.73,71,A
2.34,75,A
2.59,77,A
2.0,84,B
1.55,86,B
3.63,77,C
3.82,76,C
3.86,73,C
2.55,74,A
2.39,79,A
2.87,80,A
1.92,89,B
1.91,83,B
3.99,70,C
3.45,75,C
3.61,71,C
3.07,80,C
3.73,80,C
2.39,80,A
2.62,72,A
3.17,72,C
3.63,73,C
3.19,72,C
3.62,79,C
2.05,71,A
1.89,90,B
3.15,70,C
3.34,80,C
2.22,78,A
1.68,85,B
3.65,70,C
3.01,71,C
2.58,70,A
1.99,80,B
1.17,84,B
3.72,71,C
3.49,76,C
3.9,75,C
2.32,79,A
1.09,86,B
1.63,85,B
3.13,74,C
3.12,71,C
3.33,70,C
3.09,70,C
3.78,76,C
1.04,84,B
1.57,83,B
3.38,80,C
3.25,78,C
2.25,79,A
2.54,80,A
1.13,82,B
3.91,78,C
3.35,77,C
2.49,75,A
2.24,77,A
3.46,76,C
3.85,80,C
2.91,75,A
1.27,84,B
1.66,86,B
3.54,76,C
2.96,78,A
1.69,81,B
1.33,84,B
3.84,77,C
3.84,70,C
3.87,79,C
1.47,81,B
1.25,89,B
1.72,86,B
3.6,79,C
3.5,76,C
1.69,87,B
1.14,84,B
3.95,76,C
3.98,74,C
1.91,89,B
3.1,78,C
3.96,70,C
2.01,77,A
1.07,88,B
1.15,85,B
2.1,78,A
2.09,75,A
2.7,80,A
1.23,83,B
1.93,84,B
3.92,72,C
3.15,77,C
3.63,72,C
2.41,76,A
2.43,74,A
1.46,87,B
1.83,89,B
1.12,87,B
3.72,78,C
3.33,80,C
3.15,78,C
3.66,78,C
3.89,80,C
2.1,79,A
2.22,74,A
1.15,84,B
1.52,82,B
1.17,83,B
1.91,84,B
1.28,84,B
3.57,70,C
3.39,70,C
2.4,70,A
3.13,70,C
3.07,79,C
2.09,70,A
2.9,74,A
1.42,80,B
3.19,73,C
3.72,79,C
3.6,74,C
2.35,76,A
2.15,71,A
1.25,80,B
1.01,86,B
3.68,77,C
2.8,70,A
3.03,73,C
2.87,78,A
1.71,86,B
3.3,72,C
3.7,73,C
3.52,74,C
1.37,86,B
3.0,77,C
3.66,77,C
3.77,76,C
3.44,75,C
2.78,77,A
1.43,86,B
1.78,81,B
4.0,73,C
3.82,74,C
3.97,80,C
3.65,73,C
1.01,85,B
2.33,80,A
2.45,70,A
1.77,85,B
3.21,74,C
2.94,80,A
2.22,80,A
1.17,80,B
1.73,84,B
3.18,77,C
3.94,80,C
2.84,73,A
2.63,74,A
3.79,79,C
3.18,72,C
1.98,90,B
3.42,75,C
2.92,78,A
1.66,83,B
1.17,83,B
3.2,75,C
3.49,77,C
3.16,73,C
3.61,78,C
2.66,70,A
2.01,76,A
2.0,73,A
2.24,70,A
1.79,83,B
3.92,77,C
3.76,76,C
3.11,78,C
1.32,81,B
1.8,81,B
1.08,82,B
1.75,82,B
3.64,73,C
2.74,73,A
1.19,81,B
3.83,75,C
2.92,75,A
1.38,83,B
1.29,90,B
1.86,85,B
3.73,75,C
3.51,71,C
1.17,83,B
1.47,87,B
3.38,71,C
3.54,77,C
2.98,78,A
2.81,76,A
1.28,86,B
1.63,89,B
1.37,90,B
1.51,86,B
3.42,70,C
3.22,73,C
2.98,75,A
2.85,75,A
2.11,71,A
1.68,87,B
1.73,84,B
1.06,83,B
1.25,87,B
3.36,78,C
3.69,77,C
2.47,77,A
2.8,73,A
1.69,90,B
1.13,81,B
3.27,74,C
1.58,86,B
3.16,77,C
3.55,75,C
2.06,72,A
2.65,80,A
1.47,84,B
3.28,74,C
2.75,72,A
2.65,80,A
1.75,87,B
1.94,84,B
1.63,81,B
3.84,75,C
2.49,76,A
2.01,79,A
2.24,71,A
2.1,77,A
2.92,77,A
1.34,90,B
1.47,80,B
1.17,88,B
3.08,74,C
3.76,73,C
3.1,79,C
2.75,73,A
3.96,78,C
2.85,73,A
1.15,82,B
1.23,89,B
1.73,83,B
3.54,74,C
2.07,75,A
2.65,80,A
1.6,88,B
1.56,87,B
2.31,71,A
1.85,83,B
1.17,80,B
1.29,80,B
3.39,71,C
3.1,76,C
2.53,72,A
2.66,71,A
2.69,80,A
1.44,84,B
1.24,90,B
1.2,82,B
1.3,82,B
3.33,72,C
3.02,80,C
3.95,73,C
3.54,80,C
2.82,72,A
1.51,85,B
1.55,84,B
1.79,84,B
1.37,84,B
3.8,76,C
2.13,72,A
1.18,80,B
1.92,86,B
3.16,70,C
3.03,72,C
3.09,75,C
3.99,73,C
2.94,80,A
2.75,80,A
1.84,82,B
1.32,90,B
1.46,81,B
3.03,76,C
2.76,76,A
2.0,79,A
2.8,74,A
2.09,70,A
2.96,76,A
1.66,83,B
1.34,86,B
3.6,72,C
2.34,74,A
2.67,70,A
2.0,86,B
3.24,79,C
3.63,72,C
2.78,80,A
1.11,82,B
1.34,83,B
1.05,85,B
3.22,78,C
3.48,74,C
2.16,70,A
2.4,72,A
2.68,71,A
1.76,84,B
1.05,86,B
3.31,74,C
2.75,70,A
2.41,78,A
2.39,76,A
1.33,83,B
1.77,88,B
2.61,71,A
1.23,80,B
1.64,81,B
1.27,84,B
1.22,84,B
3.49,79,C
2.86,76,A
1.91,83,B
3.26,76,C
3.35,76,C
3.3,73,C
3.88,80,C
2.96,80,A
1.26,82,B
3.32,79,C
3.98,75,C
3.89,80,C
3.89,71,C
2.27,79,A
2.61,75,A
3.09,75,C
3.64,74,C
3.45,70,C
1.78,85,B
3.33,77,C
3.54,72,C
3.12,76,C
2.98,79,A
1.24,90,B
1.99,87,B
3.94,76,C
3.74,80,C
3.01,73,C
3.63,71,C
3.26,70,C
3.32,76,C
1.26,83,B
1.59,88,B
3.26,76,C
3.15,73,C
2.13,78,A
2.03,75,A
3.62,80,C
3.06,70,C
3.61,71,C
2.54,79,A
2.84,73,A
1.28,88,B
1.75,83,B
3.2,73,C
1.8,85,B
1.85,84,B
1.22,88,B
3.24,78,C
2.29,74,A
2.32,75,A
2.03,70,A
2.59,77,A
2.83,76,A
3.45,72,C
3.24,71,C
3.57,71,C
2.4,80,A
3.84,80,C
3.61,76,C
3.45,76,C
3.06,80,C
1.54,87,B
3.58,78,C
3.93,77,C
3.42,73,C
3.83,74,C
2.99,75,A
3.31,76,C
3.56,77,C
2.31,76,A
2.17,78,A
2.42,80,A
1.2,81,B
1.15,84,B
4.0,74,C
3.48,79,C
3.76,74,C
2.23,75,A
2.21,75,A
2.44,76,A
1.99,83,B
2.61,78,A
2.42,75,A
2.26,78,A
1.57,86,B
1.4,90,B
3.95,77,C
3.52,72,C
3.68,71,C
3.44,78,C
3.43,76,C
3.89,74,C
3.83,74,C
2.76,70,A
3.07,72,C
3.75,75,C
2.22,73,A
2.85,71,A
2.56,74,A
3.6,71,C
2.46,71,A
2.63,70,A
3.17,77,C
3.8,79,C
3.46,76,C
2.69,73,A
2.46,79,A
2.24,79,A
1.87,83,B
1.4,89,B
1.0,83,B
3.32,75,C
3.8,79,C
2.62,76,A
3.55,74,C
3.83,78,C
3.91,77,C
3.51,76,C
2.09,70,A
1.04,83,B
3.36,79,C
2.04,70,A
2.57,74,A
2.92,80,A
1.88,85,B
1.91,86,B
1.99,85,B
1.22,86,B
2.01,73,A
1.05,87,B
1.98,81,B
1.52,85,B
3.71,74,C
3.2,73,C
3.23,74,C
3.77,72,C
2.37,77,A
3.5,74,C
3.64,71,C
3.46,70,C
3.02,78,C
3.62,74,C
3.43,79,C
3.45,77,C
2.29,70,A
1.21,81,B
1.83,90,B
3.25,75,C
2.94,73,A
1.73,90,B
2.44,71,A
2.86,79,A
3.83,71,C
3.21,76,C
3.77,72,C
3.37,76,C
2.58,77,A
2.86,75,A
2.98,76,A
3.01,76,C
3.37,79,C
3.86,75,C
2.99,75,A
1.2,89,B
3.79,76,C
3.66,73,C
3.68,75,C
2.33,76,A
1.63,88,B
2.94,80,A
1.16,82,B
1.87,89,B
1.55,86,B
1.04,83,B
1.44,85,B
3.55,74,C
3.76,80,C
3.48,78,C
2.19,77,A
3.7,78,C
3.32,80,C
2.51,79,A
3.8,78,C
3.95,78,C
3.53,76,C
2.12,80,A
1.53,89,B
1.37,90,B
3.44,73,C
3.17,80,C
2.84,76,A
2.04,74,A
2.7,79,A
2.28,72,A
2.46,74,A
1.14,83,B
1.84,81,B
1.84,87,B
1.19,85,B
1.1,86,B
3.3,70,C
3.17,72,C
3.88,71,C
3.14,74,C
1.46,84,B
1.82,83,B
1.29,87,B
1.13,86,B
3.58,80,C
3.57,79,C
2.3,75,A
2.96,71,A
2.2,72,A
1.78,85,B
3.73,71,C
2.72,77,A
2.34,75,A
1.48,86,B
3.58,76,C
3.85,71,C
3.31,71,C
1.78,80,B
1.3,80,B
1.55,86,B
3.02,80,C
3.52,78,C
3.72,75,C
3.09,72,C
3.62,73,C
2.94,77,A
1.74,83,B
2.0,88,B
3.63,70,C
2.75,76,A
2.13,78,A
1.9,81,B
1.16,90,B
1.48,80,B
2.69,70,A
2.53,79,A
2.06,72,A
1.34,90,B
3.04,74,C
2.76,80,A
2.13,71,A
1.24,90,B
1.38,87,B
3.27,77,C
3.98,74,C
2.52,76,A
2.43,77,A
1.09,81,B
1.25,89,B
1.77,83,B
3.23,72,C
2.61,80,A
1.82,82,B
1.11,86,B
1.65,84,B
3.3,70,C
3.91,74,C
2.09,80,A
2.74,75,A
1.16,81,B
3.65,76,C
3.99,73,C
2.9,77,A
2.57,72,A
1.69,83,B
3.57,75,C
3.8,71,C
3.32,78,C
1.79,89,B
1.23,86,B
1.78,83,B
1.95,82,B
1.5,84,B
1.0,86,B
3.29,79,C
2.01,75,A
2.86,80,A
3.74,74,C
2.03,80,A
2.93,80,A
1.18,87,B
3.02,76,C
2.47,72,A
2.21,72,A
2.49,74,A
1.99,87,B
1.24,82,B
3.98,73,C
2.08,70,A
2.35,77,A
2.08,77,A
1.44,89,B
1.99,88,B
1.21,88,B
3.24,78,C
2.02,71,A
1.49,81,B
1.38,84,B
3.71,77,C
2.15,72,A
2.07,72,A
2.75,76,A
1.07,84,B
1.42,90,B
1.68,87,B
3.52,76,C
3.3,76,C
3.72,75,C
3.2,77,C
3.32,79,C
1.87,81,B
3.54,79,C
3.06,76,C
3.3,78,C
3.12,75,C
3.0,79,C
2.34,72,A
3.58,73,C
3.09,79,C
3.61,70,C
3.95,75,C
3.4,71,C
2.59,75,A
3.59,76,C
3.07,74,C
2.67,74,A
2.33,79,A
2.68,77,A
1.18,85,B
3.42,75,C
3.81,70,C
3.61,80,C
2.29,73,A
2.36,73,A
2.59,71,A
1.35,80,B
1.14,85,B
3.13,77,C
1.4,88,B
3.14,72,C
3.61,79,C
3.67,76,C
2.52,75,A
2.14,80,A
2.46,77,A
2.51,75,A
2.42,77,A
3.33,79,C
3.39,74,C
2.43,77,A
1.86,80,B
3.28,71,C
3.44,75,C
3.28,71,C
3.18,77,C
3.27,77,C
3.61,70,C
3.16,70,C
2.25,72,A
2.15,74,A
3.74,79,C
3.7,77,C
3.46,75,C
2.83,80,A
2.98,70,A
2.64,74,A
1.27,86,B
3.73,74,C
3.62,76,C
3.21,74,C
3.5,74,C
3.86,74,C
2.22,80,A
1.38,89,B
1.16,80,B
3.91,70,C
3.45,71,C
3.33,71,C
2.53,75,A
1.63,88,B
1.28,87,B
3.01,72,C
2.22,78,A
1.42,84,B
3.61,75,C
3.32,71,C
3.39,80,C
2.16,78,A
1.43,87,B
3.28,74,C
2.62,76,A
2.36,72,A
1.23,81,B
1.79,85,B
3.47,79,C
3.1,80,C
3.43,77,C
3.14,79,C
2.65,73,A
2.33,78,A
3.7,75,C
3.76,76,C
3.5,75,C
3.44,79,C
3.76,78,C
3.57,77,C
2.19,75,A
2.69,73,A
2.5,70,A
1.38,88,B
1.18,82,B
3.55,79,C
3.31,77,C
3.13,77,C
3.38,80,C
1.33,89,B
3.61,78,C
2.31,75,A
1.04,86,B
3.7,75,C
3.4,73,C
3.46,79,C
2.91,75,A
2.2,70,A
2.27,71,A
3.61,72,C
3.61,79,C
2.63,70,A
2.58,75,A
1.72,82,B
1.7,90,B
1.7,82,B
3.65,71,C
3.38,75,C
3.6,74,C
3.64,77,C
2.71,70,A
3.71,80,C
3.16,72,C
2.86,70,A
1.94,84,B
3.8,75,C
3.76,70,C
2.82,72,A
2.76,79,A
2.26,80,A
2.22,72,A
2.52,78,A
1.98,83,B
1.72,84,B
3.95,79,C
3.14,77,C
3.02,80,C
3.68,79,C
2.12,77,A
2.27,74,A
1.44,88,B
1.61,85,B
1.59,86,B
3.55,74,C
3.74,70,C
3.29,73,C
1.02,90,B
1.18,80,B
2.35,78,A
2.97,74,A
2.67,77,A
3.17,79,C
3.72,79,C
3.07,74,C
2.43,74,A
2.04,77,A
3.48,74,C
2.06,72,A
2.35,71,A
1.25,88,B
3.4,77,C
3.74,77,C
1.01,81,B
1.11,80,B
1.09,84,B
3.71,77,C
2.88,71,A
2.36,73,A
3.19,79,C
3.87,72,C
3.29,73,C
3.62,80,C
3.61,79,C
3.45,77,C
2.09,80,A
1.34,87,B
1.17,83,B
1.18,85,B
3.09,73,C
3.23,79,C
3.78,80,C
2.53,76,A
3.28,76,C
3.44,77,C
3.45,70,C
2.1,77,A
2.86,79,A
1.5,88,B
1.99,81,B
1.11,88,B
3.44,75,C
3.47,76,C
2.3,70,A
3.09,70,C
3.92,78,C
3.32,71,C
3.61,79,C
2.99,80,A
1.85,83,B
3.98,79,C
3.23,70,C
3.32,75,C
2.59,74,A
1.64,83,B
3.82,75,C
3.39,76,C
1.49,87,B
1.94,90,B
1.7,89,B
2.11,77,A
1.58,87,B
3.15,79,C
1.57,86,B
1.34,86,B
3.87,79,C
1.73,82,B
3.53,73,C
3.02,73,C
1.39,81,B
1.67,86,B
3.18,76,C
3.69,75,C
3.52,75,C
1.18,86,B
3.88,79,C
3.15,71,C
2.94,72,A
2.93,70,A
2.44,75,A
2.86,77,A
1.28,86,B
1.08,84,B
3.28,76,C
3.67,75,C
2.1,79,A
1.61,81,B
3.72,70,C
3.71,72,C
2.64,76,A
2.36,74,A
1.64,85,B
1.31,88,B
3.18,76,C
2.08,79,A
2.5,77,A
1.79,87,B
3.5,72,C
3.05,75,C
3.94,77,C
3.95,76,C
2.57,72,A
2.31,70,A
2.72,73,A
3.51,73,C
2.24,72,A
3.96,76,C
3.18,70,C
2.8,79,A
1.95,87,B
1.55,84,B
3.22,79,C
3.75,73,C
3.03,78,C
1.03,83,B
1.93,83,B
3.55,79,C
3.2,79,C
1.54,81,B
3.51,73,C
2.4,74,A
1.35,85,B
1.22,83,B
3.28,74,C
3.92,71,C
3.95,79,C
3.47,79,C
1.97,89,B
1.94,89,B
3.29,78,C
3.74,72,C
3.09,74,C
2.25,77,A
1.62,80,B
3.03,72,C
3.16,74,C
2.82,79,A
2.71,72,A
2.44,80,A
1.83,82,B
3.41,74,C
3.25,80,C
1.45,81,B
1.39,81,B
3.6,75,C
3.41,74,C
2.41,71,A
1.21,86,B
1.09,85,B
1.58,86,B
3.48,76,C
3.92,76,C
3.43,76,C
2.63,75,A
1.68,87,B
1.79,85,B
3.32,80,C
3.02,76,C
3.31,74,C
2.92,76,A
3.4,74,C
3.34,73,C
3.21,76,C
3.3,79,C
2.45,77,A
2.24,71,A
2.49,71,A
1.67,83,B
3.57,70,C
3.9,75,C
3.89,76,C
2.83,74,A
1.82,84,B
1.28,90,B
3.0,76,C
3.71,71,C
3.5,76,C
3.68,78,C
2.37,75,A
1.69,85,B
1.17,86,B
3.49,70,C
1.68,85,B
3.43,77,C
2.0,73,A
3.19,76,C
1.28,88,B
3.15,75,C
1.28,88,B
1.1,84,B
3.87,77,C
3.57,70,C
3.37,80,C
2.54,79,A
2.12,80,A
1.84,87,B
3.6,73,C
3.78,73,C
3.05,72,C
2.79,77,A
2.94,79,A
1.09,80,B
3.75,74,C
3.42,70,C
2.42,74,A
1.81,88,B
1.53,85,B
3.17,70,C
3.53,72,C
3.8,78,C
1.34,89,B
1.07,80,B
3.75,71,C
1.91,90,B
1.75,81,B
1.61,82,B
3.66,76,C
3.57,74,C
3.59,72,C
3.27,77,C
3.53,75,C
2.43,70,A
3.65,75,C
3.75,75,C
3.16,80,C
3.09,76,C
3.14,76,C
2.87,79,A
2.22,74,A
1.84,87,B
3.95,74,C
2.01,75,A
2.95,74,A
3.02,78,C
3.86,72,C
4.0,79,C
3.68,80,C
2.83,71,A
2.55,80,A
2.96,76,A
1.08,90,B
1.45,84,B
1.21,81,B
3.06,74,C
3.73,75,C
3.88,77,C
2.68,72,A
3.15,73,C
2.93,70,A
2.84,80,A
2.11,73,A
2.23,80,A
2.77,71,A
1.18,82,B
2.38,76,A
1.92,81,B
1.7,90,B
1.39,81,B
3.39,77,C
3.97,80,C
3.64,74,C
3.15,80,C
2.25,75,A
2.54,73,A
2.07,74,A
2.46,73,A
2.02,71,A
2.01,70,A
2.61,71,A
3.23,71,C
3.32,72,C
2.08,77,A
2.32,78,A
3.41,71,C
3.66,74,C
3.92,71,C
3.53,76,C
3.1,75,C
3.59,71,C
4.0,71,C
3.93,78,C
2.96,71,A
2.63,80,A
1.86,83,B
1.23,80,B
1.92,86,B
3.84,71,C
3.32,79,C
3.01,73,C
2.11,73,A
2.53,73,A
1.03,82,B
1.47,89,B
1.14,83,B
2.82,74,A
3.3,76,C
3.92,80,C
2.54,80,A
2.82,70,A
2.51,71,A
2.66,72,A
1.74,81,B
1.57,87,B
1.86,82,B
3.17,78,C
3.98,71,C
1.66,89,B
3.46,71,C
3.78,78,C
3.72,74,C
2.27,78,A
2.67,70,A
1.75,85,B
3.28,79,C
2.23,78,A
1.59,81,B
3.75,75,C
3.45,72,C
2.6,80,A
2.0,85,B
3.42,74,C
3.8,78,C
3.51,73,C
2.17,80,A
2.95,77,A
1.5,83,B
3.1,71,C
3.91,79,C
3.81,73,C
3.74,75,C
2.6,78,A
1.3,86,B
1.54,83,B
3.37,72,C
2.87,80,A
1.51,81,B
1.84,84,B
3.65,74,C
3.49,78,C
2.5,71,A
2.59,79,A
1.98,89,B
1.69,82,B
3.8,71,C
3.32,70,C
3.88,74,C
2.25,75,A
2.44,70,A
2.33,76,A
3.65,73,C
3.0,73,C
3.16,80,C
2.57,80,A
1.42,84,B
3.78,78,C
3.6,73,C
2.92,74,A
2.48,73,A
2.25,74,A
1.73,80,B
1.96,81,B
3.44,71,C
1.2,87,B
3.49,70,C
2.94,80,A
2.24,71,A
1.55,90,B
1.69,83,B
3.17,74,C
3.06,73,C
1.47,81,B
3.46,75,C
3.58,80,C
3.53,74,C
3.79,78,C
2.89,73,A
2.25,70,A
2.95,75,A
3.86,78,C
3.75,76,C
2.48,74,A
1.14,80,B
1.81,83,B
1.07,80,B
3.82,72,C
3.29,78,C
2.79,78,A
2.57,76,A
2.58,75,A
2.41,75,A
1.91,81,B
1.13,84,B
3.32,78,C
3.93,71,C
3.35,72,C
3.21,70,C
3.45,79,C
2.65,79,A
2.67,77,A
3.0,73,A
1.54,81,B
1.27,83,B
3.88,75,C
2.91,70,A
2.21,76,A
2.7,79,A
1.05,89,B
1.47,84,B
1.14,87,B
1.4,82,B
3.21,72,C
3.79,75,C
1.93,88,B
1.34,85,B
1.27,82,B
3.51,71,C
3.9,78,C
2.47,72,A
2.51,78,A
2.03,74,A
3.57,71,C
2.18,74,A
1.48,81,B
1.35,86,B
1.1,80,B
1.93,85,B
3.36,73,C
3.76,80,C
3.81,70,C
2.86,74,A
2.37,70,A
2.88,70,A
1.65,81,B
1.03,87,B
1.33,89,B
3.52,79,C
2.58,71,A
2.83,70,A
1.7,81,B
1.09,90,B
2.0,88,B
1.72,82,B
3.41,74,C
2.19,74,A
1.17,83,B
1.99,88,B
3.51,79,C
3.77,80,C
3.08,72,C
3.93,75,C
1.34,85,B
1.9,87,B
3.2,79,C
3.4,74,C
2.31,74,A
2.2,72,A
1.77,81,B
1.62,80,B
1.23,89,B
3.8,78,C
3.2,76,C
3.27,75,C
2.91,71,A
1.53,90,B
1.58,86,B
3.62,73,C
3.7,75,C
3.05,70,C
3.26,78,C
2.67,70,A
1.16,84,B
3.76,71,C
3.78,70,C
2.59,74,A
1.85,82,B
1.95,80,B
3.31,72,C
2.81,71,A
2.31,79,A
2.25,75,A
1.13,86,B
1.64,87,B
1.47,87,B
2.53,78,A
2.6,79,A
2.96,80,A
1.15,85,B
3.4,70,C
2.45,77,A
1.91,87,B
1.56,81,B
3.64,77,C
2.69,78,A
1.81,88,B
3.82,70,C
3.48,72,C
3.1,71,C
3.1,75,C
2.12,79,A
2.55,76,A
1.19,84,B
1.33,89,B
1.86,84,B
3.02,78,C
3.43,70,C
3.65,72,C
3.36,71,C
1.26,87,B
1.21,80,B
3.99,76,C
3.75,70,C
1.7,81,B
1.82,90,B
3.03,71,C
3.27,75,C
1.73,83,B
1.95,83,B
1.64,85,B
3.61,77,C
2.64,74,A
2.29,74,A
1.22,85,B
3.85,77,C
3.91,79,C
3.16,77,C
3.59,70,C
2.24,75,A
2.76,71,A
1.13,82,B
3.3,74,C
3.73,75,C
2.42,74,A
3.02,80,C
3.46,70,C
3.96,73,C
3.83,71,C
2.9,71,A
2.99,75,A
1.13,86,B
1.1,90,B
3.74,79,C
3.77,72,C
2.06,71,A
3.31,73,C
3.87,73,C
3.71,71,C
2.1,70,A
2.25,76,A
1.59,88,B
3.13,74,C
3.29,76,C
3.21,80,C
2.06,80,A
2.86,70,A
1.93,81,B
1.8,88,B
1.17,80,B
1.5,83,B
1.43,82,B
2.51,70,A
1.3,82,B
1.37,84,B
1.93,85,B
3.13,77,C
3.61,76,C
2.0,86,B
2.03,79,A
1.35,85,B
1.73,85,B
3.58,74,C
3.35,72,C
2.13,71,A
2.99,73,A
2.55,79,A
1.42,83,B
1.02,90,B
3.58,71,C
3.07,80,C
3.37,80,C
2.65,76,A
1.5,87,B
1.42,84,B
3.95,74,C
3.1,75,C
1.54,80,B
3.45,71,C
2.87,78,A
2.4,73,A
3.31,70,C
3.31,74,C
2.28,77,A
2.34,79,A
2.15,80,A
2.2,75,A
1.7,80,B
1.53,90,B
3.15,76,C
3.08,71,C
2.86,76,A
1.67,81,B
3.16,74,C
3.73,80,C
2.04,73,A
2.44,71,A
2.52,74,A
2.23,73,A
1.35,80,B
3.48,70,C
3.3,73,C
3.95,74,C
3.16,70,C
2.62,77,A
1.96,87,B
3.42,78,C
3.43,71,C
2.86,75,A
2.27,78,A
2.4,78,A
1.35,82,B
1.22,81,B
2.7,75,A
1.82,82,B
1.2,82,B
1.08,89,B
3.33,73,C
3.46,75,C
3.46,72,C
3.16,80,C
2.09,73,A
1.31,81,B
1.82,88,B
2.42,78,A
2.67,77,A
2.71,77,A
1.7,86,B
2.2,78,A
2.72,79,A
1.93,82,B
1.5,87,B
2.5,79,A
1.17,89,B
3.39,78,C
3.16,72,C
3.41,75,C
2.29,77,A
2.37,74,A
2.33,76,A
1.41,86,B
1.03,86,B
3.52,71,C
2.84,79,A
1.12,84,B
1.52,85,B
3.38,70,C
2.44,80,A
3.36,77,C
3.75,76,C
3.49,75,C
2.3,75,A
3.59,80,C
3.32,73,C
2.71,73,A
2.26,74,A
3.24,80,C
2.38,71,A
1.39,84,B
1.52,88,B
3.49,74,C
1.17,87,B
3.86,73,C
3.78,71,C
2.98,70,A
1.3,81,B
1.72,84,B
1.71,90,B
3.76,79,C
3.24,78,C
1.44,83,B
3.05,72,C
3.67,80,C
3.73,79,C
2.95,77,A
1.01,87,B
3.97,79,C
3.57,80,C
2.18,73,A
3.43,79,C
3.61,77,C
3.96,73,C
3.9,77,C
2.47,71,A
2.3,75,A
2.62,74,A
2.34,73,A
1.88,82,B
1.47,88,B
2.15,78,A
2.64,70,A
2.64,70,A
1.7,84,B
1.02,85,B
3.03,76,C
3.22,80,C
1.25,80,B
3.8,77,C
2.28,70,A
2.87,74,A
2.44,80,A
1.04,89,B
3.71,77,C
1.57,81,B
3.84,70,C
3.57,70,C
3.63,77,C
3.21,73,C
3.54,76,C
3.33,74,C
3.14,70,C
3.67,72,C
3.66,72,C
2.51,77,A
2.85,71,A
1.62,81,B
3.35,79,C
3.29,74,C
3.83,78,C
1.08,82,B
3.21,78,C
2.56,70,A
2.55,72,A
2.47,76,A
2.29,80,A
3.17,72,C
3.41,74,C
3.87,77,C
2.11,70,A
1.27,83,B
3.48,79,C
3.45,79,C
2.19,73,A
2.85,70,A
1.27,87,B
3.14,78,C
2.12,70,A
2.88,70,A
3.83,73,C
2.82,72,A
1.58,88,B
3.68,73,C
3.45,79,C
2.44,80,A
2.06,74,A
1.28,87,B
1.88,85,B
3.04,71,C
3.62,80,C
3.59,73,C
3.14,78,C
3.69,75,C
1.38,85,B
1.98,90,B
1.77,88,B
1.69,90,B
1.32,89,B
3.17,76,C
3.65,74,C
3.15,74,C
3.99,73,C
2.67,78,A
2.26,72,A
2.37,79,A
1.45,86,B
1.41,83,B
2.11,73,A
1.85,87,B
1.92,86,B
3.73,79,C
1.59,81,B
1.28,85,B
1.61,81,B
3.83,77,C
3.82,75,C
3.35,75,C
1.83,86,B
3.66,79,C
1.49,84,B
3.27,78,C
3.28,79,C
2.1,70,A
2.73,80,A
2.8,75,A
2.54,79,A
1.17,83,B
1.66,88,B
1.38,87,B
1.83,83,B
3.31,78,C
3.08,77,C
3.98,72,C
3.17,72,C
1.75,89,B
3.5,75,C
2.85,77,A
2.01,77,A
1.32,85,B
1.07,84,B
1.08,86,B
3.01,70,C
3.91,80,C
1.85,87,B
1.87,90,B
1.16,84,B
1.67,88,B
1.43,88,B
3.06,75,C
3.68,76,C
2.85,73,A
2.12,74,A
2.1,75,A
1.63,88,B
1.42,85,B
3.61,78,C
3.59,79,C
3.6,79,C
2.65,72,A
2.35,73,A
2.66,75,A
1.33,82,B
1.27,87,B
1.41,80,B
1.71,84,B
3.61,73,C
3.5,74,C
3.8,78,C
2.3,75,A
2.81,75,A
3.12,79,C
1.97,85,B
3.96,78,C
3.16,71,C
2.42,78,A
1.9,82,B
1.69,82,B
3.0,72,C
3.49,73,C
3.41,75,C
2.68,71,A
1.48,87,B
1.74,87,B
1.32,90,B
3.95,78,C
2.09,78,A
2.75,75,A
1.81,81,B
1.24,81,B
3.86,74,C
2.61,70,A
1.29,82,B
3.23,79,C
3.9,74,C
3.86,74,C
3.14,71,C
2.69,77,A
1.9,83,B
3.78,77,C
2.53,72,A
1.16,81,B
3.72,79,C
3.4,70,C
3.15,70,C
2.21,73,A
1.06,87,B
3.61,73,C
3.81,78,C
3.94,78,C
2.2,73,A
1.92,88,B
3.35,78,C
3.76,77,C
2.78,71,A
1.17,81,B
1.85,90,B
1.74,81,B
3.38,77,C
3.53,76,C
1.8,84,B
2.0,85,B
2.2,77,A
2.31,75,A
2.42,80,A
2.47,74,A
3.08,79,C
3.99,77,C
3.6,75,C
3.09,79,C
3.67,71,C
2.08,72,A
2.67,72,A
1.59,81,B
3.98,73,C
3.21,77,C
3.71,78,C
3.74,76,C
3.25,72,C
2.44,72,A
3.17,78,C
2.13,73,A
2.25,79,A
2.34,75,A
1.57,80,B
3.42,70,C
3.63,75,C
3.42,78,C
2.18,80,A
2.8,73,A
2.44,76,A
1.67,87,B
1.09,80,B
3.41,73,C
3.24,76,C
1.69,84,B
3.9,75,C
3.65,72,C
3.2,79,C
3.98,71,C
3.65,77,C
3.16,75,C
3.08,72,C
2.94,79,A
1.96,81,B
1.5,86,B
1.09,85,B
3.04,75,C
2.47,74,A
1.17,83,B
2.0,82,B
3.32,80,C
3.86,78,C
3.92,76,C
3.18,74,C
2.63,78,A
2.63,78,A
2.95,78,A
2.63,79,A
3.3,73,C
3.52,72,C
2.48,72,A
2.46,77,A
2.49,73,A
2.41,72,A
2.5,79,A
1.75,81,B
1.17,80,B
1.44,84,B
3.13,80,C
3.02,70,C
2.66,78,A
1.49,88,B
3.65,78,C
3.6,79,C
3.55,71,C
2.15,76,A
2.51,76,A
2.61,74,A
3.07,70,C
3.16,79,C
2.28,74,A
3.0,78,A
3.0,76,A
1.23,86,B
1.47,89,B
1.4,85,B
3.63,72,C
3.59,75,C
3.41,76,C
2.01,70,A
2.65,76,A
2.29,70,A
2.93,77,A
2.8,75,A
2.33,72,A
1.16,87,B
3.34,77,C
3.62,76,C
3.11,78,C
3.46,73,C
2.46,72,A
3.36,78,C
1.02,85,B
1.28,87,B
1.19,82,B
1.28,82,B
3.48,71,C
3.6,72,C
2.6,73,A
1.29,82,B
1.69,82,B
1.97,85,B
3.39,75,C
1.03,87,B
3.04,79,C
3.83,70,C
3.03,79,C
3.53,72,C
2.02,76,A
2.72,78,A
2.77,70,A
3.08,78,C
3.23,77,C
2.52,76,A
1.28,90,B
1.11,88,B
3.12,75,C
3.32,77,C
3.75,79,C
3.42,78,C
2.98,71,A
1.27,84,B
1.51,87,B
3.16,71,C
3.79,80,C
3.77,73,C
3.39,77,C
2.51,72,A
1.93,87,B
1.08,80,B
3.17,76,C
3.29,72,C
3.67,76,C
3.22,76,C
3.44,80,C
3.52,70,C
3.31,72,C
2.04,72,A
1.99,80,B
1.54,83,B
3.66,70,C
3.05,75,C
3.24,80,C
2.27,73,A
2.26,80,A
2.03,71,A
2.91,70,A
1.67,85,B
3.8,73,C
1.12,88,B
1.55,80,B
3.4,77,C
3.93,74,C
3.91,70,C
3.93,78,C
2.51,71,A
1.58,87,B
1.81,80,B
1.13,86,B
3.97,73,C
3.05,80,C
3.97,80,C
2.87,73,A
2.34,74,A
2.81,77,A
1.12,86,B
3.76,72,C
2.83,73,A
3.69,77,C
1.72,85,B
3.72,71,C
3.33,79,C
2.31,75,A
2.93,78,A
3.74,76,C
3.94,73,C
2.03,78,A
3.31,76,C
1.12,87,B
1.28,81,B
1.88,80,B
3.99,78,C
3.58,76,C
2.43,72,A
1.98,87,B
3.75,78,C
2.86,75,A
2.71,79,A
2.1,74,A
1.54,86,B
2.33,71,A
2.51,71,A
1.67,81,B
3.91,71,C
3.3,79,C
3.1,74,C
3.61,71,C
2.24,72,A
2.57,76,A
1.69,89,B
3.17,70,C
3.25,70,C
3.77,73,C
3.45,79,C
3.7,70,C
2.67,70,A
2.72,74,A
1.59,82,B
1.73,88,B
1.36,81,B
3.26,70,C
2.28,79,A
1.96,86,B
3.5,71,C
3.69,71,C
3.38,76,C
1.26,89,B
1.26,82,B
1.13,80,B
1.26,87,B
1.31,89,B
1.37,81,B
3.48,77,C
3.67,79,C
2.75,79,A
2.85,72,A
1.88,80,B
2.33,80,A
1.43,85,B
1.57,82,B
1.41,84,B
1.27,88,B
3.2,79,C
3.09,75,C
3.39,74,C
2.1,71,A
2.52,75,A
1.35,87,B
1.38,85,B
3.81,79,C
2.16,73,A
2.01,71,A
1.73,89,B
1.46,84,B
3.64,79,C
3.63,73,C
3.24,80,C
1.68,86,B
3.94,79,C
1.95,87,B
3.63,72,C
3.08,79,C
2.57,71,A
1.66,88,B
1.45,88,B
3.49,76,C
3.77,78,C
3.16,76,C
3.64,73,C
3.93,73,C
1.4,85,B
1.9,88,B
1.32,86,B
3.55,80,C
3.79,75,C
2.67,71,A
2.12,75,A
1.0,85,B
3.14,71,C
3.43,75,C
3.1,71,C
3.93,71,C
1.71,85,B
1.39,84,B
1.97,90,B
1.27,84,B
3.47,74,C
3.1,76,C
3.41,80,C
3.79,76,C
3.18,72,C
2.47,71,A
2.9,72,A
2.85,74,A
2.5,75,A
1.36,82,B
3.45,72,C
3.21,79,C
2.12,71,A
1.62,88,B
3.59,80,C
2.02,72,A
1.12,88,B
3.47,79,C
3.14,79,C
2.81,70,A
3.03,78,C
1.72,90,B
3.12,79,C
3.93,71,C
1.95,87,B
3.06,80,C
3.04,75,C
3.24,80,C
3.56,74,C
3.01,79,C
2.61,78,A
1.12,82,B
3.82,71,C
2.65,80,A
1.57,86,B
1.86,81,B
3.32,71,C
1.08,84,B
1.37,83,B
3.12,75,C
3.07,70,C
1.14,86,B
1.36,88,B
3.7,77,C
3.43,71,C
2.19,74,A
2.04,79,A
2.6,75,A
1.87,90,B
3.57,80,C
3.79,71,C
3.79,77,C
3.19,73,C
3.49,77,C
2.5,72,A
2.2,77,A
1.42,86,B
1.81,86,B
1.26,88,B
2.71,77,A
2.69,78,A
1.36,83,B
1.44,89,B
3.39,76,C
2.52,70,A
2.1,77,A
1.64,80,B
1.1,88,B
3.5,79,C
3.46,75,C
2.99,79,A
2.16,78,A
2.35,75,A
1.74,83,B
3.48,74,C
2.03,77,A
2.84,79,A
1.49,90,B
3.47,70,C
3.41,72,C
2.17,80,A
2.82,78,A
2.96,76,A
3.03,79,C
3.18,80,C
3.42,75,C
2.45,76,A
1.4,89,B
3.38,78,C
3.06,70,C
1.53,90,B
1.01,90,B
3.36,77,C
3.0,70,A
3.17,74,C
3.41,77,C
2.73,74,A
2.08,77,A
2.2,74,A
3.15,71,C
3.07,80,C
3.57,72,C
3.11,75,C
3.09,70,C
2.11,77,A
2.37,77,A
2.69,78,A
2.27,77,A
1.14,87,B
1.68,87,B
1.37,83,B
1.83,86,B
3.2,70,C
3.89,71,C
3.39,77,C
3.75,78,C
2.28,80,A
1.46,80,B
3.12,76,C
3.5,73,C
3.8,77,C
1.96,84,B
1.3,84,B
3.98,80,C
3.84,77,C
3.11,71,C
3.82,79,C
2.03,73,A
3.86,70,C
3.86,70,C
2.3,76,A
2.86,77,A
2.75,71,A
1.46,80,B
1.66,80,B
3.48,74,C
3.48,80,C
3.29,78,C
3.6,74,C
3.85,78,C
2.35,75,A
2.59,79,A
2.98,73,A
2.15,78,A
1.29,88,B
3.57,76,C
3.27,74,C
2.97,74,A
2.64,75,A
2.06,71,A
1.98,87,B
1.47,84,B
1.2,87,B
3.26,75,C
3.02,80,C
3.28,72,C
2.14,77,A
2.96,75,A
3.16,78,C
3.87,78,C
3.04,73,C
3.58,74,C
3.66,77,C
3.24,71,C
2.78,71,A
1.05,81,B
3.92,80,C
3.1,77,C
3.29,76,C
2.59,79,A
1.65,90,B
3.48,73,C
3.47,76,C
3.49,80,C
3.91,74,C
2.64,71,A
1.81,84,B
1.54,87,B
1.39,88,B
3.86,73,C
3.12,73,C
2.5,71,A
1.08,80,B
1.03,84,B
3.77,72,C
3.8,71,C
3.73,71,C
3.12,80,C
3.84,71,C
3.0,76,A
2.45,70,A
3.5,77,C
2.65,71,A
2.41,75,A
2.02,75,A
3.7,72,C
3.41,72,C
3.64,73,C
2.23,80,A
1.7,90,B
1.31,82,B
3.07,74,C
1.63,90,B
3.88,73,C
3.49,74,C
2.25,80,A
1.58,80,B
3.65,79,C
3.41,73,C
3.05,76,C
1.19,83,B
1.59,83,B
3.98,72,C
3.35,71,C
3.62,77,C
2.26,79,A
2.41,72,A
1.02,82,B
3.3,74,C
3.02,71,C
2.07,79,A
2.4,75,A
2.63,70,A
2.95,71,A
3.44,77,C
3.05,78,C
2.07,79,A
1.2,84,B
1.22,86,B
3.41,74,C
3.48,79,C
2.36,80,A
3.33,80,C
3.58,77,C
3.97,70,C
3.47,79,C
2.19,80,A
2.38,72,A
2.57,72,A
1.47,86,B
1.96,83,B
1.98,87,B
3.24,77,C
3.02,70,C
3.36,75,C
3.53,77,C
2.77,79,A
2.69,78,A
1.01,81,B
1.58,83,B
3.51,71,C
2.3,80,A
2.89,73,A
3.05,71,C
3.3,73,C
3.46,80,C
2.7,76,A
2.38,78,A
1.11,89,B
1.7,80,B
1.77,81,B
3.48,74,C
2.33,71,A
1.31,86,B
3.18,71,C
2.64,71,A
2.4,72,A
2.83,75,A
1.05,83,B
1.82,90,B
3.12,78,C
2.57,78,A
2.85,75,A
2.62,78,A
3.9,72,C
3.05,77,C
2.71,78,A
2.64,71,A
3.5,79,C
2.33,79,A
3.9,76,C
3.31,78,C
3.17,73,C
2.59,73,A
2.76,78,A
2.35,71,A
2.12,73,A
1.04,80,B
3.02,76,C
3.52,76,C
3.37,70,C
2.58,80,A
1.09,87,B
1.05,90,B
3.31,72,C
4.0,75,C
2.66,74,A
2.62,78,A
1.6,82,B
3.52,77,C
3.8,80,C
3.71,75,C
2.39,70,A
1.89,88,B
1.95,81,B
3.34,71,C
3.34,72,C
3.35,78,C
2.37,73,A
2.17,78,A
3.05,78,C
3.64,72,C
2.02,76,A
1.32,82,B
1.03,86,B
3.75,78,C
2.79,73,A
2.22,70,A
2.4,71,A
3.38,78,C
3.82,73,C
1.57,87,B
1.15,84,B
3.16,77,C
3.85,80,C
3.86,73,C
3.89,79,C
2.88,75,A
2.99,77,A
2.9,72,A
3.65,79,C
3.4,77,C
3.6,77,C
3.22,80,C
3.6,73,C
2.68,70,A
1.38,88,B
1.99,82,B
2.63,71,A
2.96,75,A
2.62,76,A
2.6,74,A
2.11,80,A
3.68,71,C
3.38,76,C
1.7,88,B
3.33,76,C
3.99,70,C
3.64,73,C
3.3,70,C
3.35,70,C
3.0,73,A
3.49,73,C
3.51,74,C
3.83,77,C
3.26,76,C
4.0,70,C
3.64,75,C
2.92,70,A
1.84,86,B
1.28,90,B
3.53,80,C
3.75,78,C
1.91,87,B
1.4,82,B
1.79,87,B
3.22,73,C
3.63,76,C
2.31,79,A
1.02,85,B
1.09,88,B
3.81,71,C
3.87,71,C
2.68,74,A
1.25,82,B
2.08,77,A
2.97,76,A
2.08,74,A
1.35,80,B
3.6,71,C
3.31,78,C
2.85,74,A
1.97,86,B
1.63,84,B
3.41,80,C
2.47,76,A
2.62,72,A
2.78,79,A
2.39,74,A
1.39,85,B
3.5,70,C
3.7,70,C
3.79,77,C
2.86,70,A
2.42,76,A
1.15,84,B
1.47,85,B
1.82,80,B
3.94,72,C
3.18,73,C
2.9,75,A
2.74,73,A
1.51,82,B
1.73,80,B
1.09,85,B
3.02,77,C
2.25,73,A
1.4,80,B
3.35,76,C
3.35,74,C
2.01,70,A
2.72,73,A
1.53,80,B
1.92,81,B
3.96,76,C
2.54,79,A
2.98,71,A
1.51,84,B
1.95,81,B
1.74,83,B
2.87,78,A
1.88,85,B
3.99,71,C
3.83,78,C
3.87,71,C
3.57,75,C
3.56,80,C
2.26,74,A
1.97,83,B
1.67,84,B
1.69,88,B
1.9,86,B
3.57,73,C
3.78,72,C
3.98,78,C
1.17,84,B
1.65,82,B
1.83,90,B
3.18,74,C
1.69,89,B
3.04,77,C
2.47,78,A
1.39,82,B
3.44,75,C
3.63,70,C
2.1,72,A
2.21,77,A
1.92,80,B
1.24,81,B
3.47,77,C
3.64,73,C
3.56,76,C
3.91,79,C
3.14,77,C
2.07,80,A
2.27,70,A
1.18,84,B
1.99,85,B
1.31,86,B
3.9,80,C
2.02,71,A
1.79,80,B
3.47,74,C
2.07,72,A
2.03,70,A
3.01,74,C
2.09,80,A
3.05,77,C
3.19,78,C
3.88,70,C
3.03,70,C
2.37,71,A
1.04,82,B
1.37,89,B
3.46,70,C
3.43,80,C
2.54,70,A
2.77,72,A
2.41,77,A
1.16,86,B
3.19,80,C
2.74,74,A
1.73,88,B
1.25,90,B
1.68,82,B
3.87,73,C
3.21,75,C
2.06,70,A
2.11,73,A
1.02,83,B
1.24,83,B
3.32,70,C
3.87,71,C
1.06,83,B
3.41,79,C
2.95,71,A
1.25,83,B
1.18,86,B
3.74,80,C
2.6,72,A
1.17,88,B
3.74,74,C
3.19,75,C
3.17,73,C
1.35,85,B
1.05,84,B
3.78,72,C
3.86,78,C
3.56,72,C
2.17,72,A
1.54,90,B
1.11,85,B
1.76,85,B
1.56,88,B
1.43,89,B
3.2,70,C
3.07,79,C
3.42,70,C
3.94,72,C
3.47,71,C
3.84,79,C
3.1,74,C
3.03,73,C
2.4,78,A
2.05,73,A
1.89,84,B
1.05,81,B
1.02,83,B
3.23,70,C
3.69,73,C
3.85,77,C
2.9,76,A
1.7,81,B
3.83,72,C
3.48,78,C
1.37,87,B
1.04,88,B
1.18,80,B
3.13,74,C
1.99,89,B
2.04,77,A
1.45,90,B
1.25,86,B
3.03,73,C
1.65,82,B
1.5,83,B
3.88,76,C
2.6,78,A
2.9,71,A
1.47,82,B
2.52,73,A
2.27,79,A
2.49,73,A
1.7,89,B
3.86,78,C
3.36,76,C
3.2,71,C
2.52,77,A
2.68,79,A
2.28,80,A
1.17,88,B
1.24,81,B
1.13,87,B
3.25,75,C
3.34,74,C
3.61,77,C
3.76,73,C
2.75,76,A
1.17,88,B
1.27,87,B
1.07,84,B
3.56,77,C
2.6,77,A
2.23,71,A
1.67,87,B
2.89,72,A
1.66,89,B
3.32,74,C
3.41,71,C
2.15,79,A
3.76,72,C
3.23,78,C
1.35,87,B
1.73,88,B
1.77,86,B
3.8,71,C
3.74,80,C
2.45,73,A
2.12,74,A
2.66,80,A
2.68,78,A
2.66,79,A
1.33,81,B
1.67,86,B
3.59,74,C
3.33,78,C
2.81,78,A
1.04,90,B
1.47,89,B
3.86,75,C
3.74,76,C
2.73,77,A
2.4,73,A
1.4,89,B
1.96,84,B
3.0,73,C
3.24,72,C
2.06,76,A
1.3,89,B
1.46,80,B
1.98,82,B
3.62,76,C
3.68,74,C
2.57,75,A
1.95,84,B
1.47,90,B
2.22,70,A
1.76,81,B
3.2,80,C
3.6,79,C
2.46,71,A
2.04,70,A
2.58,79,A
3.31,72,C
2.31,73,A
2.92,77,A
1.49,86,B
1.79,82,B
1.27,82,B
3.2,74,C
4.0,71,C
3.18,72,C
2.83,78,A
2.43,71,A
1.09,89,B
3.98,76,C
3.62,75,C
2.76,78,A
2.0,73,A
2.06,80,A
1.36,80,B
3.63,77,C
1.09,85,B
1.86,82,B
3.6,77,C
2.83,73,A
1.26,90,B
1.21,86,B
1.5,82,B
2.1,77,A
2.57,77,A
3.13,74,C
2.91,74,A
2.67,77,A
3.98,72,C
2.01,78,A
3.81,75,C
3.58,79,C
2.3,77,A
2.75,75,A
1.8,87,B
1.58,83,B
3.78,73,C
3.94,70,C
1.89,80,B
3.91,79,C
3.09,79,C
3.25,77,C
2.26,75,A
2.04,77,A
2.18,70,A
2.15,80,A
1.05,83,B
3.52,72,C
2.3,73,A
2.11,79,A
2.68,78,A
1.02,82,B
1.59,86,B
1.51,88,B
1.09,85,B
1.78,89,B
3.91,74,C
3.66,72,C
3.62,70,C
2.27,75,A
2.94,75,A
2.48,72,A
2.6,70,A
1.5,84,B
1.82,86,B
3.43,76,C
3.41,77,C
3.24,75,C
3.31,70,C
2.58,76,A
1.79,88,B
3.59,79,C
3.61,72,C
3.88,71,C
2.18,74,A
2.29,73,A
2.21,80,A
1.73,80,B
3.58,73,C
3.92,71,C
3.32,77,C
3.52,75,C
3.14,70,C
3.4,79,C
3.3,71,C
3.54,71,C
2.04,79,A
2.16,77,A
1.06,84,B
1.67,81,B
3.48,79,C
3.65,79,C
3.09,77,C
2.79,70,A
2.13,75,A
2.38,78,A
1.66,81,B
3.48,71,C
3.29,76,C
3.75,79,C
3.49,75,C
1.37,84,B
3.76,71,C
3.88,73,C
3.26,71,C
3.89,71,C
2.4,75,A
2.85,72,A
2.43,71,A
1.66,86,B
1.61,84,B
3.73,70,C
3.59,80,C
3.24,74,C
3.91,76,C
3.46,70,C
2.5,80,A
2.81,73,A
1.53,90,B
1.76,83,B
3.37,77,C
2.45,72,A
2.64,78,A
2.9,77,A
2.14,79,A
2.39,72,A
2.4,72,A
1.12,80,B
2.42,72,A
2.98,72,A
2.67,74,A
2.77,80,A
1.27,88,B
3.17,73,C
3.69,76,C
3.87,80,C
1.94,81,B
3.54,71,C
3.87,77,C
3.31,70,C
3.83,77,C
2.09,71,A
2.65,80,A
1.54,89,B
3.61,77,C
3.12,74,C
3.25,78,C
3.03,74,C
2.2,73,A
2.32,78,A
3.05,77,C
1.98,82,B
3.92,80,C
3.34,77,C
3.39,74,C
2.23,70,A
2.51,71,A
2.58,79,A
1.82,85,B
1.69,83,B
1.14,82,B
3.8,74,C
3.56,80,C
2.12,79,A
1.51,82,B
1.92,90,B
3.94,77,C
3.83,75,C
2.8,76,A
1.28,83,B
1.63,83,B
3.68,77,C
3.07,78,C
1.65,88,B
1.74,81,B
3.07,76,C
3.35,72,C
2.06,79,A
2.45,74,A
2.61,77,A
1.55,83,B
1.32,86,B
1.25,86,B
1.36,87,B
3.47,72,C
3.2,76,C
3.59,79,C
2.13,72,A
1.29,81,B
1.57,81,B
1.23,88,B
1.61,85,B
1.5,86,B
3.95,80,C
3.57,70,C
3.96,79,C
3.09,70,C
3.06,74,C
2.58,70,A
1.25,87,B
1.84,84,B
1.89,85,B
2.81,80,A
2.97,80,A
2.95,75,A
1.99,90,B
3.21,78,C
3.36,73,C
2.92,79,A
2.08,75,A
1.86,81,B
1.6,80,B
3.05,77,C
3.28,72,C
2.55,77,A
2.49,74,A
1.04,84,B
3.09,79,C
2.24,70,A
2.87,76,A
2.42,74,A
2.27,76,A
2.53,72,A
1.82,85,B
1.14,80,B
1.56,85,B
3.56,72,C
3.31,79,C
2.32,73,A
1.82,83,B
3.91,74,C
3.61,80,C
3.86,78,C
2.68,78,A
1.09,80,B
1.12,88,B
3.18,77,C
3.56,77,C
2.67,74,A
1.49,84,B
1.94,80,B
3.75,74,C
3.51,79,C
3.51,76,C
3.11,78,C
2.01,76,A
2.27,71,A
2.34,74,A
2.05,80,A
3.3,73,C
3.92,74,C
3.27,72,C
2.24,76,A
2.77,74,A
3.4,75,C
3.47,76,C
3.35,75,C
3.86,74,C
2.35,74,A
1.58,81,B
1.94,82,B
3.46,70,C
3.19,75,C
2.13,72,A
1.94,83,B
1.01,89,B
1.79,89,B
3.85,80,C
3.65,72,C
3.43,72,C
2.13,77,A
2.31,76,A
1.06,90,B
1.61,83,B
3.56,76,C
3.85,70,C
2.55,70,A
1.59,83,B
1.11,84,B
3.94,73,C
3.08,79,C
3.16,71,C
3.09,73,C
3.35,80,C
3.09,78,C
3.77,76,C
2.76,78,A
2.51,80,A
2.63,77,A
3.32,74,C
3.73,76,C
3.21,71,C
3.26,75,C
2.22,76,A
2.0,75,A
2.41,76,A
1.62,90,B
1.43,85,B
1.14,89,B
1.11,89,B
1.61,82,B
3.29,74,C
3.98,78,C
3.92,72,C
2.25,78,A
2.45,80,A
1.32,86,B
3.65,80,C
3.69,73,C
2.57,75,A
3.08,79,C
2.46,79,A
2.81,74,A
2.75,75,A
2.93,80,A
3.67,76,C
3.74,79,C
3.99,76,C
3.94,79,C
3.83,74,C
3.08,75,C
2.48,74,A
3.94,75,C
2.74,73,A
2.07,74,A
2.49,72,A
1.84,81,B
1.47,82,B
1.05,90,B
3.77,79,C
3.23,80,C
1.59,88,B
1.25,88,B
1.23,86,B
3.41,78,C
3.73,78,C
2.96,76,A
2.67,78,A
1.95,90,B
3.28,73,C
3.38,73,C
3.0,71,A
1.42,90,B
3.21,76,C
3.26,79,C
3.69,77,C
3.66,78,C
3.54,71,C
2.43,74,A
2.27,75,A
1.25,84,B
1.23,87,B
3.69,74,C
3.6,72,C
1.25,81,B
3.19,77,C
3.34,78,C
2.67,73,A
2.6,72,A
1.19,90,B
1.45,83,B
3.21,77,C
3.57,71,C
1.14,80,B
3.55,75,C
3.01,75,C
1.91,83,B
3.33,70,C
3.54,71,C
2.16,72,A
1.24,87,B
3.41,71,C
3.38,72,C
2.08,72,A
1.22,87,B
1.43,83,B
3.52,75,C
3.13,77,C
2.31,77,A
3.83,77,C
3.67,70,C
3.39,73,C
3.53,74,C
3.42,71,C
3.67,76,C
2.76,80,A
1.55,81,B
3.11,70,C
3.41,80,C
1.32,85,B
3.48,73,C
3.17,73,C
2.43,74,A
2.93,74,A
1.45,82,B
1.14,81,B
1.73,84,B
3.46,73,C
2.89,76,A
1.31,80,B
1.45,85,B
3.09,72,C
3.19,74,C
3.66,72,C
3.68,76,C
3.39,77,C
2.24,72,A
4.0,74,C
3.16,74,C
1.03,90,B
3.03,70,C
3.63,75,C
2.6,75,A
2.92,71,A
1.39,90,B
1.52,80,B
3.34,76,C
3.31,77,C
3.84,74,C
3.49,70,C
3.14,71,C
1.6,86,B
1.38,88,B
3.39,79,C
3.83,79,C
3.96,74,C
3.65,74,C
2.85,72,A
2.88,72,A
1.04,88,B
1.23,82,B
1.78,84,B
1.84,83,B
3.63,77,C
3.58,71,C
3.08,71,C
2.21,70,A
2.02,74,A
1.97,86,B
1.09,80,B
1.14,83,B
1.03,88,B
3.25,76,C
2.89,71,A
2.35,70,A
1.9,80,B
1.56,82,B
3.33,80,C
3.95,72,C
3.84,76,C
3.56,80,C
2.63,79,A
1.06,80,B
1.14,88,B
3.89,72,C
3.3,72,C
3.69,77,C
2.43,72,A
1.7,80,B
1.27,84,B
2.25,77,A
2.98,70,A
3.31,79,C
2.05,72,A
2.61,71,A
2.33,71,A
2.9,78,A
1.57,81,B
1.31,81,B
3.87,79,C
3.15,74,C
3.1,78,C
3.91,73,C
2.53,80,A
2.22,76,A
2.39,70,A
1.27,90,B
1.05,82,B
3.72,78,C
2.9,77,A
2.7,79,A
2.28,78,A
3.74,73,C
3.26,79,C
3.79,77,C
2.45,75,A
2.43,70,A
1.52,80,B
3.51,74,C
2.78,76,A
2.14,72,A
2.02,79,A
1.44,82,B
3.17,74,C
3.46,75,C
3.05,79,C
2.03,77,A
2.12,75,A
2.97,77,A
1.37,86,B
1.18,82,B
3.88,77,C
2.36,71,A
2.82,79,A
1.87,89,B
1.13,87,B
3.33,76,C
3.43,73,C
3.04,75,C
2.6,79,A
3.54,76,C
3.21,71,C
3.46,75,C
1.11,82,B
1.0,83,B
1.28,88,B
3.35,78,C
3.64,76,C
3.82,72,C
3.32,73,C
2.91,75,A
1.59,88,B
3.29,74,C
3.14,79,C
2.84,72,A
1.83,89,B
1.05,90,B
1.53,80,B
3.69,76,C
3.75,74,C
3.2,75,C
3.9,73,C
2.35,72,A
2.31,76,A
2.38,73,A
1.38,82,B
1.79,82,B
3.51,79,C
2.59,73,A
2.75,79,A
2.15,80,A
3.96,73,C
3.43,80,C
2.95,74,A
1.28,87,B
3.58,71,C
3.61,79,C
2.6,71,A
2.42,77,A
2.02,73,A
2.38,70,A
1.91,90,B
3.76,75,C
2.2,77,A
2.72,80,A
2.63,78,A
1.16,84,B
3.69,71,C
3.89,72,C
3.03,73,C
3.42,70,C
3.8,80,C
3.04,77,C
2.9,76,A
1.88,83,B
3.25,79,C
3.19,72,C
2.9,72,A
2.94,79,A
1.12,80,B
1.72,88,B
3.88,73,C
3.03,78,C
2.24,73,A
2.56,80,A
1.13,87,B
1.73,81,B
3.64,74,C
1.96,83,B
3.34,74,C
3.6,80,C
3.75,73,C
2.3,78,A
2.98,75,A
1.62,90,B
2.6,80,A
1.55,80,B
1.79,85,B
3.85,72,C
3.46,80,C
3.94,72,C
2.07,75,A
1.77,83,B
1.31,80,B
1.83,80,B
1.15,90,B
3.52,80,C
3.2,78,C
3.73,76,C
3.53,73,C
2.36,77,A
2.98,79,A
2.1,74,A
1.33,85,B
3.4,76,C
3.79,75,C
2.62,78,A
1.98,88,B
1.69,83,B
3.2,77,C
2.17,73,A
2.39,78,A
2.6,74,A
3.43,74,C
2.48,78,A
1.31,84,B
3.77,75,C
3.74,71,C
2.76,74,A
2.85,73,A
2.52,70,A
1.14,82,B
1.86,88,B
2.86,72,A
2.18,73,A
1.41,88,B
3.7,78,C
2.79,72,A
2.29,72,A
2.03,79,A
1.05,80,B
2.0,87,B
1.24,84,B
3.85,78,C
3.12,77,C
2.71,73,A
2.18,71,A
2.5,72,A
1.26,80,B
1.51,83,B
3.72,74,C
2.08,79,A
1.94,84,B
1.82,82,B
1.62,87,B
1.05,81,B
2.34,79,A
2.25,71,A
2.78,76,A
1.29,83,B
1.31,83,B
3.35,79,C
3.05,80,C
3.9,75,C
1.13,88,B
1.53,83,B
1.5,86,B
3.08,78,C
3.7,71,C
3.13,75,C
3.92,75,C
1.08,82,B
1.4,89,B
3.47,79,C
3.8,73,C
2.93,76,A
2.7,78,A
2.21,76,A
1.01,82,B
1.99,80,B
3.88,70,C
3.17,71,C
3.44,77,C
1.6,88,B
1.62,88,B
3.6,72,C
2.67,76,A
1.32,85,B
3.54,70,C
3.31,71,C
3.42,76,C
2.75,73,A
3.7,78,C
3.71,76,C
3.06,74,C
3.03,78,C
2.46,74,A
1.85,88,B
1.55,87,B
2.58,77,A
2.39,72,A
3.88,74,C
3.56,72,C
3.24,78,C
3.2,78,C
3.16,70,C
3.93,74,C
2.96,77,A
2.24,78,A
2.86,79,A
1.44,80,B
3.58,79,C
3.73,80,C
3.0,74,C
2.43,76,A
2.18,80,A
2.53,79,A
2.32,77,A
1.95,82,B
3.56,77,C
1.07,90,B
3.98,80,C
2.88,70,A
1.32,82,B
1.64,89,B
1.65,84,B
3.04,77,C
3.45,74,C
3.18,80,C
2.04,74,A
1.78,82,B
1.34,80,B
1.36,86,B
1.62,84,B
3.9,74,C
2.36,76,A
2.03,70,A
1.86,88,B
1.44,86,B
3.07,70,C
3.63,76,C
3.86,71,C
2.23,73,A
1.54,86,B
3.38,75,C
2.83,80,A
1.1,83,B
3.9,72,C
3.19,73,C
2.34,78,A
1.51,86,B
1.88,80,B
1.59,87,B
3.45,76,C
3.38,80,C
3.32,70,C
2.0,79,A
2.08,79,A
2.38,78,A
1.72,81,B
3.91,72,C
3.81,78,C
3.5,71,C
3.46,80,C
3.6,77,C
3.45,71,C
3.49,79,C
2.94,79,A
2.6,77,A
1.06,81,B
1.88,89,B
3.96,73,C
3.27,73,C
3.22,77,C
3.56,72,C
3.95,78,C
3.68,71,C
2.91,75,A
2.05,71,A
2.79,78,A
1.15,81,B
1.8,86,B
2.62,80,A
2.99,70,A
1.87,84,B
3.63,80,C
3.47,79,C
3.64,77,C
2.58,71,A
1.99,86,B
1.86,82,B
3.29,72,C
3.37,70,C
3.39,72,C
2.61,74,A
3.0,73,A
1.7,80,B
1.87,87,B
3.05,73,C
3.38,76,C
2.5,73,A
1.74,80,B
3.25,75,C
3.02,79,C
3.3,76,C
3.87,73,C
2.31,73,A
2.35,73,A
1.52,85,B
1.37,87,B
1.17,84,B
1.69,83,B
1.21,90,B
1.45,88,B
1.75,85,B
3.01,80,C
2.04,73,A
1.36,82,B
3.57,74,C
3.45,77,C
2.37,72,A
1.27,86,B
1.65,89,B
3.85,74,C
3.65,73,C
3.03,77,C
2.86,74,A
2.72,71,A
2.07,80,A
1.56,86,B
1.83,83,B
1.07,83,B
3.45,78,C
3.7,78,C
3.63,77,C
3.15,70,C
2.93,73,A
3.22,72,C
3.6,73,C
2.21,70,A
2.49,72,A
2.58,78,A
1.64,83,B
1.93,87,B
1.38,89,B
3.02,70,C
3.19,71,C
1.13,80,B
1.5,83,B
3.96,74,C
3.91,70,C
2.41,73,A
1.06,82,B
3.69,80,C
3.45,80,C
3.89,70,C
2.21,75,A
1.65,84,B
3.34,79,C
3.15,71,C
1.99,84,B
3.45,80,C
3.51,80,C
1.21,88,B
1.53,88,B
3.49,71,C
3.88,72,C
3.21,80,C
3.38,72,C
3.65,74,C
3.24,74,C
2.46,72,A
1.22,82,B
1.52,88,B
1.81,82,B
3.04,72,C
1.52,84,B
1.63,90,B
1.86,84,B
3.4,78,C
2.86,75,A
2.3,71,A
3.44,71,C
2.53,80,A
2.65,75,A
2.26,80,A
2.51,79,A
2.84,80,A
1.72,88,B
3.61,71,C
3.28,77,C
3.57,77,C
3.4,78,C
1.49,85,B
3.44,70,C
3.58,80,C
3.09,80,C
3.72,75,C
3.47,73,C
2.89,72,A
1.52,85,B
1.67,89,B
1.06,90,B
3.75,77,C
3.36,76,C
3.88,73,C
1.52,81,B
3.47,79,C
2.16,75,A
1.86,80,B
1.55,85,B
1.09,90,B
1.01,85,B
2.7,73,A
2.88,71,A
2.08,70,A
2.78,73,A
1.85,83,B
1.97,85,B
3.65,73,C
3.56,74,C
2.42,73,A
3.24,74,C
3.76,77,C
3.71,78,C
2.41,70,A
2.25,78,A
2.24,70,A
2.69,72,A
1.43,88,B
1.35,81,B
3.47,74,C
2.3,77,A
2.78,77,A
2.77,77,A
1.67,81,B
1.08,88,B
1.08,82,B
1.63,90,B
3.95,74,C
3.93,76,C
3.89,75,C
2.87,75,A
1.68,83,B
3.74,74,C
3.32,70,C
3.87,72,C
2.89,70,A
2.36,70,A
2.53,76,A
2.93,77,A
1.22,86,B
3.41,80,C
3.2,72,C
2.28,78,A
2.06,72,A
1.43,85,B
1.89,83,B
3.44,74,C
1.21,86,B
1.01,81,B
3.66,73,C
3.99,70,C
3.92,75,C
3.42,74,C
3.79,77,C
2.36,71,A
2.71,70,A
1.53,80,B
1.87,83,B
1.07,84,B
1.58,80,B
3.01,76,C
3.36,75,C
2.52,78,A
2.51,74,A
2.32,73,A
2.64,73,A
2.84,75,A
1.75,85,B
1.95,87,B
1.53,83,B
1.81,83,B
1.68,85,B
1.5,80,B
1.06,84,B
1.08,81,B
1.75,82,B
2.09,70,A
3.65,74,C
2.84,75,A
1.16,83,B
1.62,85,B
3.96,75,C
2.2,73,A
2.55,76,A
3.4,73,C
3.73,71,C
3.12,72,C
3.28,73,C
3.35,70,C
2.63,74,A
1.16,80,B
1.33,80,B
3.03,72,C
3.46,78,C
3.62,79,C
1.68,86,B
3.43,70,C
3.37,77,C
3.91,80,C
3.25,80,C
1.27,87,B
1.09,81,B
1.86,90,B
3.08,70,C
3.1,78,C
2.33,74,A
1.26,83,B
1.93,83,B
3.66,71,C
3.77,74,C
2.9,75,A
2.14,75,A
1.71,83,B
1.35,82,B
3.18,73,C
3.16,79,C
3.68,77,C
1.17,81,B
1.31,85,B
1.57,85,B
3.54,78,C
3.43,79,C
3.64,77,C
1.28,82,B
1.99,88,B
3.66,72,C
3.36,79,C
3.33,73,C
3.05,70,C
2.08,80,A
2.5,77,A
3.34,71,C
3.38,72,C
1.36,84,B
3.88,72,C
2.5,79,A
2.25,72,A
3.76,77,C
3.62,76,C
1.24,90,B
1.25,88,B
3.93,72,C
3.3,73,C
3.51,75,C
3.13,77,C
3.03,76,C
2.77,78,A
1.49,89,B
1.89,81,B
1.78,85,B
3.06,73,C
3.37,80,C
2.76,71,A
2.16,79,A
2.69,76,A
1.39,81,B
1.87,89,B
3.35,77,C
3.96,71,C
3.59,78,C
3.58,72,C
3.25,71,C
3.04,73,C
2.68,80,A
1.08,87,B
3.51,77,C
1.86,82,B
3.77,77,C
2.44,74,A
2.78,73,A
3.17,74,C
3.3,71,C
3.86,77,C
2.51,77,A
1.53,87,B
3.46,70,C
3.58,78,C
1.73,89,B
3.06,79,C
3.2,80,C
2.1,70,A
2.99,73,A
2.0,85,B
1.61,84,B
3.37,72,C
3.34,77,C
3.77,73,C
3.26,79,C
1.08,85,B
3.06,70,C
3.17,79,C
2.67,75,A
3.24,80,C
2.94,80,A
1.08,90,B
1.99,82,B
1.76,89,B
3.18,73,C
3.7,71,C
3.98,72,C
3.86,73,C
3.14,71,C
2.99,80,A
1.37,87,B
3.22,77,C
3.33,78,C
3.38,74,C
2.32,76,A
1.53,83,B
3.37,72,C
3.94,80,C
2.65,77,A
1.14,83,B
3.79,74,C
3.13,75,C
2.52,71,A
2.81,79,A
1.57,90,B
1.55,88,B
1.08,89,B
3.38,76,C
3.16,76,C
2.3,77,A
2.07,77,A
1.6,86,B
3.47,77,C
3.89,71,C
3.37,76,C
2.5,72,A
2.78,78,A
2.57,79,A
1.72,85,B
1.88,89,B
3.18,71,C
3.6,75,C
2.12,73,A
1.99,80,B
3.31,76,C
3.82,79,C
3.28,74,C
3.63,80,C
3.03,75,C
2.63,71,A
3.74,73,C
2.58,72,A
1.51,84,B
1.21,84,B
3.94,78,C
3.72,80,C
3.89,77,C
3.03,78,C
2.08,77,A
2.1,71,A
1.42,80,B
3.62,79,C
3.84,80,C
3.86,79,C
3.66,79,C
2.22,74,A
3.1,71,C
2.19,75,A
2.66,75,A
1.45,83,B
3.59,76,C
3.12,71,C
3.01,71,C
3.52,73,C
2.09,73,A
2.24,76,A
1.83,83,B
1.12,81,B
1.79,87,B
1.85,86,B
3.91,76,C
3.28,76,C
3.59,70,C
2.78,76,A
2.9,74,A
1.31,86,B
2.0,80,B
3.23,70,C
2.6,71,A
2.91,79,A
3.19,78,C
3.6,78,C
3.02,72,C
1.05,89,B
1.55,90,B
1.45,88,B
1.43,89,B
3.04,75,C
3.44,74,C
3.46,79,C
2.21,80,A
3.48,71,C
2.44,74,A
2.47,80,A
1.44,84,B
3.76,78,C
3.26,73,C
2.51,71,A
2.31,74,A
1.74,86,B
3.87,74,C
3.23,77,C
3.92,71,C
2.81,80,A
2.14,80,A
3.93,76,C
3.28,70,C
3.39,74,C
3.31,70,C
3.06,76,C
2.31,77,A
1.6,88,B
3.78,74,C
3.18,71,C
3.45,70,C
2.58,74,A
2.84,72,A
1.61,83,B
1.61,82,B
3.13,75,C
3.25,76,C
2.23,75,A
1.9,87,B
1.33,88,B
3.99,80,C
3.24,71,C
3.56,78,C
2.87,70,A
2.39,71,A
2.87,80,A
1.98,88,B
3.46,73,C
3.29,74,C
3.56,79,C
2.63,70,A
2.25,75,A
1.38,81,B
1.75,88,B
3.1,72,C
2.84,76,A
2.08,78,A
2.04,73,A
1.26,83,B
2.83,74,A
2.24,80,A
1.53,81,B
3.61,72,C
3.29,76,C
2.49,76,A
1.94,80,B
1.68,85,B
1.43,80,B
3.31,70,C
2.43,74,A
1.61,82,B
1.59,88,B
1.72,82,B
1.86,81,B
1.07,83,B
1.87,83,B
2.49,77,A
1.24,82,B
2.35,71,A
2.65,76,A
1.91,86,B
1.47,88,B
2.94,80,A
1.07,84,B
3.93,77,C
3.22,79,C
3.75,78,C
2.59,72,A
2.17,74,A
2.87,75,A
3.82,78,C
3.08,78,C
3.2,72,C
3.29,70,C
3.21,71,C
2.63,80,A
1.73,83,B
1.19,82,B
1.56,81,B
3.43,70,C
3.77,73,C
2.85,76,A
1.89,89,B
1.08,80,B
3.9,72,C
3.61,76,C
3.95,75,C
3.97,70,C
3.34,73,C
2.19,71,A
2.06,75,A
1.27,81,B
1.45,85,B
3.86,72,C
3.06,80,C
2.09,78,A
1.53,82,B
1.82,83,B
3.53,80,C
3.29,80,C
3.09,71,C
2.93,71,A
2.92,76,A
2.28,74,A
2.05,78,A
1.16,87,B
1.36,81,B
1.24,86,B
1.59,88,B
3.6,70,C
3.64,71,C
1.98,85,B
1.64,83,B
3.53,78,C
3.85,72,C
3.05,70,C
3.46,78,C
1.02,85,B
1.32,90,B
1.47,83,B
3.58,78,C
3.29,73,C
2.34,75,A
3.74,70,C
3.96,77,C
2.56,79,A
1.67,89,B
1.42,87,B
1.03,83,B
3.4,71,C
3.57,77,C
3.26,72,C
1.93,80,B
1.15,85,B
3.89,76,C
3.93,77,C
2.56,70,A
2.83,72,A
1.83,88,B
1.31,90,B
1.22,85,B
1.87,84,B
3.97,73,C
3.62,71,C
3.68,76,C
3.11,78,C
2.57,78,A
2.22,80,A
2.0,73,A
1.69,86,B
1.04,89,B
1.51,83,B
3.3,71,C
3.15,73,C
3.83,70,C
2.68,73,A
1.52,82,B
1.5,89,B
3.99,79,C
3.43,77,C
3.26,70,C
2.43,78,A
2.94,76,A
1.5,85,B
3.12,70,C
3.11,71,C
3.04,71,C
3.29,73,C
3.3,70,C
2.27,71,A
1.2,80,B
1.55,81,B
1.73,86,B
3.24,70,C
3.69,75,C
3.52,70,C
2.5,73,A
3.61,73,C
2.16,77,A
1.15,90,B
3.73,74,C
2.54,74,A
2.51,71,A
1.86,89,B
3.76,73,C
3.81,72,C
2.98,70,A
2.6,74,A
3.62,74,C
3.47,74,C
2.5,70,A
1.56,87,B
3.37,76,C
2.94,76,A
2.6,73,A
1.4,82,B
1.27,80,B
1.44,90,B
1.39,89,B
3.3,78,C
3.95,79,C
2.42,76,A
2.06,78,A
1.51,87,B
1.43,89,B
1.88,84,B
1.25,86,B
3.02,76,C
3.41,73,C
3.44,79,C
3.45,77,C
3.75,75,C
2.33,78,A
2.5,77,A
2.24,79,A
1.93,83,B
1.87,84,B
3.66,74,C
2.88,80,A
2.51,71,A
1.32,80,B
3.07,77,C
3.87,72,C
2.24,78,A
1.7,83,B
3.89,73,C
1.26,88,B
1.65,83,B
1.98,80,B
3.5,73,C
3.96,80,C
3.78,72,C
3.18,76,C
2.39,79,A
3.76,74,C
3.7,78,C
3.39,79,C
2.28,72,A
1.46,80,B
1.62,81,B
1.16,85,B
3.5,71,C
2.2,73,A
2.99,77,A
2.99,73,A
1.38,86,B
1.42,85,B
1.61,85,B
3.33,80,C
3.04,70,C
1.0,85,B
3.94,73,C
3.04,80,C
2.96,80,A
2.6,79,A
2.91,72,A
3.02,73,C
3.85,74,C
3.29,72,C
3.68,70,C
2.81,80,A
2.03,71,A
2.83,74,A
1.15,80,B
3.58,70,C
3.28,75,C
3.79,77,C
3.49,77,C
2.18,75,A
3.39,71,C
3.58,78,C
2.17,74,A
1.34,88,B
1.89,86,B
2.49,80,A
2.74,78,A
2.7,80,A
1.09,84,B
1.61,89,B
1.8,90,B
1.75,85,B
3.39,72,C
3.36,79,C
2.38,74,A
3.22,74,C
3.27,73,C
3.74,75,C
3.28,78,C
2.87,71,A
1.73,81,B
1.31,87,B
3.41,80,C
1.27,89,B
1.26,88,B
1.88,81,B
2.73,77,A
2.96,71,A
2.56,77,A
3.77,71,C
3.59,70,C
3.79,72,C
2.04,79,A
1.84,90,B
3.43,78,C
3.67,73,C
1.47,81,B
2.28,77,A
3.07,80,C
3.28,80,C
2.7,78,A
3.54,72,C
2.56,71,A
2.7,71,A
2.04,80,A
1.25,81,B
1.16,87,B
1.51,83,B
3.71,76,C
3.71,77,C
2.82,80,A
2.68,71,A
1.68,88,B
1.58,87,B
3.47,73,C
3.05,78,C
3.3,70,C
2.04,78,A
1.56,80,B
3.63,75,C
1.79,90,B
3.05,74,C
1.87,80,B
3.65,70,C
3.53,72,C
3.91,73,C
2.96,80,A
3.4,72,C
3.78,74,C
2.32,78,A
3.87,74,C
3.81,74,C
2.91,75,A
1.05,88,B
3.41,72,C
3.92,71,C
1.72,81,B
1.78,84,B
1.51,85,B
3.24,71,C
3.86,71,C
2.3,76,A
1.14,83,B
1.22,84,B
3.56,74,C
3.38,79,C
3.9,74,C
3.43,75,C
3.95,76,C
3.1,77,C
2.18,71,A
2.45,73,A
1.09,88,B
3.21,72,C
3.34,71,C
1.94,82,B
1.85,82,B
3.65,74,C
3.92,80,C
1.72,86,B
3.61,77,C
3.98,80,C
3.8,72,C
3.52,76,C
3.11,73,C
2.55,72,A
2.32,73,A
1.96,85,B
1.46,89,B
3.79,76,C
3.61,74,C
1.29,84,B
1.48,85,B
3.7,71,C
2.69,78,A
2.0,89,B
1.64,88,B
1.41,88,B
3.02,78,C
3.93,77,C
3.75,75,C
2.18,70,A
1.07,90,B
1.66,83,B
3.29,73,C
1.25,81,B
3.54,75,C
3.63,77,C
3.74,78,C
1.86,90,B
1.57,90,B
1.24,87,B
3.01,73,C
2.34,79,A
1.14,83,B
1.79,87,B
1.67,84,B
1.47,82,B
3.48,74,C
2.66,74,A
2.26,80,A
1.81,81,B
1.98,80,B
3.12,74,C
3.31,76,C
3.02,74,C
3.72,75,C
2.3,79,A
3.73,77,C
3.13,80,C
2.52,78,A
2.35,76,A
2.58,72,A
1.42,88,B
3.68,72,C
3.1,75,C
1.26,86,B
1.46,83,B
2.57,73,A
2.6,78,A
1.2,89,B
1.54,84,B
1.17,86,B
3.5,78,C
3.74,74,C
3.02,78,C
3.96,78,C
3.66,75,C
2.68,77,A
2.25,76,A
1.91,90,B
3.78,77,C
3.21,76,C
3.24,75,C
3.41,77,C
2.9,79,A
2.17,72,A
1.31,80,B
3.08,73,C
2.31,80,A
2.14,80,A
2.6,76,A
2.01,77,A
1.02,81,B
1.62,88,B
1.05,80,B
3.94,73,C
3.43,76,C
3.77,74,C
1.87,90,B
3.15,77,C
3.19,77,C
2.72,77,A
2.34,73,A
1.79,88,B
1.52,80,B
1.09,89,B
3.34,76,C
3.45,73,C
2.55,70,A
2.11,78,A
2.26,75,A
3.68,80,C
3.33,76,C
2.93,80,A
1.64,89,B
3.95,75,C
3.19,72,C
2.85,74,A
2.48,80,A
1.87,85,B
3.37,74,C
3.88,76,C
3.0,79,A
1.04,80,B
1.47,88,B
3.93,71,C
3.85,79,C
2.88,79,A
2.75,73,A
1.87,81,B
3.98,74,C
3.44,70,C
3.89,77,C
3.35,79,C
2.28,70,A
1.06,89,B
1.84,83,B
1.15,80,B
3.25,75,C
2.11,78,A
2.21,77,A
2.18,77,A
1.74,88,B
1.49,81,B
1.92,89,B
3.64,80,C
3.21,79,C
2.55,77,A
1.99,89,B
1.43,90,B
1.67,83,B
3.43,73,C
2.68,75,A
2.46,72,A
1.71,81,B
3.98,78,C
2.07,72,A
2.72,76,A
3.99,70,C
3.6,74,C
2.01,74,A
2.33,79,A
1.18,86,B
3.77,70,C
2.77,77,A
2.32,79,A
2.59,76,A
2.73,78,A
3.21,79,C
3.93,70,C
2.37,72,A
1.71,88,B
1.92,82,B
1.74,80,B
3.75,74,C
3.49,75,C
2.0,75,A
1.43,86,B
1.48,80,B
1.2,89,B
3.98,77,C
3.81,74,C
3.67,80,C
2.21,79,A
1.11,81,B
1.09,88,B
1.5,80,B
3.6,71,C
3.93,70,C
3.33,70,C
3.82,72,C
3.75,80,C
1.57,80,B
1.92,85,B
3.07,79,C
3.31,78,C
3.48,70,C
3.38,75,C
3.5,70,C
2.85,72,A
2.1,72,A
1.06,84,B
3.79,74,C
3.84,79,C
3.94,79,C
3.89,73,C
2.68,76,A
3.84,75,C
3.96,77,C
3.8,70,C
2.39,77,A
2.69,73,A
1.59,82,B
3.88,70,C
3.96,73,C
3.28,71,C
3.35,76,C
3.21,75,C
2.62,77,A
2.21,75,A
1.85,82,B
3.4,76,C
2.8,80,A
3.34,79,C
3.9,74,C
3.57,71,C
3.14,80,C
2.29,72,A
1.06,88,B
3.16,76,C
3.33,74,C
3.18,75,C
2.88,78,A
2.53,71,A
1.31,90,B
1.47,80,B
1.3,85,B
3.03,78,C
3.46,75,C
2.51,79,A
2.74,74,A
3.16,75,C
1.93,86,B
1.48,88,B
3.75,80,C
3.82,80,C
3.63,78,C
3.06,70,C
3.45,79,C
3.08,73,C
3.58,70,C
3.39,71,C
2.47,74,A
1.61,82,B
3.53,79,C
3.07,74,C
2.16,70,A
1.38,80,B
3.07,70,C
3.44,76,C
3.06,80,C
3.11,71,C
2.62,79,A
2.99,70,A
2.78,80,A
1.91,84,B
1.81,81,B
1.33,82,B
3.71,75,C
2.05,77,A
2.29,71,A
2.61,75,A
3.37,72,C
3.54,70,C
2.91,74,A
1.25,82,B
1.25,88,B
3.15,76,C
3.94,77,C
3.79,76,C
3.35,80,C
3.62,80,C
2.3,70,A
2.47,78,A
2.47,75,A
1.54,83,B
3.94,75,C
1.15,86,B
2.23,76,A
3.98,78,C
1.36,88,B
3.98,74,C
2.04,77,A
1.22,85,B
1.1,90,B
3.39,72,C
3.16,73,C
3.74,72,C
3.56,77,C
3.53,74,C
3.02,72,C
3.26,71,C
3.57,77,C
3.57,78,C
2.67,78,A
2.51,77,A
3.26,75,C
2.37,76,A
1.26,81,B
1.36,89,B
3.55,80,C
3.41,77,C
3.9,73,C
1.41,90,B
1.06,81,B
1.36,86,B
3.49,80,C
2.2,77,A
2.07,71,A
1.91,87,B
3.12,75,C
2.98,71,A
1.44,88,B
3.92,70,C
3.02,74,C
3.33,77,C
2.27,73,A
2.79,70,A
1.98,90,B
3.08,70,C
3.93,77,C
3.04,80,C
2.49,79,A
3.96,76,C
3.21,76,C
2.61,71,A
1.2,82,B
1.72,89,B
1.04,89,B
3.07,80,C
3.16,75,C
3.73,75,C
2.7,79,A
3.32,74,C
3.08,76,C
2.52,78,A
1.18,86,B
3.88,80,C
3.98,75,C
1.89,87,B
3.93,70,C
3.07,78,C
2.07,79,A
2.03,72,A
1.9,80,B
4.0,77,C
3.11,78,C
3.14,71,C
2.72,78,A
1.47,83,B
2.9,77,A
2.54,76,A
2.19,71,A
3.69,78,C
1.49,82,B
1.86,86,B
1.81,90,B
3.39,77,C
3.51,70,C
3.29,77,C
2.26,77,A
1.87,81,B
1.79,90,B
1.17,85,B
1.21,88,B
3.58,80,C
3.21,80,C
1.3,83,B
3.13,70,C
3.23,70,C
3.76,79,C
3.65,76,C
2.9,72,A
2.87,70,A
2.72,73,A
2.38,77,A
1.06,85,B
2.48,70,A
1.85,84,B
1.62,84,B
1.58,88,B
3.72,73,C
2.69,73,A
2.8,71,A
1.65,81,B
3.27,73,C
3.77,75,C
3.61,79,C
3.49,70,C
1.76,86,B
3.91,78,C
3.33,79,C
3.43,76,C
3.64,73,C
3.35,78,C
2.6,76,A
2.64,70,A
2.15,74,A
3.19,75,C
3.17,79,C
2.41,80,A
1.46,82,B
1.85,84,B
3.96,71,C
3.73,75,C
2.92,77,A
2.23,75,A
2.6,72,A
3.06,80,C
3.5,73,C
2.62,78,A
2.59,76,A
1.44,88,B
1.49,82,B
3.91,71,C
3.14,73,C
3.45,71,C
2.18,72,A
2.58,80,A
1.28,80,B
3.07,70,C
2.24,75,A
1.26,88,B
1.21,89,B
3.19,72,C
3.5,78,C
3.7,78,C
3.92,72,C
1.06,80,B
1.93,83,B
3.13,73,C
3.51,78,C
3.41,70,C
2.5,79,A
1.54,86,B
3.01,72,C
3.53,80,C
3.24,70,C
3.75,75,C
3.38,80,C
2.89,77,A
2.26,74,A
2.49,73,A
1.02,81,B
1.92,88,B
3.05,74,C
3.78,73,C
1.04,88,B
1.65,84,B
3.57,77,C
3.76,77,C
3.12,80,C
3.9,78,C
3.18,70,C
3.44,80,C
3.85,79,C
3.72,77,C
2.11,77,A
1.41,90,B
3.05,75,C
3.07,76,C
3.63,72,C
1.71,90,B
3.33,79,C
2.65,78,A
2.92,75,A
1.14,86,B
1.84,85,B
3.18,79,C
3.74,80,C
3.29,79,C
3.72,73,C
3.08,76,C
1.33,83,B
1.19,86,B
1.68,80,B
1.06,82,B
3.86,80,C
3.28,74,C
3.13,75,C
3.53,78,C
2.47,77,A
1.26,86,B
1.46,81,B
1.56,81,B
3.09,73,C
3.26,73,C
3.75,75,C
2.31,77,A
1.87,80,B
3.25,80,C
3.76,71,C
2.09,75,A
2.89,71,A
1.07,83,B
3.65,80,C
3.25,70,C
3.28,76,C
2.36,77,A
2.66,73,A
2.33,73,A
1.96,90,B
3.95,76,C
3.86,72,C
3.21,75,C
3.26,80,C
3.9,71,C
2.65,70,A
2.04,73,A
1.28,86,B
4.0,73,C
2.58,78,A
1.02,81,B
1.04,80,B
1.44,82,B
3.85,71,C
2.29,74,A
2.21,72,A
1.44,84,B
1.65,84,B
1.32,85,B
1.53,85,B
3.51,70,C
2.73,70,A
2.78,79,A
1.1,80,B
3.93,78,C
3.26,70,C
2.01,74,A
2.83,71,A
2.77,77,A
2.56,71,A
1.38,83,B
3.58,76,C
2.57,79,A
2.16,70,A
2.04,80,A
2.08,77,A
1.85,88,B
3.92,78,C
2.97,75,A
3.39,79,C
2.7,72,A
1.12,90,B
1.66,81,B
3.12,70,C
3.44,73,C
2.32,78,A
2.44,73,A
3.85,73,C
3.87,75,C
3.9,72,C
3.73,74,C
2.05,77,A
2.13,75,A
2.97,72,A
1.11,86,B
3.67,76,C
2.32,79,A
2.27,74,A
1.73,81,B
1.71,89,B
3.39,77,C
3.81,78,C
2.41,70,A
2.12,70,A
3.96,72,C
3.38,74,C
3.46,76,C
2.74,70,A
1.86,83,B
3.66,75,C
3.94,74,C
2.28,80,A
2.53,73,A
2.46,74,A
2.46,70,A
3.27,72,C
3.7,72,C
2.06,70,A
2.36,72,A
2.82,71,A
2.92,78,A
1.45,86,B
1.35,87,B
1.39,83,B
3.05,79,C
2.84,80,A
3.04,76,C
3.29,71,C
2.22,76,A
1.14,85,B
3.25,78,C
4.0,76,C
2.3,77,A
2.23,79,A
1.23,89,B
3.03,80,C
3.67,71,C
3.95,72,C
1.93,86,B
1.52,88,B
3.15,72,C
3.75,70,C
3.89,75,C
1.47,83,B
1.96,86,B
3.08,80,C
3.33,74,C
3.07,71,C
3.85,76,C
3.44,75,C
3.91,74,C
2.75,75,A
1.6,86,B
1.95,89,B
1.6,89,B
1.58,86,B
1.18,87,B
3.75,74,C
3.13,78,C
3.22,75,C
3.05,79,C
3.01,74,C
3.85,75,C
2.14,70,A
2.96,73,A
2.08,71,A
1.7,88,B
3.19,73,C
3.58,72,C
3.22,75,C
2.98,79,A
3.57,71,C
2.83,76,A
2.29,70,A
2.6,73,A
2.32,75,A
3.16,76,C
3.45,70,C
1.17,90,B
1.99,88,B
3.6,79,C
2.92,73,A
1.24,90,B
1.49,88,B
1.37,81,B
3.56,72,C
3.27,73,C
3.73,74,C
3.9,80,C
2.87,70,A
2.36,74,A
1.64,85,B
1.92,88,B
1.58,80,B
3.39,80,C
3.13,74,C
3.77,72,C
2.89,77,A
2.92,73,A
1.33,82,B
3.16,74,C
3.36,73,C
3.91,78,C
3.95,75,C
1.54,81,B
1.59,81,B
1.83,84,B
3.14,75,C
3.83,78,C
3.1,70,C
2.01,71,A
3.66,74,C
3.7,79,C
3.81,75,C
3.83,74,C
2.31,72,A
2.78,80,A
1.44,84,B
1.72,81,B
3.56,73,C
2.28,73,A
2.45,72,A
3.82,76,C
2.41,74,A
1.54,87,B
1.53,82,B
1.77,83,B
1.42,82,B
1.01,87,B
3.68,74,C
3.79,72,C
1.21,88,B
1.55,86,B
1.02,83,B
1.81,89,B
3.69,71,C
3.19,77,C
3.64,79,C
3.83,72,C
2.27,79,A
3.41,80,C
2.15,74,A
2.02,72,A
1.45,84,B
1.14,88,B
1.56,87,B
1.17,88,B
3.79,76,C
1.6,85,B
1.47,82,B
1.93,90,B
1.36,90,B
1.96,84,B
3.47,79,C
3.67,74,C
3.67,77,C
3.32,71,C
2.31,72,A
3.31,76,C
3.43,73,C
3.29,76,C
3.46,73,C
1.45,80,B
3.62,72,C
3.82,78,C
3.98,70,C
3.61,80,C
3.46,79,C
1.91,82,B
1.93,90,B
1.2,85,B
3.5,78,C
3.52,80,C
3.47,74,C
3.37,78,C
3.52,74,C
2.71,74,A
2.04,78,A
3.23,73,C
3.0,79,C
2.16,70,A
2.32,73,A
2.58,80,A
1.73,85,B
1.98,86,B
3.64,77,C
3.78,73,C
2.56,80,A
2.34,79,A
1.97,87,B
1.74,88,B
1.02,89,B
1.67,86,B
3.24,77,C
3.81,80,C
2.74,76,A
1.49,82,B
1.18,89,B
2.6,72,A
2.28,73,A
1.26,80,B
1.1,81,B
3.98,73,C
3.39,73,C
3.39,80,C
3.17,78,C
3.64,73,C
2.45,79,A
2.79,78,A
2.04,78,A
2.83,75,A
3.44,72,C
3.96,71,C
3.62,75,C
2.04,78,A
3.08,80,C
3.15,77,C
2.83,76,A
1.45,83,B
3.58,80,C
3.6,74,C
3.85,75,C
3.67,79,C
2.82,78,A
2.36,71,A
2.87,80,A
2.08,70,A
1.81,82,B
3.31,74,C
2.62,74,A
1.48,88,B
3.91,74,C
3.73,71,C
3.01,76,C
3.23,71,C
3.66,79,C
1.2,88,B
1.59,82,B
1.77,82,B
2.11,70,A
3.61,80,C
3.04,74,C
2.66,79,A
2.56,72,A
1.02,82,B
1.44,87,B
1.01,90,B
1.27,85,B
3.76,78,C
2.89,74,A
2.26,74,A
1.22,82,B
3.69,70,C
3.71,74,C
2.35,75,A
2.15,72,A
1.38,89,B
1.42,89,B
2.54,78,A
2.62,75,A
2.89,70,A
3.16,75,C
2.18,72,A
1.94,88,B
3.04,77,C
3.84,75,C
3.56,72,C
3.96,76,C
2.95,70,A
1.54,85,B
3.24,78,C
2.05,77,A
2.94,80,A
1.36,88,B
3.84,72,C
3.09,77,C
3.22,70,C
3.07,73,C
2.94,80,A
1.91,87,B
1.64,89,B
1.95,85,B
1.44,88,B
2.56,76,A
2.06,78,A
2.92,73,A
2.97,74,A
1.18,81,B
1.5,88,B
1.79,81,B
3.43,78,C
3.13,79,C
2.09,70,A
1.25,80,B
3.66,70,C
3.62,80,C
3.2,79,C
2.13,76,A
2.83,71,A
3.59,76,C
3.05,77,C
2.3,71,A
2.77,77,A
3.05,73,C
3.05,78,C
2.47,77,A
2.25,73,A
1.92,80,B
3.78,73,C
2.85,75,A
1.48,89,B
1.27,82,B
3.16,79,C
3.97,72,C
3.21,79,C
3.95,70,C
3.91,71,C
2.83,76,A
1.03,84,B
3.84,76,C
3.33,77,C
3.73,73,C
3.63,76,C
3.36,72,C
3.3,80,C
2.14,70,A
2.78,71,A
1.2,86,B
3.39,79,C
3.11,70,C
1.13,82,B
3.65,77,C
3.16,76,C
3.98,80,C
2.09,80,A
1.0,81,B
1.13,86,B
1.65,88,B
2.56,77,A
2.73,79,A
1.07,84,B
1.52,86,B
3.14,77,C
2.86,73,A
1.26,85,B
1.13,83,B
1.49,81,B
3.33,78,C
3.09,80,C
3.6,78,C
3.99,76,C
2.16,74,A
2.02,73,A
1.88,86,B
1.17,86,B
1.37,86,B
3.64,80,C
3.44,73,C
3.09,78,C
2.42,76,A
2.21,80,A
2.62,77,A
1.55,80,B
1.62,85,B
3.37,79,C
1.08,82,B
1.28,88,B
3.25,77,C
3.5,79,C
1.42,80,B
3.32,79,C
2.74,76,A
2.92,74,A
1.94,84,B
1.9,84,B
1.89,84,B
1.82,90,B
3.26,75,C
3.12,70,C
2.46,79,A
2.79,78,A
2.3,73,A
3.19,80,C
3.59,76,C
3.94,72,C
2.68,80,A
2.99,71,A
1.47,81,B
1.19,90,B
1.47,84,B
1.56,81,B
3.45,75,C
2.57,75,A
2.15,76,A
1.33,90,B
2.4,78,A
2.68,76,A
2.38,75,A
1.36,85,B
3.37,75,C
3.06,79,C
3.93,79,C
3.24,76,C
3.94,70,C
3.65,70,C
2.75,75,A
1.2,84,B
1.47,83,B
1.37,86,B
3.65,71,C
2.15,76,A
2.41,71,A
2.48,72,A
2.05,73,A
2.86,80,A
3.92,80,C
3.87,77,C
2.15,73,A
2.3,73,A
1.85,80,B
1.05,81,B
1.14,82,B
3.74,70,C
3.93,76,C
2.54,78,A
2.93,74,A
2.27,73,A
2.08,72,A
1.88,90,B
3.53,77,C
2.1,80,A
2.54,72,A
2.78,71,A
1.93,85,B
1.6,82,B
1.57,86,B
1.37,86,B
3.61,80,C
3.52,71,C
4.0,74,C
3.1,72,C
3.44,71,C
3.1,77,C
3.58,75,C
3.13,70,C
3.52,80,C
2.18,77,A
2.1,79,A
1.29,89,B
3.71,79,C
3.56,70,C
3.31,77,C
2.93,70,A
1.87,87,B
1.08,87,B
1.83,89,B
3.83,70,C
3.76,72,C
3.01,80,C
2.67,73,A
2.58,71,A
2.69,74,A
1.61,83,B
1.2,86,B
3.44,71,C
3.7,72,C
3.35,72,C
2.23,75,A
1.29,80,B
1.74,87,B
3.03,80,C
3.51,76,C
2.83,74,A
3.36,71,C
3.6,74,C
1.2,80,B
3.79,72,C
3.29,72,C
3.01,79,C
3.28,71,C
3.11,72,C
3.16,73,C
1.52,86,B
1.03,86,B
1.96,83,B
3.76,73,C
3.14,74,C
3.26,75,C
3.02,74,C
1.0,90,B
1.64,90,B
3.76,77,C
3.42,71,C
3.34,77,C
1.41,83,B
1.96,89,B
3.87,70,C
3.91,72,C
2.65,77,A
2.39,78,A
2.7,80,A
2.51,80,A
1.99,84,B
1.78,83,B
3.47,74,C
2.8,75,A
1.1,86,B
3.53,80,C
1.5,80,B
3.82,74,C
3.08,75,C
3.67,80,C
2.03,79,A
2.96,77,A
2.41,77,A
1.93,89,B
1.41,87,B
1.7,85,B
3.09,78,C
3.8,74,C
3.0,78,C
2.67,80,A
1.24,83,B
3.12,77,C
3.04,71,C
3.1,78,C
2.58,73,A
2.37,79,A
3.27,71,C
2.38,74,A
2.13,77,A
2.02,71,A
1.26,82,B
1.41,81,B
3.92,78,C
3.01,79,C
2.97,75,A
1.58,87,B
3.22,70,C
2.94,76,A
2.69,80,A
1.73,86,B
1.6,87,B
3.38,78,C
2.57,80,A
1.24,83,B
1.24,89,B
2.0,85,B
1.05,89,B
3.42,80,C
3.46,74,C
1.47,88,B
1.99,82,B
1.35,89,B
1.78,80,B
3.56,71,C
3.56,76,C
3.25,79,C
3.55,71,C
2.97,74,A
2.39,78,A
2.59,71,A
2.42,72,A
1.7,85,B
3.54,79,C
3.24,78,C
3.08,76,C
2.71,70,A
2.64,79,A
2.39,77,A
1.83,86,B
3.94,74,C
3.34,71,C
3.28,72,C
3.55,74,C
3.88,80,C
2.02,77,A
1.66,87,B
3.28,79,C
3.01,76,C
3.53,79,C
3.12,75,C
2.87,75,A
2.74,76,A
1.31,83,B
3.69,76,C
3.62,74,C
3.52,77,C
3.72,74,C
3.83,76,C
2.72,75,A
2.48,78,A
1.56,86,B
3.11,80,C
3.5,77,C
2.56,71,A
2.23,76,A
2.55,76,A
2.54,79,A
2.96,73,A
2.98,70,A
2.14,78,A
2.56,78,A
2.29,77,A
1.97,83,B
1.24,86,B
3.18,79,C
1.45,80,B
3.98,78,C
3.23,74,C
3.55,71,C
3.33,71,C
3.1,70,C
1.6,88,B
3.28,78,C
3.62,78,C
3.92,77,C
3.43,72,C
2.14,74,A
3.91,71,C
3.33,74,C
3.74,75,C
3.43,76,C
2.4,71,A
2.29,75,A
1.71,81,B
1.68,85,B
3.16,80,C
3.72,75,C
2.53,74,A
1.15,88,B
1.75,80,B
1.24,90,B
1.75,89,B
1.85,89,B
1.83,82,B
3.12,72,C
3.85,70,C
3.84,78,C
2.34,75,A
2.84,72,A
1.02,89,B
2.44,80,A
2.48,76,A
2.89,70,A
1.32,84,B
1.19,85,B
3.32,78,C
3.98,74,C
3.05,79,C
3.63,78,C
3.38,75,C
2.18,79,A
2.97,71,A
1.45,80,B
3.14,80,C
3.2,74,C
2.04,75,A
2.09,71,A
1.31,87,B
3.5,74,C
2.59,70,A
2.24,76,A
1.85,90,B
3.0,79,C
3.57,70,C
2.53,78,A
2.25,77,A
1.63,82,B
3.12,73,C
3.55,77,C
3.06,71,C
3.88,74,C
3.09,78,C
2.81,75,A
2.1,73,A
1.35,81,B
2.44,74,A
2.45,73,A
1.96,83,B
1.64,89,B
3.8,70,C
3.9,80,C
3.38,80,C
3.45,74,C
1.28,88,B
3.13,73,C
3.28,75,C
3.93,78,C
3.79,76,C
2.83,79,A
2.31,80,A
2.27,70,A
1.34,86,B
3.75,73,C
3.04,80,C
2.72,72,A
2.07,74,A
1.46,90,B
1.21,81,B
3.5,72,C
3.94,78,C
3.33,79,C
1.76,89,B
1.57,84,B
3.96,77,C
3.52,70,C
3.68,71,C
1.62,90,B
3.86,70,C
2.62,72,A
2.24,79,A
1.57,88,B
3.23,71,C
2.26,74,A
1.44,81,B
1.24,84,B
1.35,82,B
1.44,88,B
3.81,70,C
3.84,73,C
3.42,73,C
2.32,76,A
2.36,77,A
1.18,86,B
1.76,83,B
3.96,70,C
3.72,78,C
1.54,83,B
3.77,75,C
3.53,74,C
2.46,73,A
1.1,85,B
3.53,78,C
1.61,80,B
1.33,81,B
2.76,75,A
2.95,71,A
1.25,80,B
3.29,72,C
3.64,73,C
3.6,73,C
3.17,79,C
2.02,79,A
2.18,78,A
2.21,76,A
2.54,75,A
1.83,84,B
1.57,83,B
1.37,86,B
2.96,70,A
1.23,88,B
1.15,90,B
1.25,82,B
3.56,70,C
2.22,71,A
2.58,71,A
1.97,88,B
1.94,80,B
3.22,78,C
3.97,72,C
3.05,74,C
3.87,70,C
2.98,72,A
2.78,70,A
1.16,90,B
1.37,87,B
3.67,78,C
3.75,71,C
3.11,77,C
3.51,72,C
3.39,79,C
3.41,75,C
3.85,80,C
3.93,78,C
1.04,79,D
1.93,77,D
1.74,73,D
1.96,80,D
1.1,71,D
1.28,77,D
1.5,76,D
1.75,80,D
1.98,77,D
1.21,71,D
1.16,71,D
1.19,79,D
1.86,71,D
1.64,74,D
1.93,80,D
1.94,78,D
1.87,71,D
1.8,75,D
1.99,70,D
1.94,75,D
1.63,72,D
1.7,76,D
1.66,72,D
1.63,80,D
1.53,72,D
1.04,75,D
1.16,73,D
1.36,75,D
1.89,80,D
1.52,76,D
1.97,73,D
1.41,74,D
1.74,79,D
1.19,71,D
1.61,78,D
1.27,79,D
1.75,71,D
1.62,79,D
1.71,72,D
1.43,71,D
1.02,77,D
1.62,70,D
1.97,78,D
1.17,74,D
1.59,73,D
1.73,79,D
1.55,78,D
1.17,74,D
1.93,80,D
1.44,70,D
1.24,72,D
1.98,76,D
1.7,70,D
1.45,78,D
1.9,75,D
1.07,73,D
1.38,70,D
1.94,71,D
1.86,78,D
1.4,75,D
1.14,76,D
1.19,76,D
1.18,78,D
1.38,73,D
1.13,70,D
1.1,74,D
1.25,79,D
1.79,70,D
1.67,72,D
1.75,74,D
1.13,70,D
1.97,80,D
1.07,77,D
1.3,70,D
1.5,79,D
1.06,78,D
1.41,70,D
1.69,71,D
1.95,79,D
1.4,75,D
1.61,73,D
1.84,79,D
1.74,70,D
1.53,79,D
1.22,75,D
1.77,73,D
1.11,77,D
1.73,80,D
1.2,76,D
1.34,73,D
1.64,79,D
1.3,71,D
1.67,77,D
1.13,76,D
1.54,72,D
1.25,74,D
1.97,76,D
1.62,80,D
1.95,72,D
1.66,73,D
1.1,75,D
1.43,72,D
1.15,72,D
1.03,78,D
1.06,76,D
1.24,72,D
1.37,74,D
1.57,75,D
1.95,70,D
1.96,78,D
1.49,70,D
1.78,77,D
1.89,79,D
1.42,70,D
1.76,79,D
1.68,80,D
1.83,70,D
1.41,70,D
1.3,72,D
1.6,74,D
1.55,79,D
1.5,74,D
1.85,74,D
1.32,72,D
1.22,70,D
1.45,77,D
1.28,76,D
1.87,78,D
1.39,76,D
1.07,77,D
1.25,79,D
1.36,73,D
1.99,76,D
1.15,72,D
2.0,70,D
1.03,71,D
1.44,78,D
1.67,72,D
1.36,75,D
1.95,73,D
1.94,78,D
1.3,79,D
1.34,73,D
1.0,77,D
1.46,79,D
1.51,78,D
1.13,80,D
1.54,70,D
1.71,78,D
1.38,70,D
1.05,74,D
1.97,77,D
1.47,71,D
1.43,73,D
1.01,72,D
1.05,70,D
1.13,76,D
1.93,78,D
1.55,72,D
1.86,77,D
1.14,75,D
1.53,70,D
1.71,80,D
1.35,75,D
1.59,70,D
1.27,70,D
1.25,76,D
1.32,74,D
1.95,80,D
1.17,80,D
1.71,73,D
1.39,75,D
1.58,76,D
1.95,77,D
1.69,78,D
1.08,72,D
1.32,80,D
1.94,78,D
1.26,73,D
1.05,74,D
1.86,73,D
1.7,79,D
1.59,74,D
1.69,72,D
1.71,72,D
1.16,78,D
1.63,70,D
1.66,79,D
1.41,70,D
1.69,75,D
1.4,75,D
1.95,79,D
1.35,74,D
1.57,77,D
1.56,78,D
1.85,75,D
1.4,74,D
1.36,74,D
1.36,74,D
1.12,71,D
1.35,71,D
1.53,71,D
1.53,80,D
1.05,73,D
1.02,75,D
1.71,71,D
1.54,77,D
1.99,72,D
1.18,80,D
1.27,80,D
1.75,73,D
1.54,70,D
1.59,72,D
1.82,79,D
1.75,72,D
1.93,70,D
1.61,76,D
1.33,74,D
1.6,73,D
1.45,79,D
1.73,72,D
1.15,73,D
1.09,70,D
1.11,77,D
1.44,75,D
1.63,76,D
1.42,74,D
1.62,71,D
1.42,78,D
1.96,70,D
1.94,76,D
1.8,77,D
1.76,76,D
1.62,72,D
1.58,70,D
1.63,80,D
1.28,73,D
1.9,76,D
1.37,77,D
1.81,80,D
1.9,78,D
1.81,79,D
1.76,71,D
1.59,79,D
1.36,73,D
1.83,79,D
1.21,77,D
1.94,73,D
1.83,70,D
1.13,76,D
1.23,76,D
1.52,71,D
1.16,74,D
1.66,72,D
1.49,80,D
1.15,70,D
1.63,80,D
1.6,76,D
1.81,74,D
1.61,73,D
1.4,73,D
1.18,70,D
1.66,72,D
1.73,72,D
1.21,76,D
1.55,80,D
1.67,74,D
1.32,76,D
1.34,78,D
1.26,71,D
1.46,79,D
1.27,72,D
1.36,77,D
1.5,73,D
1.85,75,D
1.58,72,D
1.15,71,D
1.68,77,D
1.81,80,D
1.05,75,D
1.55,78,D
1.09,80,D
1.28,70,D
1.37,75,D
1.3,73,D
1.4,77,D
2.0,80,D
1.03,75,D
1.19,74,D
1.96,72,D
1.4,79,D
1.35,71,D
1.2,71,D
1.34,78,D
1.7,73,D
1.16,71,D
1.49,77,D
1.37,74,D
1.53,78,D
1.47,74,D
1.77,73,D
1.19,80,D
1.09,71,D
1.35,78,D
1.3,74,D
1.7,71,D
1.78,74,D
1.46,78,D
1.45,78,D
1.72,72,D
1.51,76,D
1.98,75,D
1.68,74,D
1.73,77,D
1.13,70,D
1.45,71,D
1.08,80,D
1.74,70,D
1.32,73,D
1.62,76,D
1.16,77,D
1.6,73,D
1.41,73,D
1.44,80,D
1.5,77,D
1.91,80,D
1.07,73,D
1.38,79,D
1.66,70,D
1.84,72,D
1.07,70,D
1.76,72,D
1.39,75,D
1.44,71,D
1.88,71,D
1.01,71,D
1.95,80,D
1.22,77,D
1.38,76,D
1.18,78,D
1.79,73,D
1.38,72,D
1.48,80,D
1.83,74,D
1.6,70,D
1.01,74,D
1.04,79,D
1.28,70,D
1.32,71,D
1.54,71,D
1.45,71,D
1.01,72,D
1.06,72,D
1.3,79,D
1.76,74,D
1.65,73,D
1.61,72,D
1.36,71,D
1.72,80,D
1.42,70,D
1.16,78,D
1.86,75,D
1.07,79,D
1.57,71,D
1.5,79,D
1.37,75,D
1.84,75,D
1.02,80,D
1.72,73,D
1.74,70,D
1.7,77,D
1.84,75,D
1.22,77,D
1.71,77,D
1.38,80,D
1.85,75,D
1.5,74,D
1.62,73,D
1.78,75,D
1.12,74,D
1.4,73,D
1.42,74,D
1.17,71,D
1.8,71,D
1.39,73,D
1.71,77,D
1.35,75,D
1.58,80,D
1.5,73,D
1.42,74,D
1.01,75,D
1.4,78,D
1.59,78,D
1.34,80,D
1.36,80,D
1.77,70,D
1.75,71,D
1.87,75,D
1.96,79,D
1.51,78,D
1.47,70,D
1.89,76,D
1.22,75,D
1.29,77,D
1.68,77,D
1.67,73,D
1.08,70,D
1.33,71,D
1.2,79,D
1.57,80,D
1.94,79,D
1.23,74,D
1.95,70,D
1.28,70,D
1.1,80,D
1.64,77,D
1.87,76,D
1.49,78,D
1.52,70,D
1.6,73,D
1.46,70,D
1.99,72,D
1.0,79,D
1.24,71,D
1.93,73,D
1.03,74,D
1.12,71,D
1.44,70,D
1.58,76,D
1.62,79,D
1.83,80,D
1.93,72,D
1.61,75,D
1.32,70,D
1.75,78,D
1.85,70,D
1.57,74,D
1.61,73,D
1.5,76,D
1.12,74,D
1.23,79,D
1.9,78,D
1.44,71,D
1.6,77,D
1.58,71,D
1.72,71,D
1.24,73,D
1.58,76,D
1.97,75,D
1.14,80,D
1.35,80,D
1.6,70,D
1.13,72,D
1.13,71,D
1.07,71,D
1.97,72,D
1.74,74,D
1.01,73,D
1.82,80,D
1.1,77,D
1.93,74,D
1.18,73,D
1.37,74,D
1.68,72,D
1.7,76,D
1.94,73,D
1.95,71,D
1.9,77,D
1.18,70,D
1.34,80,D
1.39,75,D
1.79,80,D
1.83,76,D
1.18,80,D
1.31,70,D
1.26,77,D
1.05,74,D
1.21,73,D
1.22,79,D
1.08,79,D
1.41,73,D
1.22,73,D
1.77,80,D
1.31,74,D
1.92,70,D
1.23,76,D
1.63,75,D
1.57,77,D
1.97,77,D
1.42,72,D
2.0,79,D
1.93,77,D
1.11,78,D
1.43,71,D
1.4,79,D
1.52,76,D
1.42,74,D
1.28,76,D
1.44,71,D
1.34,74,D
1.05,80,D
1.32,73,D
1.19,74,D
1.47,78,D
1.7,77,D
1.82,74,D
1.43,74,D
1.73,75,D
1.89,76,D
1.69,71,D
1.1,80,D
1.07,73,D
1.51,80,D
1.34,80,D
1.46,75,D
1.86,71,D
1.55,71,D
1.38,73,D
1.12,72,D
1.44,74,D
1.13,79,D
1.47,79,D
1.5,79,D
1.83,73,D
1.92,76,D
1.4,72,D
1.74,72,D
1.7,71,D
1.15,74,D
1.08,75,D
1.67,76,D
1.89,74,D
1.29,74,D
1.34,72,D
1.09,71,D
1.72,70,D
1.71,70,D
1.62,77,D
1.63,72,D
1.51,79,D
1.1,76,D
1.26,70,D
1.25,70,D
1.39,78,D
1.06,75,D
1.46,72,D
1.71,77,D
1.95,71,D
1.99,77,D
1.02,74,D
1.03,79,D
1.43,70,D
1.47,71,D
1.72,74,D
1.77,72,D
1.19,71,D
1.73,72,D
1.42,75,D
1.42,74,D
1.72,78,D
1.2,73,D
1.24,79,D
1.26,72,D
1.94,75,D
1.13,74,D
1.9,75,D
1.67,79,D
1.25,77,D
1.88,74,D
1.42,76,D
1.91,76,D
1.44,77,D
1.16,71,D
1.46,79,D
1.75,79,D
1.47,71,D
1.62,75,D
1.86,79,D
1.76,76,D
1.04,78,D
1.81,74,D
1.59,71,D
1.81,71,D
1.59,79,D
1.66,76,D
1.88,76,D
1.03,73,D
1.8,72,D
1.01,78,D
1.44,72,D
1.99,80,D
1.59,79,D
1.49,70,D
1.1,73,D
1.16,77,D
1.98,77,D
1.46,80,D
1.66,75,D
1.59,75,D
1.13,71,D
1.15,75,D
1.77,70,D
1.0,74,D
1.77,73,D
1.35,79,D
1.15,77,D
1.16,72,D
1.54,78,D
1.42,73,D
1.27,77,D
1.93,72,D
1.77,77,D
1.71,70,D
1.38,73,D
1.12,70,D
1.98,80,D
1.0,78,D
1.14,71,D
1.3,79,D
1.45,77,D
1.51,76,D
1.74,78,D
1.7,74,D
1.9,70,D
1.61,73,D
1.82,79,D
1.9,80,D
1.61,70,D
1.82,80,D
1.57,79,D
1.6,75,D
1.9,80,D
1.46,77,D
1.64,73,D
1.32,74,D
1.4,80,D
1.55,76,D
1.95,72,D
1.51,78,D
1.95,75,D
2.0,76,D
1.53,77,D
1.31,74,D
1.07,75,D
1.75,79,D
1.46,79,D
1.91,78,D
1.82,76,D
1.22,74,D
1.03,73,D
1.28,77,D
1.83,78,D
1.11,74,D
1.96,73,D
1.85,73,D
1.91,74,D
1.88,74,D
1.23,75,D
1.53,73,D
1.18,71,D
1.82,77,D
1.69,79,D
1.92,72,D
1.41,73,D
1.71,71,D
1.22,70,D
1.37,80,D
1.41,79,D
1.9,70,D
1.05,73,D
1.23,80,D
1.61,72,D
1.46,72,D
1.82,70,D
1.16,72,D
1.75,80,D
1.99,78,D
1.53,77,D
1.47,77,D
1.1,80,D
1.29,78,D
1.65,79,D
1.11,75,D
1.89,72,D
1.65,75,D
1.66,72,D
1.27,79,D
1.88,77,D
1.19,79,D
1.62,71,D
1.87,70,D
1.14,72,D
1.54,77,D
1.13,76,D
1.52,77,D
1.45,78,D
1.85,79,D
1.63,78,D
1.44,70,D
1.64,80,D
1.07,73,D
1.64,74,D
1.11,70,D
1.11,80,D
1.15,71,D
1.23,76,D
2.0,72,D
1.53,73,D
1.67,73,D
1.48,77,D
1.64,77,D
1.97,80,D
1.96,71,D
1.45,80,D
1.67,76,D
1.24,79,D
1.13,76,D
1.5,71,D
1.18,80,D
1.28,74,D
1.68,80,D
1.33,73,D
1.79,76,D
1.35,78,D
1.9,71,D
1.19,71,D
1.85,78,D
1.4,72,D
1.56,71,D
1.69,71,D
1.87,76,D
1.55,74,D
1.1,70,D
1.82,72,D
1.55,78,D
1.48,76,D
1.92,80,D
2.0,70,D
1.15,77,D
1.73,70,D
1.64,80,D
1.14,78,D
1.89,74,D
1.64,75,D
1.53,79,D
1.03,74,D
1.52,79,D
1.16,77,D
1.33,78,D
1.27,76,D
1.34,70,D
1.99,74,D
1.92,73,D
1.51,75,D
1.29,70,D
1.61,77,D
1.61,78,D
1.46,70,D
1.35,79,D
1.68,77,D
1.63,78,D
1.33,80,D
1.77,71,D
1.87,79,D
1.09,74,D
1.08,75,D
1.21,74,D
1.32,80,D
1.63,72,D
1.76,79,D
1.21,74,D
1.46,74,D
1.37,76,D
1.91,72,D
1.02,80,D
1.9,74,D
1.84,75,D
1.59,79,D
1.35,73,D
1.13,77,D
1.28,77,D
1.22,74,D
1.27,78,D
1.62,77,D
1.38,80,D
1.23,72,D
1.03,79,D
1.67,74,D
1.03,78,D
1.85,80,D
1.65,75,D
1.45,79,D
1.36,78,D
1.06,70,D
1.41,79,D
1.89,72,D
1.04,79,D
1.37,75,D
1.55,75,D
1.65,78,D
1.96,75,D
1.24,76,D
1.64,74,D
1.91,79,D
1.45,70,D
1.92,80,D
1.74,80,D
1.86,72,D
1.23,74,D
1.22,72,D
1.86,72,D
1.21,80,D
1.61,77,D
1.77,72,D
1.6,79,D
1.27,73,D
1.44,74,D
1.28,79,D
1.8,80,D
1.93,76,D
1.96,79,D
1.9,79,D
1.01,76,D
1.23,75,D
1.87,71,D
1.55,72,D
1.49,77,D
1.43,74,D
1.03,74,D
1.06,80,D
1.06,74,D
1.1,75,D
1.97,76,D
1.81,79,D
1.06,73,D
1.25,70,D
1.41,74,D
1.12,80,D
1.15,77,D
1.63,71,D
1.04,70,D
1.66,76,D
1.57,77,D
1.73,72,D
1.54,72,D
1.39,72,D
1.92,79,D
1.02,71,D
1.64,80,D
1.68,80,D
1.2,74,D
1.69,72,D
1.18,72,D
1.21,79,D
1.84,72,D
1.86,73,D
1.82,71,D
1.88,73,D
1.4,73,D
1.43,70,D
1.74,77,D
1.75,70,D
1.54,74,D
1.04,74,D
1.57,75,D
1.28,70,D
1.83,74,D
1.54,78,D
1.94,71,D
1.45,70,D
1.93,76,D
1.86,70,D
1.62,77,D
1.04,78,D
1.84,71,D
1.08,76,D
1.21,75,D
1.93,70,D
1.27,73,D
1.67,80,D
1.9,77,D
1.2,76,D
1.52,74,D
1.08,73,D
1.0,79,D
1.85,79,D
1.03,72,D
1.89,77,D
1.45,77,D
1.9,79,D
1.91,76,D
1.88,70,D
1.91,71,D
1.41,70,D
1.53,77,D
1.49,76,D
1.57,79,D
1.22,70,D
1.76,80,D
1.52,76,D
1.91,75,D
1.12,78,D
1.39,79,D
1.85,75,D
1.48,74,D
1.31,74,D
1.55,79,D
1.22,78,D
1.66,78,D
1.86,70,D
1.85,75,D
1.57,75,D
1.62,80,D
1.87,72,D
1.55,77,D
1.11,72,D
1.57,74,D
1.16,80,D
1.7,78,D
1.75,74,D
1.06,72,D
1.31,71,D
1.09,76,D
1.47,78,D
1.58,78,D
1.42,72,D
1.83,72,D
1.82,74,D
1.73,72,D
1.15,77,D
1.76,77,D
1.23,74,D
1.3,70,D
1.46,80,D
1.75,78,D
1.52,80,D
1.68,76,D
1.21,80,D
1.9,76,D
1.08,73,D
1.43,80,D
1.48,73,D
1.19,74,D
1.91,80,D
1.22,77,D
1.79,77,D
1.58,75,D
1.35,80,D
1.31,73,D
1.18,76,D
1.63,80,D
1.02,74,D
1.34,77,D
1.58,78,D
1.28,77,D
1.28,77,D
1.16,76,D
1.91,72,D
1.28,70,D
1.64,75,D
1.34,80,D
1.42,71,D
1.63,70,D
1.45,75,D
1.23,72,D
1.95,77,D
1.12,79,D
1.19,76,D
1.46,74,D
1.7,73,D
1.05,73,D
1.63,72,D
1.56,75,D
1.81,70,D
1.47,80,D
1.66,73,D
1.55,75,D
1.15,71,D
1.68,76,D
1.94,71,D
1.06,72,D
1.98,74,D
1.66,75,D
1.38,73,D
1.97,80,D
1.37,75,D
1.49,75,D
1.26,71,D
1.03,71,D
1.66,74,D
1.84,75,D
1.51,71,D
1.35,72,D
1.35,72,D
1.77,76,D
1.68,72,D
1.76,70,D
1.69,80,D
1.22,73,D
1.88,78,D
1.43,71,D
1.77,75,D
1.32,77,D
1.97,77,D
1.15,70,D
1.59,77,D
1.02,72,D
1.14,70,D
1.4,76,D
1.88,77,D
1.72,70,D
1.82,70,D
1.93,74,D
1.38,73,D
1.76,76,D
1.67,80,D
1.88,75,D
1.89,70,D
1.21,78,D
1.52,73,D
1.66,72,D
1.56,72,D
1.12,73,D
1.7,78,D
1.66,80,D
1.36,73,D
1.08,76,D
1.92,70,D
2.0,74,D
1.64,80,D
1.6,79,D
1.93,73,D
1.65,78,D
1.1,79,D
1.21,79,D
1.09,79,D
1.54,70,D
1.27,70,D
1.65,74,D
1.62,78,D
1.23,71,D
1.44,71,D
1.38,80,D
1.23,75,D
1.0,75,D
1.09,80,D
1.41,79,D
1.73,79,D
1.39,75,D
1.49,80,D
1.3,74,D
1.66,72,D
1.63,75,D
1.54,71,D
1.21,73,D
1.06,76,D
1.91,73,D
1.6,71,D
1.42,75,D
1.99,71,D
1.43,78,D
1.27,72,D
1.93,76,D
1.27,80,D
1.46,71,D
1.84,76,D
1.25,77,D
1.19,72,D
1.28,74,D
1.76,70,D
1.22,77,D
1.94,80,D
1.82,71,D
1.89,74,D
1.97,78,D
1.26,77,D
1.27,75,D
1.69,74,D
1.15,70,D
1.5,80,D
1.85,72,D
1.34,71,D
1.16,72,D
1.96,73,D
1.42,80,D
1.62,78,D
1.0,70,D
1.8,77,D
1.87,70,D
1.32,76,D
1.79,74,D
1.99,71,D
1.9,74,D
1.43,78,D
1.98,75,D
1.87,74,D
1.73,78,D
1.55,74,D
1.13,72,D
1.45,76,D
1.88,70,D
1.59,71,D
1.17,79,D
1.01,80,D
1.54,79,D
1.8,76,D
1.98,70,D
1.08,78,D
1.03,80,D
1.19,79,D
1.02,70,D
2.0,70,D
1.01,78,D
1.82,74,D
1.31,74,D
1.07,76,D
1.97,77,D
1.21,77,D
1.48,76,D
1.5,76,D
1.79,70,D
1.18,75,D
1.47,78,D
1.16,71,D
1.02,78,D
1.3,78,D
1.2,75,D
1.1,76,D
1.24,76,D
1.96,74,D
1.66,73,D
1.62,74,D
1.49,71,D
1.44,77,D
1.18,73,D
1.35,79,D
1.05,79,D
1.16,73,D
1.35,79,D
1.32,73,D
1.56,80,D
1.21,74,D
1.95,75,D
1.82,70,D
1.52,72,D
1.96,77,D
1.36,78,D
1.49,71,D
1.99,70,D
1.47,78,D
1.36,73,D
1.54,77,D
1.06,78,D
1.79,70,D
1.92,78,D
1.93,74,D
1.55,72,D
1.57,73,D
1.76,71,D
1.49,78,D
1.77,70,D
1.55,78,D
1.89,77,D
1.68,76,D
1.97,77,D
1.39,71,D
1.41,77,D
1.92,71,D
1.07,72,D
1.6,75,D
1.25,71,D
1.79,75,D
1.22,74,D
1.17,71,D
1.5,79,D
1.64,70,D
1.45,76,D
1.74,70,D
1.43,79,D
1.75,71,D
1.88,78,D
1.46,75,D
1.64,80,D
1.01,80,D
1.59,72,D
1.95,78,D
1.27,72,D
1.07,74,D
1.61,70,D
1.1,79,D
1.28,72,D
1.63,79,D
1.04,76,D
1.58,71,D
1.94,70,D
1.23,76,D
1.52,76,D
1.04,80,D
1.49,71,D
1.59,70,D
1.79,70,D
1.44,73,D
1.6,80,D
1.02,75,D
1.94,79,D
1.21,77,D
1.0,80,D
1.45,72,D
1.87,72,D
1.62,74,D
1.49,80,D
1.83,74,D
1.65,70,D
1.18,70,D
1.79,79,D
1.08,75,D
1.47,75,D
1.22,71,D
1.34,73,D
1.1,78,D
1.09,73,D
1.37,79,D
1.85,79,D
1.15,73,D
1.97,80,D
1.55,74,D
1.75,78,D
1.34,72,D
1.34,78,D
1.14,72,D
1.24,76,D
1.76,73,D
1.83,72,D
1.51,79,D
1.24,77,D
1.95,79,D
1.97,75,D
1.18,71,D
1.68,79,D
1.89,72,D
1.14,78,D
1.27,74,D
1.49,71,D
1.96,79,D
1.81,79,D
1.08,70,D
1.42,72,D
1.37,78,D
1.88,78,D
1.79,80,D
1.61,77,D
1.5,71,D
1.88,80,D
1.79,78,D
1.77,80,D
1.53,80,D
1.89,70,D
1.4,74,D
1.01,80,D
1.3,72,D
1.73,75,D
1.93,74,D
1.26,75,D
1.41,70,D
1.72,72,D
1.55,70,D
1.26,71,D
1.04,72,D
1.95,75,D
1.97,77,D
1.25,74,D
1.59,80,D
1.81,75,D
1.66,72,D
1.23,74,D
1.31,70,D
1.68,74,D
1.54,77,D
1.09,80,D
1.3,78,D
1.71,73,D
1.71,71,D
1.17,78,D
1.6,76,D
1.26,74,D
1.8,72,D
1.78,79,D
1.03,75,D
1.29,70,D
1.37,79,D
1.84,72,D
1.1,78,D
1.81,70,D
1.41,74,D
1.68,77,D
1.36,73,D
1.27,77,D
1.12,75,D
1.09,73,D
1.29,80,D
1.3,75,D
1.37,75,D
1.59,71,D
1.78,71,D
1.86,77,D
1.4,79,D
1.08,70,D
1.46,70,D
1.03,72,D
1.63,75,D
1.49,78,D
1.71,72,D
1.92,72,D
1.47,73,D
1.17,70,D
1.11,74,D
1.02,70,D
1.06,76,D
1.77,79,D
1.41,79,D
1.17,75,D
1.06,73,D
1.79,77,D
1.19,77,D
1.16,71,D
1.7,79,D
1.45,79,D
1.19,70,D
1.17,70,D
1.16,74,D
1.78,79,D
1.6,75,D
1.26,73,D
1.22,73,D
1.39,78,D
1.69,72,D
1.46,75,D
1.52,72,D
1.74,77,D
1.05,72,D
1.49,76,D
1.8,72,D
1.11,75,D
1.5,78,D
1.41,74,D
1.44,70,D
1.23,73,D
1.27,79,D
1.78,72,D
1.34,74,D
1.33,72,D
1.93,74,D
1.26,75,D
1.56,75,D
1.63,75,D
1.03,78,D
1.35,77,D
1.47,79,D
1.65,70,D
1.64,74,D
1.8,71,D
1.72,73,D
1.57,72,D
1.86,77,D
1.42,71,D
1.56,71,D
1.56,70,D
1.3,70,D
1.21,72,D
1.57,72,D
1.63,70,D
1.53,80,D
1.78,76,D
1.89,79,D
1.86,79,D
1.81,75,D
1.58,78,D
1.95,73,D
1.95,71,D
1.81,77,D
1.37,70,D
1.35,74,D
1.57,78,D
1.17,74,D
1.58,70,D
1.34,73,D
1.91,76,D
1.61,80,D
1.46,73,D
1.31,71,D
1.81,78,D
1.66,73,D
1.6,77,D
1.04,71,D
1.61,75,D
1.38,74,D
1.26,76,D
1.67,75,D
1.19,80,D
1.99,75,D
1.82,76,D
1.22,79,D
1.52,77,D
1.6,75,D
1.57,73,D
1.29,72,D
1.18,73,D
1.92,73,D
1.63,77,D
1.79,72,D
1.8,77,D
1.63,80,D
1.32,76,D
1.61,80,D
1.13,72,D
1.34,72,D
1.32,73,D
1.53,74,D
1.78,79,D
1.34,76,D
1.92,74,D
1.01,79,D
1.42,78,D
1.15,73,D
1.12,76,D
1.66,80,D
1.86,79,D
1.68,75,D
1.07,78,D
1.66,76,D
1.41,79,D
1.2,75,D
1.22,73,D
1.78,74,D
1.17,72,D
1.82,74,D
1.95,78,D
1.18,80,D
1.97,72,D
1.46,78,D
1.84,71,D
1.85,76,D
1.66,80,D
1.16,80,D
1.61,75,D
1.88,76,D
1.31,80,D
1.9,73,D
1.23,70,D
1.56,74,D
1.06,73,D
1.51,79,D
1.16,72,D
1.11,78,D
1.29,72,D
1.9,75,D
1.41,72,D
1.8,77,D
1.35,71,D
1.82,76,D
1.54,77,D
1.77,76,D
1.28,72,D
1.31,78,D
1.98,76,D
1.9,77,D
1.38,79,D
1.83,80,D
1.47,79,D
1.92,72,D
1.73,70,D
1.67,76,D
1.87,80,D
1.34,74,D
1.3,78,D
1.4,71,D
1.2,75,D
1.7,72,D
1.69,76,D
1.42,71,D
1.83,75,D
1.53,74,D
1.12,73,D
1.32,70,D
1.67,74,D
1.78,70,D
1.53,73,D
1.79,74,D
1.7,73,D
1.94,80,D
1.03,71,D
1.08,75,D
1.42,77,D
1.99,77,D
1.08,70,D
1.39,73,D
1.01,80,D
1.56,76,D
1.69,73,D
1.71,75,D
1.86,78,D
1.39,76,D
1.56,71,D
1.3,76,D
1.66,75,D
1.55,80,D
1.96,74,D
1.58,73,D
1.28,77,D
1.86,78,D
1.57,70,D
1.21,73,D
1.82,77,D
1.53,76,D
1.59,77,D
1.01,76,D
1.74,75,D
1.0,77,D
1.36,80,D
1.04,79,D
1.74,76,D
1.75,72,D
1.07,77,D
1.78,70,D
1.95,80,D
1.25,76,D
1.14,80,D
1.19,76,D
1.06,79,D
1.7,75,D
1.44,71,D
1.95,79,D
1.98,78,D
1.29,70,D
1.9,72,D
1.7,71,D
1.04,72,D
1.37,71,D
1.58,71,D
1.84,75,D
1.93,73,D
1.38,72,D
1.38,78,D
1.77,72,D
1.52,79,D
1.67,72,D
1.51,79,D
1.39,80,D
1.07,72,D
1.86,72,D
1.45,73,D
1.78,74,D
1.46,71,D
1.89,80,D
1.16,77,D
1.15,76,D
1.07,80,D
1.08,73,D
1.44,76,D
1.69,77,D
1.52,71,D
1.77,79,D
1.26,76,D
1.04,80,D
1.07,73,D
1.44,76,D
1.75,72,D
1.91,75,D
1.32,73,D
1.59,78,D
1.79,77,D
1.98,70,D
1.4,70,D
1.78,80,D
1.77,75,D
1.14,72,D
1.68,75,D
1.25,76,D
1.37,75,D
1.42,72,D
1.71,80,D
1.56,77,D
1.74,74,D
1.2,74,D
1.56,79,D
1.57,77,D
1.32,77,D
1.13,70,D
1.22,74,D
1.71,80,D
1.33,70,D
1.76,74,D
1.84,76,D
1.89,76,D
1.24,76,D
1.68,77,D
1.8,77,D
1.16,72,D
1.55,78,D
1.06,78,D
1.55,77,D
1.16,70,D
1.61,75,D
1.05,80,D
1.22,77,D
1.59,74,D
1.8,74,D
1.9,73,D
1.5,76,D
1.4,79,D
1.5,73,D
1.23,80,D
1.92,70,D
1.84,71,D
1.14,77,D
1.17,76,D
1.93,77,D
1.53,71,D
1.32,76,D
1.87,79,D
1.72,76,D
1.78,76,D
1.14,71,D
1.17,71,D
1.42,80,D
1.56,80,D
1.48,79,D
1.22,80,D
1.61,77,D
1.94,74,D
1.94,74,D
1.07,73,D
1.25,73,D
1.72,79,D
1.99,79,D
1.56,80,D
1.0,76,D
1.99,80,D
1.48,77,D
1.31,71,D
1.72,77,D
1.03,79,D
1.79,71,D
1.91,76,D
1.16,76,D
1.66,78,D
1.66,79,D
1.17,79,D
1.28,80,D
1.17,76,D
1.04,78,D
1.23,71,D
1.41,78,D
1.72,75,D
1.72,75,D
1.17,78,D
1.21,72,D
1.61,80,D
1.02,77,D
1.92,78,D
1.46,70,D
1.33,77,D
1.05,71,D
1.28,76,D
1.79,80,D
1.03,73,D
1.22,76,D
1.9,72,D
1.63,71,D
1.18,70,D
1.46,79,D
1.53,75,D
1.44,76,D
1.12,71,D
1.73,76,D
1.06,70,D
1.63,80,D
1.37,78,D
1.32,80,D
1.14,79,D
1.95,71,D
1.34,75,D
1.6,80,D
1.41,75,D
1.77,76,D
1.21,70,D
1.01,75,D
1.88,72,D
1.46,77,D
1.71,77,D
2.0,79,D
1.95,80,D
1.97,72,D
1.68,75,D
1.15,74,D
1.33,78,D
1.6,71,D
1.32,74,D
1.93,76,D
1.24,76,D
1.47,73,D
1.7,80,D
1.18,75,D
1.45,78,D
1.98,77,D
1.15,74,D
1.14,76,D
1.78,76,D
1.89,76,D
1.5,80,D
1.05,73,D
1.18,76,D
1.39,71,D
1.51,73,D
1.15,76,D
1.63,79,D
1.32,72,D
1.99,71,D
1.52,74,D
1.83,71,D
1.29,70,D
1.36,79,D
1.92,75,D
1.42,72,D
1.88,79,D
1.74,71,D
1.27,75,D
1.82,72,D
1.34,79,D
1.08,72,D
1.49,74,D
1.83,80,D
1.72,72,D
1.83,79,D
1.68,78,D
1.37,75,D
1.6,71,D
1.72,77,D
1.36,79,D
1.58,73,D
1.68,80,D
1.14,73,D
1.59,78,D
1.65,72,D
1.79,73,D
1.78,76,D
1.14,72,D
1.42,73,D
1.75,77,D
1.78,75,D
1.99,70,D
1.67,74,D
1.4,78,D
1.76,75,D
1.98,75,D
1.82,74,D
1.42,75,D
1.97,73,D
1.06,73,D
1.39,76,D
1.66,75,D
1.04,74,D
1.54,80,D
1.6,74,D
1.82,76,D
1.5,80,D
1.02,75,D
1.48,71,D
1.28,78,D
1.56,79,D
1.8,80,D
1.82,80,D
1.85,77,D
1.12,71,D
1.0,73,D
1.04,72,D
1.52,77,D
1.82,79,D
1.49,75,D
1.53,75,D
1.25,74,D
1.08,79,D
1.18,80,D
1.09,75,D
1.44,75,D
1.62,77,D
1.04,72,D
1.37,73,D
1.67,71,D
1.21,74,D
1.62,78,D
1.35,79,D
1.63,75,D
1.1,75,D
1.34,70,D
1.1,75,D
1.19,80,D
1.2,70,D
1.9,76,D
1.92,72,D
1.28,70,D
1.58,79,D
1.81,77,D
1.31,72,D
1.6,77,D
1.58,71,D
1.22,74,D
1.31,71,D
1.46,78,D
1.14,78,D
1.62,77,D
1.1,78,D
1.54,70,D
1.15,72,D
1.42,73,D
1.19,76,D
1.65,75,D
1.71,70,D
1.0,72,D
1.28,79,D
1.42,75,D
1.68,79,D
1.73,78,D
1.6,78,D
1.28,72,D
1.39,76,D
1.26,79,D
1.36,75,D
1.84,74,D
1.94,72,D
1.89,70,D
1.03,78,D
1.41,80,D
1.18,74,D
1.91,79,D
1.21,72,D
1.67,74,D
1.74,77,D
1.87,76,D
1.46,72,D
1.96,78,D
1.85,80,D
1.34,74,D
1.31,76,D
1.82,78,D
1.78,77,D
1.1,76,D
1.82,72,D
1.91,76,D
1.36,80,D
1.77,70,D
1.38,75,D
1.54,71,D
1.07,77,D
1.62,76,D
1.1,77,D
1.82,80,D
1.45,78,D
1.72,75,D
1.32,78,D
1.23,75,D
1.03,76,D
1.09,77,D
1.33,71,D
1.28,77,D
1.65,75,D
1.87,75,D
1.2,74,D
1.49,79,D
1.74,79,D
1.94,74,D
1.3,76,D
1.04,73,D
1.59,70,D
1.36,79,D
1.89,75,D
1.77,80,D
1.9,71,D
1.03,78,D
1.06,77,D
1.64,74,D
1.8,70,D
1.9,80,D
1.46,78,D
1.5,76,D
1.66,73,D
2.0,79,D
1.03,80,D
1.03,73,D
1.6,71,D
1.3,76,D
1.67,79,D
1.36,78,D
1.36,79,D
1.23,73,D
1.3,73,D
1.43,78,D
1.59,75,D
1.14,75,D
1.29,78,D
1.37,76,D
1.83,78,D
1.96,75,D
1.84,76,D
1.92,78,D
1.74,79,D
1.81,77,D
1.58,78,D
1.45,77,D
1.22,78,D
1.62,76,D
1.68,72,D
1.14,72,D
1.61,79,D
1.29,78,D
1.82,75,D
1.33,76,D
1.27,75,D
1.34,77,D
1.31,77,D
1.15,80,D
1.46,77,D
1.99,74,D
1.98,71,D
1.56,73,D
1.25,72,D
1.21,70,D
1.02,73,D
1.02,71,D
1.54,80,D
1.55,79,D
1.36,72,D
1.33,70,D
1.06,80,D
1.97,72,D
1.02,76,D
1.83,72,D
1.76,77,D
1.24,79,D
1.71,78,D
1.82,79,D
1.13,71,D
1.41,78,D
1.07,70,D
1.72,71,D
1.79,77,D
1.21,74,D
1.37,80,D
1.01,73,D
1.33,71,D
1.17,72,D
1.98,75,D
1.22,79,D
1.03,73,D
1.66,73,D
1.69,71,D
1.1,76,D
1.1,74,D
1.22,70,D
1.58,71,D
1.98,76,D
1.02,76,D
1.51,75,D
1.93,71,D
1.58,72,D
1.57,80,D
1.02,70,D
1.88,78,D
1.33,74,D
1.86,75,D
1.43,74,D
1.02,70,D
1.4,78,D
1.52,76,D
1.77,74,D
1.85,77,D
1.52,78,D
1.95,79,D
1.62,72,D
1.18,75,D
1.25,70,D
1.02,78,D
1.97,70,D
1.75,76,D
1.32,77,D
1.07,76,D
1.85,74,D
1.35,76,D
1.78,75,D
